Accident_ID,Date,District,Location,Time,Vehicle_Type,Road_Type,Weather,Cause,Persons_Involved,Injured,Fatalities,Gender,Age,Helmet_Seatbelt,Police_Case,Damage_Cost (₹),Latitude,Longitude
TN-2023-00001,13-04-2023,Vellore,Location_51,20:45,Two Wheeler,NH,Clear,Reckless driving,4,2,0,Male,51,No,Yes,143949,12.16566306,79.94867273
TN-2023-00002,15-12-2023,Tiruppur,Location_16,18:52,Truck,NH,Clear,Weather,5,3,0,Male,39,Yes,No,249074,8.604651997,77.64840303
TN-2023-00003,28-09-2023,Tirunelveli,Location_88,20:16,Bus,NH,Fog,Weather,1,2,0,Male,61,Yes,Yes,234067,12.69743522,79.13033517
TN-2023-00004,17-04-2023,Chennai,Location_78,13:39,Truck,Urban Street,Fog,Drunk drive,4,2,1,Male,59,No,No,236319,8.93884893,80.05258691
TN-2023-00005,13-03-2023,Trichy,Location_3,20:52,Two Wheeler,NH,Clear,Drunk drive,5,2,0,Male,46,No,Yes,302004,8.377734901,76.76190887
TN-2023-00006,08-07-2023,Trichy,Location_98,08:39,Two Wheeler,Urban Street,Fog,Reckless driving,1,1,0,Female,64,Yes,Yes,338178,8.537642995,78.74365779
TN-2023-00007,21-01-2023,Salem,Location_97,12:48,Car,NH,Rain,Drunk drive,1,3,0,Male,22,Yes,Yes,318180,11.06556576,80.08446659
TN-2023-00008,13-04-2023,Tiruppur,Location_24,18:06,Car,Urban Street,Clear,Brake failure,1,2,0,Female,18,Yes,No,468753,9.605304473,76.87035892
TN-2023-00009,02-05-2023,Erode,Location_73,16:00,Two Wheeler,Urban Street,Clear,Drunk drive,2,0,0,Male,57,Yes,Yes,320821,13.28524878,80.44920676
TN-2023-00010,03-08-2023,Trichy,Location_13,04:56,Truck,Urban Street,Fog,Brake failure,1,0,0,Male,42,Yes,Yes,341547,12.68972126,77.64287588
TN-2023-00011,27-11-2023,Coimbatore,Location_2,05:25,Lorry,Rural Road,Fog,Reckless driving,3,1,0,Male,23,Yes,Yes,301545,12.41819261,76.97886615
TN-2023-00012,29-03-2023,Erode,Location_71,01:58,Bus,NH,Fog,Brake failure,3,2,0,Male,40,Yes,No,407738,12.45301156,79.77018753
TN-2023-00013,10-04-2023,Vellore,Location_21,15:53,Two Wheeler,Urban Street,Rain,Reckless driving,1,2,0,Male,50,Yes,Yes,48935,12.8987253,78.10559043
TN-2023-00014,26-12-2023,Vellore,Location_19,04:36,Bus,NH,Clear,Poor road,4,1,0,Male,31,Yes,Yes,150823,12.7586556,79.01805181
TN-2023-00015,01-06-2023,Tirunelveli,Location_89,11:34,Bus,Rural Road,Sunny,Drunk drive,3,3,0,Female,59,No,Yes,333946,13.1051416,78.20323246
TN-2023-00016,11-05-2023,Erode,Location_47,15:05,Two Wheeler,SH,Rain,Weather,5,2,0,Male,53,No,Yes,215574,13.13901478,78.89587509
TN-2023-00017,30-05-2023,Coimbatore,Location_22,14:14,Auto Rickshaw,NH,Rain,Over speed,5,2,0,Male,35,Yes,No,332816,9.640767291,76.15915967
TN-2023-00018,05-11-2023,Tirunelveli,Location_75,15:19,Two Wheeler,NH,Clear,Weather,4,0,0,Female,57,No,Yes,485313,9.207602934,77.57581102
TN-2023-00019,15-09-2023,Salem,Location_33,12:43,Two Wheeler,Rural Road,Sunny,Drunk drive,5,2,0,Male,61,No,No,210731,11.53703972,78.95790337
TN-2023-00020,10-12-2023,Erode,Location_32,09:45,Two Wheeler,Urban Street,Clear,Weather,4,1,1,Male,27,Yes,Yes,105245,8.678321682,77.57851262
TN-2023-00021,21-10-2023,Tiruppur,Location_64,01:28,Lorry,NH,Rain,Drunk drive,5,0,0,Female,62,Yes,Yes,306836,9.161298126,79.49089579
TN-2023-00022,11-07-2023,Vellore,Location_85,02:08,Car,SH,Fog,Drunk drive,1,1,0,Female,56,Yes,No,144432,12.2512617,80.32398029
TN-2023-00023,04-10-2023,Vellore,Location_39,10:10,Two Wheeler,Rural Road,Clear,Weather,5,1,0,Male,29,Yes,Yes,314867,11.57134485,76.16835152
TN-2023-00024,10-06-2023,Madurai,Location_84,21:41,Two Wheeler,Urban Street,Clear,Brake failure,1,2,0,Male,55,No,Yes,226645,11.57968575,79.8489317
TN-2023-00025,10-11-2023,Tirunelveli,Location_72,13:08,Two Wheeler,NH,Fog,Poor road,5,3,0,Male,40,Yes,Yes,288033,13.22851173,76.76078808
TN-2023-00026,22-01-2023,Chennai,Location_42,19:58,Two Wheeler,NH,Sunny,Poor road,5,2,1,Male,24,Yes,Yes,488191,11.67193454,80.12801692
TN-2023-00027,10-09-2023,Chennai,Location_9,20:09,Car,Rural Road,Sunny,Poor road,5,3,0,Male,62,Yes,Yes,426308,10.36943931,80.26056736
TN-2023-00028,24-08-2023,Tirunelveli,Location_25,21:28,Two Wheeler,Urban Street,Clear,Poor road,1,0,1,Male,63,Yes,Yes,79283,9.541828387,78.56130822
TN-2023-00029,11-12-2023,Tiruppur,Location_89,08:04,Two Wheeler,Urban Street,Fog,Over speed,5,1,1,Male,42,No,Yes,456157,9.862054602,78.15555455
TN-2023-00030,18-02-2023,Thoothukudi,Location_97,07:10,Auto Rickshaw,Rural Road,Clear,Reckless driving,5,1,1,Male,30,Yes,Yes,343717,9.527974162,79.41324953
TN-2023-00031,28-02-2023,Tirunelveli,Location_2,00:52,Car,NH,Fog,Drunk drive,2,2,0,Male,55,No,Yes,191956,8.192434358,80.1310968
TN-2023-00032,19-06-2023,Tiruppur,Location_19,09:00,Bus,NH,Rain,Over speed,1,3,0,Female,36,Yes,Yes,427111,9.438657123,77.04600732
TN-2023-00033,07-07-2023,Salem,Location_20,21:38,Two Wheeler,Urban Street,Fog,Poor road,3,1,0,Female,62,No,Yes,189228,12.59453537,77.72098649
TN-2023-00034,28-09-2023,Vellore,Location_93,13:04,Two Wheeler,Urban Street,Clear,Poor road,4,1,0,Male,39,No,Yes,161473,12.00525946,77.87891198
TN-2023-00035,09-07-2023,Coimbatore,Location_70,16:21,Car,SH,Cloudy,Weather,2,3,0,Male,58,No,Yes,375514,11.42011037,79.80619561
TN-2023-00036,24-06-2023,Thoothukudi,Location_17,20:05,Two Wheeler,SH,Sunny,Poor road,5,1,0,Male,28,Yes,Yes,293418,12.96212951,76.61612659
TN-2023-00037,20-02-2023,Erode,Location_89,15:10,Two Wheeler,SH,Clear,Drunk drive,3,1,1,Male,59,No,Yes,68609,9.452687731,78.80369882
TN-2023-00038,30-12-2023,Thoothukudi,Location_68,09:46,Auto Rickshaw,Urban Street,Fog,Poor road,3,1,0,Male,20,Yes,Yes,137603,11.17726442,77.57923587
TN-2023-00039,24-02-2023,Coimbatore,Location_94,06:54,Truck,Urban Street,Fog,Poor road,5,3,0,Male,36,Yes,No,123448,8.172295334,79.98481356
TN-2023-00040,01-09-2023,Madurai,Location_84,01:30,Two Wheeler,Urban Street,Sunny,Over speed,5,3,0,Male,44,Yes,No,371266,12.906036,77.52905895
TN-2023-00041,16-11-2023,Vellore,Location_3,11:50,Two Wheeler,NH,Clear,Drunk drive,2,0,0,Male,24,No,Yes,398459,10.4625532,80.40075828
TN-2023-00042,11-05-2023,Chennai,Location_87,11:15,Truck,Rural Road,Cloudy,Brake failure,1,1,0,Female,54,Yes,Yes,253028,8.978292865,76.07034449
TN-2023-00043,03-11-2023,Tiruppur,Location_51,05:02,Two Wheeler,Urban Street,Rain,Weather,2,1,0,Female,44,No,Yes,126990,9.316241397,77.0779913
TN-2023-00044,15-05-2023,Tirunelveli,Location_82,01:51,Car,NH,Cloudy,Brake failure,1,0,0,Male,64,Yes,Yes,349098,12.66531493,78.05794411
TN-2023-00045,21-01-2023,Tirunelveli,Location_26,04:10,Truck,Urban Street,Rain,Reckless driving,3,3,1,Male,51,Yes,Yes,79918,8.598433898,77.15346062
TN-2023-00046,25-11-2023,Chennai,Location_56,02:34,Truck,Rural Road,Rain,Over speed,4,3,0,Male,28,Yes,Yes,290957,13.08861509,79.3182708
TN-2023-00047,16-06-2023,Thoothukudi,Location_64,21:36,Car,Urban Street,Clear,Poor road,5,2,0,Male,55,Yes,Yes,272597,10.05404461,79.66548161
TN-2023-00048,01-10-2023,Vellore,Location_8,21:54,Two Wheeler,NH,Rain,Weather,2,3,0,Male,22,Yes,Yes,313288,9.380968957,79.13878598
TN-2023-00049,30-03-2023,Trichy,Location_81,10:31,Two Wheeler,Urban Street,Fog,Reckless driving,3,2,1,Male,24,Yes,Yes,354293,9.825222816,80.36679317
TN-2023-00050,12-11-2023,Tiruppur,Location_95,02:30,Auto Rickshaw,Urban Street,Rain,Reckless driving,2,0,1,Male,53,Yes,Yes,83676,10.24940771,78.05217101
TN-2023-00051,14-01-2023,Salem,Location_37,12:52,Auto Rickshaw,Urban Street,Rain,Drunk drive,1,3,0,Male,22,No,Yes,425250,11.01462221,80.40896408
TN-2023-00052,30-08-2023,Coimbatore,Location_97,07:19,Car,SH,Sunny,Weather,5,0,1,Male,22,Yes,Yes,46941,11.22744122,76.56074784
TN-2023-00053,22-09-2023,Thoothukudi,Location_27,09:33,Lorry,Urban Street,Sunny,Reckless driving,1,2,0,Female,44,Yes,Yes,121106,10.46300601,79.80675094
TN-2023-00054,12-12-2023,Erode,Location_45,03:17,Bus,NH,Clear,Over speed,1,1,1,Female,46,Yes,Yes,267152,10.45500149,76.1729858
TN-2023-00055,22-02-2023,Madurai,Location_4,18:03,Bus,NH,Clear,Poor road,1,1,0,Male,44,Yes,Yes,403217,9.569148822,78.39362455
TN-2023-00056,06-12-2023,Tirunelveli,Location_86,19:57,Lorry,NH,Fog,Over speed,3,0,0,Male,49,No,Yes,483389,10.11095368,78.18012226
TN-2023-00057,02-04-2023,Thoothukudi,Location_90,08:15,Bus,Urban Street,Sunny,Reckless driving,5,1,1,Male,42,No,Yes,336383,10.56926086,79.85334828
TN-2023-00058,21-09-2023,Madurai,Location_96,05:24,Car,Rural Road,Cloudy,Drunk drive,4,0,0,Female,59,Yes,Yes,479417,11.28673413,79.15329598
TN-2023-00059,04-02-2023,Coimbatore,Location_88,03:40,Two Wheeler,NH,Clear,Brake failure,2,2,1,Male,51,Yes,Yes,37880,8.718849335,77.98475434
TN-2023-00060,25-07-2023,Tirunelveli,Location_99,12:40,Bus,SH,Clear,Poor road,1,1,0,Male,32,Yes,Yes,161589,12.20185587,80.03052199
TN-2023-00061,22-03-2023,Tirunelveli,Location_37,05:52,Car,Rural Road,Sunny,Poor road,5,2,0,Male,58,Yes,Yes,268486,11.74314177,79.98641229
TN-2023-00062,19-02-2023,Trichy,Location_96,18:13,Two Wheeler,NH,Sunny,Over speed,2,3,0,Male,51,Yes,Yes,366904,9.643223174,76.11129325
TN-2023-00063,26-12-2023,Thoothukudi,Location_71,20:14,Lorry,Urban Street,Fog,Over speed,5,1,0,Male,52,Yes,Yes,169605,10.52639168,79.91958361
TN-2023-00064,02-01-2023,Vellore,Location_33,02:36,Bus,SH,Sunny,Over speed,2,1,1,Male,37,Yes,Yes,484462,13.2081094,78.3696341
TN-2023-00065,23-02-2023,Chennai,Location_31,20:49,Truck,NH,Rain,Reckless driving,5,1,0,Male,41,No,Yes,444775,8.112625602,79.77532375
TN-2023-00066,16-04-2023,Chennai,Location_55,13:15,Two Wheeler,SH,Cloudy,Poor road,4,0,0,Male,51,No,Yes,119078,12.46243379,76.81595618
TN-2023-00067,17-09-2023,Salem,Location_12,13:08,Car,Rural Road,Rain,Over speed,5,3,0,Male,51,Yes,Yes,94022,10.81448588,76.67992984
TN-2023-00068,06-11-2023,Erode,Location_11,14:06,Two Wheeler,NH,Rain,Weather,5,3,0,Male,63,Yes,Yes,114703,11.40346871,79.24991416
TN-2023-00069,10-07-2023,Madurai,Location_88,13:05,Auto Rickshaw,Urban Street,Rain,Reckless driving,1,3,0,Female,44,No,Yes,181639,11.76492908,77.23910963
TN-2023-00070,06-08-2023,Thoothukudi,Location_72,20:14,Two Wheeler,SH,Clear,Reckless driving,1,2,0,Male,38,Yes,Yes,398895,10.50811104,78.51478248
TN-2023-00071,13-02-2023,Tiruppur,Location_32,19:07,Bus,NH,Rain,Weather,1,3,0,Male,50,No,Yes,44867,9.05522781,79.09966992
TN-2023-00072,11-06-2023,Erode,Location_57,01:39,Lorry,Rural Road,Clear,Weather,5,0,0,Male,56,Yes,No,477754,13.00274811,78.74683379
TN-2023-00073,21-07-2023,Trichy,Location_38,00:31,Two Wheeler,Rural Road,Sunny,Reckless driving,4,0,1,Male,57,Yes,Yes,183052,12.07104916,79.14534463
TN-2023-00074,27-09-2023,Tirunelveli,Location_60,16:50,Truck,NH,Cloudy,Poor road,2,2,0,Female,61,Yes,Yes,326950,11.07774334,78.79160777
TN-2023-00075,17-12-2023,Vellore,Location_86,04:29,Auto Rickshaw,Rural Road,Cloudy,Over speed,1,2,0,Male,53,No,Yes,256782,10.46651014,77.70607614
TN-2023-00076,31-10-2023,Thoothukudi,Location_98,21:19,Two Wheeler,SH,Rain,Drunk drive,3,3,2,Male,42,No,Yes,373381,10.74632396,76.40722487
TN-2023-00077,28-09-2023,Erode,Location_19,15:06,Two Wheeler,SH,Cloudy,Over speed,5,3,0,Male,24,Yes,Yes,239412,12.52946014,79.84905317
TN-2023-00078,03-08-2023,Erode,Location_84,06:49,Two Wheeler,SH,Clear,Poor road,4,0,0,Male,27,Yes,No,302006,8.068768738,79.80703699
TN-2023-00079,09-09-2023,Vellore,Location_56,17:01,Two Wheeler,SH,Sunny,Weather,4,0,0,Male,27,Yes,Yes,274453,12.75934247,76.02555578
TN-2023-00080,09-07-2023,Salem,Location_14,14:13,Auto Rickshaw,Rural Road,Rain,Poor road,1,3,0,Male,55,Yes,Yes,215712,8.257135852,79.78389474
TN-2023-00081,23-10-2023,Madurai,Location_33,17:40,Truck,NH,Fog,Over speed,1,0,0,Female,41,No,Yes,407516,11.38752187,76.67944963
TN-2023-00082,01-08-2023,Madurai,Location_10,13:04,Two Wheeler,Rural Road,Cloudy,Poor road,3,2,0,Female,61,Yes,Yes,384310,9.832174149,77.49788171
TN-2023-00083,27-07-2023,Erode,Location_80,10:39,Car,Rural Road,Cloudy,Drunk drive,3,0,0,Male,27,No,Yes,400356,11.73029954,77.86006889
TN-2023-00084,25-08-2023,Coimbatore,Location_64,04:28,Car,NH,Rain,Poor road,1,3,0,Male,62,No,Yes,221493,8.470486038,79.05833882
TN-2023-00085,04-12-2023,Erode,Location_64,10:04,Two Wheeler,NH,Cloudy,Brake failure,2,2,0,Male,43,Yes,Yes,409908,11.059279,76.41586968
TN-2023-00086,22-02-2023,Erode,Location_62,16:53,Two Wheeler,Urban Street,Cloudy,Poor road,1,0,0,Female,47,No,Yes,242726,12.7037882,79.71990515
TN-2023-00087,07-10-2023,Vellore,Location_68,03:14,Two Wheeler,SH,Fog,Over speed,1,2,0,Male,44,Yes,No,272827,10.72050823,80.24236504
TN-2023-00088,05-08-2023,Tirunelveli,Location_91,18:21,Car,NH,Clear,Brake failure,4,3,0,Male,61,Yes,No,79622,8.46390631,80.28713141
TN-2023-00089,09-09-2023,Vellore,Location_92,01:55,Bus,Rural Road,Rain,Weather,1,0,0,Female,36,Yes,Yes,129675,8.205581336,76.41327101
TN-2023-00090,07-07-2023,Thoothukudi,Location_43,16:11,Bus,SH,Rain,Over speed,1,3,0,Male,18,No,Yes,189437,11.41660742,80.13721114
TN-2023-00091,10-02-2023,Erode,Location_80,16:09,Two Wheeler,SH,Fog,Reckless driving,1,1,0,Male,50,Yes,Yes,183152,8.382418169,78.55523004
TN-2023-00092,06-06-2023,Madurai,Location_59,17:50,Lorry,Rural Road,Fog,Drunk drive,2,3,0,Female,28,No,Yes,258485,8.392088797,79.27117853
TN-2023-00093,15-01-2023,Tiruppur,Location_52,17:44,Bus,NH,Clear,Poor road,4,1,0,Male,51,No,Yes,205860,10.33991728,80.18768518
TN-2023-00094,28-10-2023,Madurai,Location_97,13:55,Auto Rickshaw,SH,Sunny,Poor road,5,2,0,Male,55,Yes,Yes,467256,9.152295752,78.97447955
TN-2023-00095,06-03-2023,Chennai,Location_19,15:49,Two Wheeler,SH,Rain,Over speed,5,2,0,Male,33,Yes,Yes,405576,9.123077418,78.05532751
TN-2023-00096,11-12-2023,Salem,Location_21,17:15,Auto Rickshaw,SH,Cloudy,Poor road,5,1,0,Male,18,Yes,Yes,16871,10.64536918,78.36300325
TN-2023-00097,23-11-2023,Trichy,Location_22,16:06,Auto Rickshaw,SH,Clear,Poor road,5,2,0,Male,58,No,Yes,103560,9.5444095,79.08026566
TN-2023-00098,09-01-2023,Thoothukudi,Location_9,11:33,Two Wheeler,SH,Rain,Weather,4,2,0,Male,45,Yes,No,6859,9.205965718,80.25114506
TN-2023-00099,10-12-2023,Thoothukudi,Location_9,09:04,Two Wheeler,Rural Road,Clear,Poor road,1,3,0,Male,32,Yes,Yes,187270,10.82927969,80.00413914
TN-2023-00100,09-05-2023,Salem,Location_73,20:02,Truck,NH,Sunny,Poor road,5,1,1,Male,33,No,Yes,376155,9.599860566,78.59680265
TN-2023-00101,16-05-2023,Tiruppur,Location_27,18:44,Bus,NH,Rain,Weather,1,0,0,Male,63,Yes,Yes,24130,8.441212394,76.94954621
TN-2023-00102,04-03-2023,Trichy,Location_17,11:34,Auto Rickshaw,SH,Cloudy,Reckless driving,5,2,0,Female,49,Yes,Yes,12399,11.75506489,77.56028106
TN-2023-00103,19-05-2023,Tirunelveli,Location_44,05:13,Lorry,SH,Rain,Poor road,2,2,0,Female,56,Yes,Yes,237189,11.22084411,77.62813374
TN-2023-00104,22-03-2023,Erode,Location_45,03:44,Car,SH,Clear,Reckless driving,1,0,0,Female,18,No,No,242988,9.166644265,77.30128315
TN-2023-00105,12-06-2023,Trichy,Location_8,18:17,Two Wheeler,Rural Road,Sunny,Weather,4,3,0,Male,26,Yes,Yes,331733,11.2023552,79.36035513
TN-2023-00106,16-10-2023,Tiruppur,Location_80,02:51,Two Wheeler,Rural Road,Clear,Drunk drive,2,3,0,Male,46,Yes,Yes,468225,13.25574314,79.76194421
TN-2023-00107,18-09-2023,Coimbatore,Location_18,05:15,Truck,Urban Street,Clear,Poor road,2,3,0,Male,42,Yes,Yes,90683,13.26063203,77.43923902
TN-2023-00108,19-08-2023,Chennai,Location_33,19:23,Two Wheeler,SH,Fog,Over speed,4,0,0,Male,28,Yes,No,51327,10.92568326,79.80756694
TN-2023-00109,10-02-2023,Trichy,Location_1,02:43,Two Wheeler,Urban Street,Clear,Brake failure,2,3,0,Male,59,Yes,Yes,363774,8.539163438,79.30496834
TN-2023-00110,28-01-2023,Trichy,Location_76,18:18,Bus,Urban Street,Sunny,Drunk drive,1,2,0,Male,28,No,Yes,312021,10.52002041,77.98502416
TN-2023-00111,15-05-2023,Chennai,Location_6,03:32,Bus,Urban Street,Cloudy,Poor road,3,3,0,Male,23,Yes,No,45693,8.14840861,79.14398363
TN-2023-00112,20-07-2023,Erode,Location_41,01:12,Two Wheeler,NH,Fog,Over speed,3,2,0,Male,51,No,Yes,312711,10.28360704,79.4620224
TN-2023-00113,24-11-2023,Trichy,Location_55,12:29,Two Wheeler,Urban Street,Clear,Brake failure,5,0,0,Male,61,No,Yes,220681,13.00180359,78.52463997
TN-2023-00114,25-09-2023,Chennai,Location_5,01:29,Car,SH,Rain,Weather,5,3,0,Male,31,No,Yes,268188,10.5709403,77.99401025
TN-2023-00115,02-02-2023,Chennai,Location_59,18:53,Two Wheeler,Rural Road,Fog,Poor road,1,3,0,Female,25,Yes,No,140964,11.02768059,76.45771501
TN-2023-00116,17-02-2023,Chennai,Location_80,15:43,Lorry,SH,Sunny,Reckless driving,4,2,0,Male,42,No,Yes,325587,8.869200764,76.00616352
TN-2023-00117,03-03-2023,Vellore,Location_18,00:40,Two Wheeler,Rural Road,Rain,Reckless driving,1,0,2,Male,21,Yes,Yes,198873,8.086078587,80.2176309
TN-2023-00118,04-08-2023,Tiruppur,Location_49,16:09,Auto Rickshaw,NH,Sunny,Weather,5,3,0,Female,48,Yes,Yes,331053,13.46361194,77.20368151
TN-2023-00119,20-10-2023,Vellore,Location_82,17:18,Lorry,NH,Rain,Drunk drive,2,0,0,Male,38,Yes,Yes,177008,9.860415018,78.98342809
TN-2023-00120,09-04-2023,Coimbatore,Location_65,06:56,Bus,SH,Cloudy,Reckless driving,1,2,0,Male,62,Yes,Yes,422439,9.536424904,80.24512521
TN-2023-00121,21-06-2023,Tirunelveli,Location_83,18:23,Two Wheeler,NH,Sunny,Brake failure,1,2,0,Male,49,Yes,No,322096,11.14204909,79.68231075
TN-2023-00122,26-12-2023,Vellore,Location_54,14:40,Car,Rural Road,Rain,Reckless driving,4,3,0,Male,31,No,No,456349,12.09925193,76.55162262
TN-2023-00123,02-08-2023,Vellore,Location_61,09:22,Two Wheeler,NH,Sunny,Brake failure,5,0,0,Male,45,Yes,Yes,79211,9.382742889,79.60860603
TN-2023-00124,04-02-2023,Tiruppur,Location_8,19:51,Two Wheeler,Urban Street,Fog,Reckless driving,1,2,0,Male,42,Yes,Yes,462129,10.88268117,79.26876895
TN-2023-00125,15-08-2023,Tirunelveli,Location_3,03:37,Auto Rickshaw,Urban Street,Sunny,Weather,2,0,0,Male,45,Yes,Yes,314387,9.82949594,77.48228696
TN-2023-00126,11-04-2023,Salem,Location_25,03:04,Car,NH,Sunny,Weather,2,1,0,Male,32,Yes,Yes,377024,10.64531029,79.10320809
TN-2023-00127,11-05-2023,Chennai,Location_69,08:43,Auto Rickshaw,SH,Rain,Reckless driving,3,1,0,Female,63,No,Yes,329052,8.887204526,79.71649252
TN-2023-00128,14-09-2023,Thoothukudi,Location_55,22:39,Two Wheeler,Urban Street,Sunny,Drunk drive,5,3,0,Female,61,Yes,Yes,15759,10.80565054,77.31139859
TN-2023-00129,05-01-2023,Tirunelveli,Location_40,20:36,Two Wheeler,Rural Road,Cloudy,Over speed,2,0,0,Male,39,Yes,Yes,32803,8.260408515,79.91063174
TN-2023-00130,06-08-2023,Coimbatore,Location_83,10:54,Truck,SH,Clear,Reckless driving,4,0,0,Male,64,Yes,Yes,93888,12.61998534,76.35466473
TN-2023-00131,12-09-2023,Erode,Location_82,10:12,Car,NH,Fog,Poor road,5,2,0,Male,23,Yes,No,284732,11.45212806,78.37354504
TN-2023-00132,25-12-2023,Coimbatore,Location_50,13:07,Car,SH,Rain,Over speed,2,0,0,Male,19,Yes,Yes,119389,13.17819737,77.04948845
TN-2023-00133,10-10-2023,Chennai,Location_95,17:50,Car,SH,Sunny,Reckless driving,1,0,0,Male,23,Yes,No,381819,11.29852553,79.27604723
TN-2023-00134,26-07-2023,Tirunelveli,Location_33,11:43,Two Wheeler,SH,Sunny,Brake failure,5,2,0,Male,40,No,Yes,226135,9.001913463,76.78689696
TN-2023-00135,15-01-2023,Coimbatore,Location_18,17:09,Bus,SH,Sunny,Poor road,2,3,0,Male,43,No,Yes,148563,10.66227918,77.53654205
TN-2023-00136,12-12-2023,Coimbatore,Location_57,06:49,Two Wheeler,NH,Fog,Drunk drive,1,2,1,Male,28,Yes,Yes,124536,11.65582485,76.57323591
TN-2023-00137,11-02-2023,Salem,Location_16,11:13,Car,NH,Clear,Over speed,3,1,0,Male,18,Yes,Yes,127384,10.05822838,79.65361633
TN-2023-00138,28-06-2023,Salem,Location_80,14:15,Car,Urban Street,Cloudy,Over speed,5,0,0,Male,45,Yes,Yes,477340,11.03957324,76.59523653
TN-2023-00139,04-03-2023,Tirunelveli,Location_38,01:29,Auto Rickshaw,Urban Street,Cloudy,Poor road,5,0,0,Male,39,Yes,Yes,341434,8.894786811,79.25418223
TN-2023-00140,18-12-2023,Chennai,Location_41,17:30,Car,Rural Road,Rain,Drunk drive,2,3,0,Female,58,Yes,Yes,405262,12.27418287,79.18253598
TN-2023-00141,19-08-2023,Vellore,Location_7,11:47,Two Wheeler,Rural Road,Clear,Reckless driving,3,1,0,Male,30,Yes,Yes,90948,13.00241483,76.64065774
TN-2023-00142,29-08-2023,Madurai,Location_78,12:19,Car,Urban Street,Clear,Drunk drive,4,0,0,Male,58,Yes,Yes,101979,9.73182118,78.54722984
TN-2023-00143,21-02-2023,Trichy,Location_53,16:49,Two Wheeler,Urban Street,Fog,Reckless driving,2,2,0,Male,64,No,Yes,8043,12.36332264,78.23595693
TN-2023-00144,06-04-2023,Thoothukudi,Location_63,02:22,Two Wheeler,SH,Sunny,Over speed,2,0,0,Male,53,Yes,Yes,442235,8.505700397,78.67527056
TN-2023-00145,10-08-2023,Trichy,Location_89,09:32,Two Wheeler,Urban Street,Clear,Reckless driving,4,3,0,Male,39,Yes,Yes,377277,9.356874696,80.21752435
TN-2023-00146,19-08-2023,Tiruppur,Location_32,05:34,Car,Rural Road,Sunny,Over speed,4,2,0,Male,21,Yes,Yes,427312,10.54028537,76.3624166
TN-2023-00147,25-08-2023,Salem,Location_38,18:35,Two Wheeler,Urban Street,Fog,Weather,4,0,0,Male,61,Yes,Yes,350915,10.12523918,79.69226679
TN-2023-00148,23-05-2023,Tirunelveli,Location_22,19:54,Car,SH,Rain,Poor road,4,3,0,Male,58,No,Yes,473523,11.40794182,79.87948358
TN-2023-00149,20-06-2023,Trichy,Location_16,02:07,Truck,Rural Road,Rain,Drunk drive,4,1,0,Male,35,Yes,Yes,317652,11.09641748,76.56823341
TN-2023-00150,29-01-2023,Chennai,Location_52,07:58,Bus,NH,Sunny,Brake failure,1,2,0,Male,55,Yes,Yes,275056,8.479995918,78.95247762
TN-2023-00151,05-02-2023,Thoothukudi,Location_29,06:01,Two Wheeler,Urban Street,Sunny,Poor road,1,2,0,Female,34,Yes,No,167844,8.724319232,79.15955417
TN-2023-00152,13-01-2023,Trichy,Location_16,20:05,Two Wheeler,NH,Clear,Reckless driving,4,1,1,Male,42,Yes,Yes,297522,8.28441395,78.46899827
TN-2023-00153,09-06-2023,Thoothukudi,Location_76,15:41,Bus,Rural Road,Fog,Weather,3,2,0,Female,34,Yes,Yes,16172,13.23933694,78.26318481
TN-2023-00154,23-11-2023,Erode,Location_17,03:31,Auto Rickshaw,Urban Street,Rain,Poor road,3,3,0,Male,46,Yes,Yes,394180,11.54939334,77.43018292
TN-2023-00155,06-07-2023,Chennai,Location_64,12:41,Two Wheeler,NH,Clear,Over speed,4,1,0,Male,62,Yes,Yes,271170,12.70571417,79.10086714
TN-2023-00156,31-08-2023,Madurai,Location_91,20:45,Lorry,Urban Street,Cloudy,Poor road,1,0,1,Male,61,No,Yes,491460,10.97695135,77.28495996
TN-2023-00157,27-03-2023,Coimbatore,Location_89,08:10,Car,NH,Clear,Reckless driving,3,3,1,Male,63,Yes,Yes,423631,9.06611003,78.07010434
TN-2023-00158,11-10-2023,Thoothukudi,Location_13,22:49,Car,NH,Sunny,Poor road,1,1,0,Male,25,Yes,Yes,153499,11.44630484,79.85816125
TN-2023-00159,07-03-2023,Chennai,Location_72,10:48,Truck,Rural Road,Cloudy,Poor road,2,0,0,Female,46,Yes,Yes,321331,10.77936412,76.40293006
TN-2023-00160,19-06-2023,Thoothukudi,Location_56,01:02,Bus,Urban Street,Clear,Reckless driving,1,3,0,Male,32,No,Yes,164799,10.24505785,78.37766616
TN-2023-00161,14-02-2023,Thoothukudi,Location_5,10:49,Auto Rickshaw,NH,Fog,Brake failure,4,3,2,Male,58,No,Yes,120375,10.04492905,78.18733327
TN-2023-00162,03-03-2023,Vellore,Location_12,02:57,Two Wheeler,Urban Street,Rain,Weather,5,2,0,Male,50,Yes,Yes,174289,11.57542086,77.70316629
TN-2023-00163,14-05-2023,Vellore,Location_41,14:42,Car,Urban Street,Cloudy,Poor road,4,2,0,Male,27,No,Yes,341782,11.39768909,78.68888362
TN-2023-00164,11-10-2023,Chennai,Location_3,10:30,Car,SH,Fog,Poor road,2,1,2,Male,54,No,Yes,36480,8.833612769,76.07031926
TN-2023-00165,28-01-2023,Vellore,Location_99,19:27,Two Wheeler,Rural Road,Clear,Brake failure,1,0,0,Male,28,No,Yes,373843,12.4892213,78.21611309
TN-2023-00166,18-04-2023,Tiruppur,Location_33,10:18,Car,Urban Street,Sunny,Drunk drive,3,3,0,Male,52,No,Yes,194879,11.49850185,78.18560743
TN-2023-00167,13-02-2023,Madurai,Location_86,00:58,Two Wheeler,Urban Street,Sunny,Poor road,4,3,0,Male,51,Yes,Yes,206911,10.94694657,78.32250531
TN-2023-00168,06-12-2023,Tirunelveli,Location_50,04:09,Two Wheeler,Urban Street,Fog,Reckless driving,3,1,0,Male,49,No,Yes,24501,12.11904636,76.95598115
TN-2023-00169,13-10-2023,Chennai,Location_56,09:45,Two Wheeler,Rural Road,Sunny,Reckless driving,1,2,0,Male,39,No,Yes,255296,8.845165017,76.93418425
TN-2023-00170,27-11-2023,Chennai,Location_9,01:35,Bus,Rural Road,Rain,Poor road,2,3,0,Male,21,Yes,Yes,346036,13.05843891,78.91241151
TN-2023-00171,08-05-2023,Tiruppur,Location_82,01:17,Auto Rickshaw,Urban Street,Fog,Drunk drive,4,3,0,Male,19,No,Yes,135511,9.488229625,76.41727378
TN-2023-00172,14-12-2023,Salem,Location_50,12:50,Car,Rural Road,Fog,Reckless driving,3,2,0,Male,50,Yes,Yes,253361,9.445165552,77.37664685
TN-2023-00173,19-08-2023,Salem,Location_29,04:19,Car,SH,Sunny,Poor road,4,0,0,Male,26,No,Yes,82245,12.48196403,79.73867167
TN-2023-00174,09-07-2023,Vellore,Location_39,01:10,Two Wheeler,Rural Road,Fog,Poor road,4,0,0,Male,52,Yes,Yes,138127,9.836951628,76.46693697
TN-2023-00175,13-08-2023,Tirunelveli,Location_91,17:37,Auto Rickshaw,SH,Clear,Poor road,3,2,0,Male,55,Yes,Yes,66267,12.56889522,78.10629695
TN-2023-00176,10-10-2023,Vellore,Location_45,22:27,Car,SH,Cloudy,Weather,2,3,0,Male,48,No,Yes,168853,9.804054312,79.00883837
TN-2023-00177,01-05-2023,Erode,Location_17,09:21,Lorry,SH,Cloudy,Reckless driving,4,2,0,Male,31,Yes,Yes,54945,11.02878391,76.63739962
TN-2023-00178,26-04-2023,Erode,Location_56,22:16,Lorry,NH,Sunny,Over speed,2,0,0,Male,48,Yes,Yes,7149,9.269647185,77.40608289
TN-2023-00179,21-08-2023,Coimbatore,Location_98,21:42,Two Wheeler,Rural Road,Rain,Weather,2,1,0,Male,50,Yes,Yes,378236,12.02336204,78.51440281
TN-2023-00180,16-09-2023,Erode,Location_46,18:16,Car,Urban Street,Rain,Drunk drive,1,1,0,Male,61,No,No,280752,8.918176071,77.47252535
TN-2023-00181,25-12-2023,Salem,Location_67,03:31,Truck,SH,Sunny,Weather,3,0,0,Male,33,Yes,No,98932,12.94687317,76.49472
TN-2023-00182,17-07-2023,Madurai,Location_69,13:58,Two Wheeler,Urban Street,Sunny,Weather,1,0,1,Male,37,No,Yes,470598,10.04406857,77.04582863
TN-2023-00183,17-05-2023,Erode,Location_14,19:35,Bus,SH,Fog,Brake failure,5,0,0,Male,31,No,Yes,268948,10.59365965,76.49236905
TN-2023-00184,14-11-2023,Vellore,Location_67,13:57,Truck,Urban Street,Rain,Drunk drive,1,2,0,Male,52,Yes,Yes,17641,8.132120416,80.42600071
TN-2023-00185,14-06-2023,Thoothukudi,Location_23,03:05,Two Wheeler,NH,Cloudy,Drunk drive,4,1,0,Male,63,Yes,Yes,124765,13.36684481,77.06041872
TN-2023-00186,13-08-2023,Chennai,Location_94,08:20,Auto Rickshaw,SH,Sunny,Drunk drive,4,0,0,Male,62,Yes,Yes,252788,12.47246426,78.38749287
TN-2023-00187,03-11-2023,Madurai,Location_61,11:57,Truck,NH,Cloudy,Weather,4,3,1,Male,50,Yes,Yes,149857,10.45854899,77.92834859
TN-2023-00188,22-08-2023,Madurai,Location_23,07:55,Bus,NH,Cloudy,Drunk drive,5,1,0,Male,46,Yes,Yes,490345,13.06143736,78.56281118
TN-2023-00189,21-06-2023,Vellore,Location_27,03:30,Two Wheeler,Rural Road,Rain,Reckless driving,2,2,0,Female,25,Yes,Yes,484674,13.120828,78.24141
TN-2023-00190,01-06-2023,Chennai,Location_54,04:05,Two Wheeler,Urban Street,Cloudy,Brake failure,4,3,2,Male,51,No,Yes,165046,10.93178667,79.27222828
TN-2023-00191,11-11-2023,Salem,Location_10,04:50,Two Wheeler,SH,Fog,Poor road,1,2,0,Male,64,No,Yes,65631,9.286179353,79.92856254
TN-2023-00192,09-06-2023,Madurai,Location_89,07:08,Auto Rickshaw,NH,Fog,Weather,2,0,0,Male,31,Yes,Yes,71295,10.67910684,77.28384724
TN-2023-00193,06-04-2023,Coimbatore,Location_77,14:35,Auto Rickshaw,Urban Street,Rain,Poor road,1,0,0,Female,31,Yes,No,336540,9.786392339,76.82623044
TN-2023-00194,21-08-2023,Vellore,Location_16,08:06,Car,Rural Road,Fog,Poor road,1,0,0,Male,32,Yes,Yes,127206,10.46392096,80.42952931
TN-2023-00195,29-06-2023,Madurai,Location_41,07:46,Two Wheeler,Urban Street,Sunny,Weather,4,3,0,Male,59,No,No,413075,13.01265617,79.89732607
TN-2023-00196,23-04-2023,Tirunelveli,Location_98,18:14,Two Wheeler,Urban Street,Rain,Reckless driving,1,0,1,Male,37,Yes,Yes,285169,9.550090223,77.63763229
TN-2023-00197,14-11-2023,Chennai,Location_55,04:18,Lorry,Rural Road,Cloudy,Weather,5,1,0,Male,45,Yes,Yes,94111,12.61431737,80.02654063
TN-2023-00198,21-02-2023,Erode,Location_61,06:05,Bus,Rural Road,Sunny,Drunk drive,2,0,0,Male,21,Yes,Yes,318108,13.1441558,79.0174584
TN-2023-00199,25-09-2023,Madurai,Location_86,18:56,Auto Rickshaw,Rural Road,Rain,Brake failure,4,1,2,Male,24,Yes,Yes,132491,12.42779033,77.96839288
TN-2023-00200,22-10-2023,Vellore,Location_81,16:41,Bus,NH,Cloudy,Weather,4,3,0,Female,19,Yes,No,318112,10.89989339,79.93039878
TN-2023-00201,23-04-2023,Erode,Location_87,18:30,Lorry,Urban Street,Cloudy,Poor road,1,2,0,Male,26,Yes,Yes,297871,11.10187522,79.03877223
TN-2023-00202,11-04-2023,Coimbatore,Location_49,10:14,Bus,Rural Road,Cloudy,Weather,1,2,1,Female,40,Yes,Yes,50731,12.50799248,79.7190305
TN-2023-00203,23-04-2023,Erode,Location_73,09:42,Car,Urban Street,Cloudy,Brake failure,3,1,0,Male,53,Yes,Yes,88745,8.244754474,77.87991884
TN-2023-00204,22-03-2023,Tirunelveli,Location_52,22:02,Two Wheeler,Urban Street,Cloudy,Over speed,3,3,0,Male,29,Yes,Yes,303097,12.04761495,79.59421954
TN-2023-00205,06-07-2023,Salem,Location_2,02:17,Auto Rickshaw,NH,Rain,Reckless driving,4,1,1,Male,40,Yes,Yes,333241,10.90877118,77.65117123
TN-2023-00206,23-04-2023,Madurai,Location_96,10:19,Bus,Urban Street,Fog,Poor road,4,0,0,Male,48,No,Yes,332917,10.18425594,79.30785589
TN-2023-00207,02-01-2023,Trichy,Location_50,21:49,Two Wheeler,NH,Cloudy,Over speed,1,0,0,Male,59,Yes,Yes,76514,12.21810224,77.95988744
TN-2023-00208,10-05-2023,Trichy,Location_86,14:38,Two Wheeler,Rural Road,Sunny,Over speed,5,0,0,Male,28,Yes,Yes,16325,9.464359752,77.82337572
TN-2023-00209,08-08-2023,Erode,Location_43,09:20,Two Wheeler,Rural Road,Rain,Brake failure,5,2,0,Female,18,Yes,No,51206,12.9254355,79.58484827
TN-2023-00210,23-02-2023,Tiruppur,Location_77,22:51,Car,Urban Street,Clear,Reckless driving,1,1,1,Male,30,Yes,Yes,380516,11.78668278,76.56266552
TN-2023-00211,09-12-2023,Chennai,Location_8,09:12,Two Wheeler,NH,Fog,Weather,3,3,0,Male,56,Yes,Yes,256593,11.35585574,80.1769406
TN-2023-00212,12-08-2023,Trichy,Location_59,14:22,Two Wheeler,NH,Sunny,Over speed,3,1,0,Male,46,Yes,Yes,28851,10.87716162,78.2890633
TN-2023-00213,13-08-2023,Tiruppur,Location_65,17:22,Car,SH,Cloudy,Drunk drive,5,1,0,Male,23,Yes,Yes,72743,9.170167122,78.86233479
TN-2023-00214,06-05-2023,Trichy,Location_81,03:51,Two Wheeler,SH,Rain,Weather,4,1,0,Male,48,Yes,Yes,332175,11.39319728,77.82367672
TN-2023-00215,10-05-2023,Tiruppur,Location_12,16:02,Lorry,Rural Road,Rain,Reckless driving,1,0,0,Male,26,No,Yes,76093,11.98702689,78.90643592
TN-2023-00216,22-02-2023,Chennai,Location_4,20:52,Car,Rural Road,Cloudy,Poor road,4,0,0,Female,35,Yes,Yes,475416,8.064293448,79.19433152
TN-2023-00217,21-06-2023,Thoothukudi,Location_77,01:03,Car,SH,Sunny,Weather,3,1,0,Male,20,Yes,Yes,222995,10.01530531,79.90814801
TN-2023-00218,06-08-2023,Trichy,Location_95,00:14,Two Wheeler,NH,Rain,Brake failure,5,0,0,Female,49,Yes,Yes,266756,12.57855254,79.84470422
TN-2023-00219,09-06-2023,Tirunelveli,Location_41,00:05,Two Wheeler,Urban Street,Fog,Brake failure,4,2,0,Male,62,Yes,Yes,286177,11.47715936,77.61016615
TN-2023-00220,17-07-2023,Madurai,Location_7,06:18,Two Wheeler,Urban Street,Sunny,Poor road,3,0,0,Male,20,Yes,Yes,69755,11.38398741,78.77133792
TN-2023-00221,04-09-2023,Tiruppur,Location_87,11:00,Lorry,NH,Cloudy,Poor road,3,2,0,Male,62,Yes,No,42481,9.257369768,79.51259784
TN-2023-00222,20-11-2023,Madurai,Location_88,06:18,Lorry,Rural Road,Sunny,Poor road,3,2,0,Male,47,Yes,No,272722,11.47648803,79.44188571
TN-2023-00223,22-07-2023,Vellore,Location_69,12:25,Two Wheeler,Urban Street,Sunny,Brake failure,4,1,0,Male,23,Yes,Yes,200789,12.32382537,80.00919152
TN-2023-00224,03-07-2023,Vellore,Location_69,11:11,Car,NH,Clear,Reckless driving,2,1,0,Male,44,No,Yes,209870,10.20966012,79.74374593
TN-2023-00225,03-05-2023,Chennai,Location_81,21:12,Two Wheeler,Urban Street,Cloudy,Reckless driving,5,0,0,Female,19,No,No,257825,9.001506799,79.23035167
TN-2023-00226,12-09-2023,Tiruppur,Location_30,13:21,Bicycle,NH,Fog,Weather,3,3,0,Male,37,Yes,Yes,163564,8.425008421,79.36984856
TN-2023-00227,21-10-2023,Coimbatore,Location_73,11:19,Truck,SH,Cloudy,Over speed,4,1,0,Male,34,Yes,Yes,196904,10.78132617,79.6334969
TN-2023-00228,07-10-2023,Vellore,Location_6,11:26,Car,SH,Clear,Over speed,1,2,0,Male,50,No,Yes,362803,11.76122226,79.7704983
TN-2023-00229,21-11-2023,Chennai,Location_89,05:58,Bus,Urban Street,Cloudy,Drunk drive,5,2,0,Male,34,No,Yes,239991,8.894515935,77.58701063
TN-2023-00230,08-04-2023,Vellore,Location_19,09:51,Lorry,Urban Street,Cloudy,Brake failure,1,0,0,Female,54,Yes,Yes,420775,10.31793994,79.5181483
TN-2023-00231,17-07-2023,Vellore,Location_80,08:33,Bus,Urban Street,Fog,Poor road,1,2,0,Male,46,Yes,Yes,373293,11.12753765,80.27144044
TN-2023-00232,28-08-2023,Coimbatore,Location_85,06:40,Bus,Urban Street,Clear,Reckless driving,4,1,0,Male,26,No,Yes,55387,8.857221331,77.04833525
TN-2023-00233,24-05-2023,Trichy,Location_66,11:36,Truck,SH,Cloudy,Weather,2,0,0,Male,21,No,Yes,102801,9.484394742,76.21705731
TN-2023-00234,07-04-2023,Erode,Location_10,00:53,Car,SH,Cloudy,Reckless driving,4,0,0,Male,63,Yes,Yes,485078,11.34627362,76.32578331
TN-2023-00235,20-07-2023,Thoothukudi,Location_16,14:31,Car,NH,Rain,Brake failure,4,3,0,Male,57,Yes,Yes,496982,11.98763167,76.97523181
TN-2023-00236,04-05-2023,Vellore,Location_37,07:32,Auto Rickshaw,Urban Street,Cloudy,Drunk drive,5,0,0,Male,30,Yes,Yes,181837,11.49796372,80.13905665
TN-2023-00237,06-07-2023,Vellore,Location_79,17:44,Bus,SH,Fog,Reckless driving,4,3,1,Male,23,Yes,Yes,273534,11.92498817,76.57058238
TN-2023-00238,22-11-2023,Tirunelveli,Location_77,00:04,Bus,Rural Road,Rain,Over speed,5,1,0,Male,63,No,Yes,254560,11.19827463,79.3642137
TN-2023-00239,15-12-2023,Thoothukudi,Location_77,17:47,Two Wheeler,NH,Clear,Weather,3,2,0,Male,26,No,Yes,148488,12.59708101,79.90169724
TN-2023-00240,16-09-2023,Coimbatore,Location_32,09:35,Two Wheeler,NH,Sunny,Over speed,5,1,0,Male,43,Yes,Yes,338509,12.54704784,79.9488446
TN-2023-00241,28-05-2023,Madurai,Location_47,00:22,Two Wheeler,NH,Fog,Weather,4,0,0,Male,56,Yes,Yes,355540,12.37936144,77.87536863
TN-2023-00242,09-09-2023,Tiruppur,Location_72,07:04,Car,Rural Road,Clear,Poor road,3,3,0,Male,58,Yes,Yes,403410,11.16501967,78.22867781
TN-2023-00243,12-12-2023,Vellore,Location_43,01:23,Car,Rural Road,Rain,Weather,3,2,2,Male,64,No,Yes,51039,13.46771611,77.45461985
TN-2023-00244,27-05-2023,Erode,Location_82,16:30,Bicycle,Rural Road,Sunny,Poor road,2,0,1,Male,59,No,Yes,217947,8.215116076,76.66304975
TN-2023-00245,28-05-2023,Tiruppur,Location_36,06:16,Car,SH,Clear,Brake failure,4,1,0,Male,31,Yes,Yes,335520,9.076092049,76.95477074
TN-2023-00246,18-12-2023,Thoothukudi,Location_26,05:21,Lorry,Rural Road,Fog,Over speed,1,0,0,Male,51,No,Yes,103355,12.44882511,76.60653314
TN-2023-00247,18-07-2023,Tiruppur,Location_10,14:36,Two Wheeler,NH,Rain,Weather,4,3,0,Male,21,Yes,Yes,50875,12.54460885,77.83385021
TN-2023-00248,04-11-2023,Trichy,Location_31,14:49,Auto Rickshaw,Urban Street,Fog,Weather,1,1,0,Male,38,No,Yes,208787,12.50314052,76.76655513
TN-2023-00249,08-05-2023,Vellore,Location_97,17:24,Car,NH,Fog,Drunk drive,2,0,2,Male,48,Yes,Yes,428981,12.79992665,77.81530343
TN-2023-00250,08-02-2023,Tiruppur,Location_29,20:20,Bus,NH,Rain,Over speed,4,3,0,Male,64,Yes,Yes,322064,10.32434365,79.83035108
TN-2023-00251,04-12-2023,Madurai,Location_5,22:37,Two Wheeler,SH,Cloudy,Brake failure,2,0,0,Male,60,Yes,Yes,299700,13.12508437,78.94532033
TN-2023-00252,26-12-2023,Madurai,Location_77,01:26,Car,NH,Fog,Poor road,1,3,0,Male,38,Yes,Yes,47275,9.150437631,78.98238301
TN-2023-00253,09-05-2023,Vellore,Location_1,16:31,Car,SH,Rain,Brake failure,5,0,0,Female,60,Yes,Yes,293904,13.15321669,79.65339735
TN-2023-00254,24-09-2023,Salem,Location_87,20:03,Car,SH,Fog,Drunk drive,4,1,0,Male,46,No,Yes,450536,11.06173186,76.18537078
TN-2023-00255,31-05-2023,Madurai,Location_3,11:18,Auto Rickshaw,Urban Street,Cloudy,Brake failure,3,1,0,Female,41,Yes,Yes,44847,8.901362397,79.57529903
TN-2023-00256,25-10-2023,Tiruppur,Location_67,01:25,Auto Rickshaw,NH,Rain,Poor road,3,1,2,Male,62,Yes,Yes,441385,12.04842409,76.88356979
TN-2023-00257,09-04-2023,Chennai,Location_71,01:13,Truck,Urban Street,Clear,Over speed,2,1,0,Male,33,Yes,No,190431,9.627335959,77.55667107
TN-2023-00258,20-09-2023,Madurai,Location_35,14:19,Bus,Urban Street,Clear,Reckless driving,5,1,0,Male,26,Yes,Yes,239548,9.212516707,77.38619271
TN-2023-00259,09-09-2023,Thoothukudi,Location_15,01:35,Truck,NH,Clear,Drunk drive,3,2,0,Male,38,Yes,Yes,228340,8.946413983,76.47544997
TN-2023-00260,24-05-2023,Salem,Location_67,18:08,Auto Rickshaw,NH,Sunny,Weather,3,0,0,Male,19,Yes,No,52148,8.161729227,76.78169464
TN-2023-00261,12-12-2023,Tiruppur,Location_93,06:29,Two Wheeler,Rural Road,Fog,Weather,4,1,2,Female,19,No,Yes,262917,12.20559707,80.30356239
TN-2023-00262,22-04-2023,Coimbatore,Location_30,12:26,Two Wheeler,Rural Road,Fog,Over speed,3,2,0,Male,54,No,No,419560,10.6757735,78.70122516
TN-2023-00263,01-03-2023,Tirunelveli,Location_82,11:34,Two Wheeler,SH,Rain,Reckless driving,1,2,2,Male,54,Yes,Yes,385064,13.38302681,78.13287293
TN-2023-00264,02-01-2023,Coimbatore,Location_75,12:14,Two Wheeler,NH,Sunny,Brake failure,2,0,0,Male,22,Yes,Yes,172196,10.41599364,79.41007652
TN-2023-00265,31-10-2023,Trichy,Location_43,13:55,Two Wheeler,SH,Fog,Weather,3,3,0,Male,63,No,Yes,484141,12.63842802,79.66182719
TN-2023-00266,11-09-2023,Tirunelveli,Location_60,08:44,Two Wheeler,Urban Street,Rain,Drunk drive,4,0,0,Male,23,Yes,Yes,127671,13.32452048,76.49618284
TN-2023-00267,20-05-2023,Trichy,Location_40,22:53,Bus,Urban Street,Cloudy,Reckless driving,1,0,0,Female,25,No,Yes,316280,8.123541383,79.33407437
TN-2023-00268,06-02-2023,Tirunelveli,Location_65,03:52,Two Wheeler,Rural Road,Fog,Poor road,3,3,0,Female,49,No,Yes,87892,8.579253899,80.19578442
TN-2023-00269,09-06-2023,Tirunelveli,Location_29,07:02,Two Wheeler,SH,Fog,Brake failure,2,3,0,Male,54,Yes,Yes,46786,9.913250734,78.63446237
TN-2023-00270,09-01-2023,Chennai,Location_74,01:18,Lorry,NH,Cloudy,Reckless driving,2,1,0,Male,30,Yes,No,316613,12.78563903,78.76370628
TN-2023-00271,21-08-2023,Erode,Location_92,22:39,Auto Rickshaw,NH,Cloudy,Poor road,2,3,0,Male,20,Yes,Yes,398982,12.60872746,79.91683281
TN-2023-00272,09-04-2023,Thoothukudi,Location_95,16:44,Truck,Rural Road,Fog,Reckless driving,3,3,0,Male,26,Yes,Yes,250026,10.01704263,79.05767152
TN-2023-00273,27-05-2023,Coimbatore,Location_19,06:40,Car,Rural Road,Cloudy,Reckless driving,1,0,0,Male,21,Yes,Yes,7478,9.099472169,80.4787038
TN-2023-00274,31-10-2023,Madurai,Location_3,11:13,Car,SH,Rain,Brake failure,5,0,2,Male,45,Yes,Yes,287426,12.41276485,77.27212136
TN-2023-00275,27-07-2023,Tiruppur,Location_36,13:14,Two Wheeler,Rural Road,Fog,Drunk drive,2,0,0,Female,57,No,Yes,67138,11.28303024,79.8046626
TN-2023-00276,11-05-2023,Salem,Location_43,02:14,Two Wheeler,Rural Road,Fog,Poor road,1,3,0,Male,33,No,Yes,466185,8.17380257,78.75584149
TN-2023-00277,01-06-2023,Thoothukudi,Location_15,18:23,Two Wheeler,Rural Road,Clear,Drunk drive,4,2,1,Male,28,Yes,Yes,420320,12.42318763,77.64580993
TN-2023-00278,23-02-2023,Trichy,Location_97,19:45,Two Wheeler,Urban Street,Fog,Poor road,4,1,0,Male,36,Yes,Yes,432001,13.26328476,79.97376852
TN-2023-00279,30-04-2023,Chennai,Location_41,07:04,Bicycle,SH,Clear,Brake failure,1,0,0,Male,59,Yes,Yes,460611,8.231478454,80.48310815
TN-2023-00280,10-06-2023,Trichy,Location_90,18:03,Two Wheeler,NH,Cloudy,Drunk drive,4,2,1,Male,39,No,Yes,184077,9.572304815,76.26032216
TN-2023-00281,26-04-2023,Erode,Location_80,13:15,Two Wheeler,NH,Cloudy,Brake failure,4,1,0,Male,56,No,Yes,93600,12.50705737,80.1648524
TN-2023-00282,16-03-2023,Salem,Location_36,19:23,Two Wheeler,SH,Rain,Reckless driving,2,0,0,Male,29,Yes,Yes,246716,11.21557325,76.91399951
TN-2023-00283,23-04-2023,Chennai,Location_97,05:54,Bus,Rural Road,Clear,Reckless driving,3,2,0,Male,47,Yes,No,490755,13.44145924,76.9233461
TN-2023-00284,14-04-2023,Trichy,Location_84,05:34,Two Wheeler,Rural Road,Fog,Brake failure,3,1,0,Female,57,No,Yes,412117,13.03526652,76.18790241
TN-2023-00285,06-12-2023,Erode,Location_77,14:28,Car,NH,Clear,Poor road,3,0,0,Male,59,Yes,Yes,269305,8.980493505,80.1498448
TN-2023-00286,11-09-2023,Tiruppur,Location_33,02:10,Two Wheeler,Urban Street,Cloudy,Reckless driving,3,0,0,Male,22,Yes,Yes,469771,11.70715546,79.41729118
TN-2023-00287,15-08-2023,Tiruppur,Location_5,02:27,Two Wheeler,SH,Cloudy,Poor road,1,2,0,Male,54,Yes,Yes,12111,11.59307839,76.24052134
TN-2023-00288,22-04-2023,Trichy,Location_78,09:49,Two Wheeler,Rural Road,Rain,Drunk drive,2,3,0,Male,62,Yes,Yes,483177,8.609715038,78.85090844
TN-2023-00289,09-04-2023,Thoothukudi,Location_91,00:47,Car,Urban Street,Cloudy,Weather,1,3,1,Male,49,Yes,Yes,247523,8.492354152,76.54060498
TN-2023-00290,02-06-2023,Salem,Location_87,15:58,Two Wheeler,Urban Street,Clear,Reckless driving,4,0,0,Male,51,Yes,Yes,460991,11.13194264,79.3813235
TN-2023-00291,15-12-2023,Vellore,Location_14,09:32,Lorry,Rural Road,Fog,Reckless driving,2,2,0,Male,29,No,Yes,435337,10.21635222,77.84074229
TN-2023-00292,04-12-2023,Thoothukudi,Location_68,03:02,Car,SH,Fog,Over speed,5,3,1,Male,60,Yes,No,396312,10.99995253,76.23299575
TN-2023-00293,13-07-2023,Tiruppur,Location_83,04:11,Bus,SH,Clear,Poor road,3,3,0,Female,19,Yes,No,381515,9.313556502,79.73233352
TN-2023-00294,06-11-2023,Salem,Location_47,11:12,Two Wheeler,NH,Rain,Brake failure,4,3,0,Male,64,Yes,Yes,261502,11.06164669,78.57585974
TN-2023-00295,12-06-2023,Erode,Location_54,11:56,Two Wheeler,NH,Fog,Over speed,3,2,0,Male,24,No,Yes,82615,10.10867416,79.4779068
TN-2023-00296,27-07-2023,Chennai,Location_4,15:31,Two Wheeler,SH,Clear,Drunk drive,3,2,0,Male,49,No,Yes,364393,12.88145635,79.03538883
TN-2023-00297,18-06-2023,Tirunelveli,Location_94,12:36,Car,Rural Road,Clear,Over speed,3,1,0,Male,57,No,Yes,371546,9.683476645,77.95478279
TN-2023-00298,10-06-2023,Trichy,Location_83,03:20,Car,SH,Cloudy,Over speed,5,3,0,Male,52,Yes,Yes,288483,12.78959005,79.14399907
TN-2023-00299,09-03-2023,Coimbatore,Location_95,14:11,Car,NH,Cloudy,Weather,4,2,0,Male,23,No,Yes,314861,10.144958,76.06639057
TN-2023-00300,16-10-2023,Salem,Location_95,18:20,Bus,NH,Rain,Weather,3,1,1,Male,39,Yes,Yes,178345,11.17991239,77.52881902
TN-2023-00301,04-10-2023,Madurai,Location_9,18:20,Auto Rickshaw,NH,Rain,Over speed,3,0,0,Male,42,Yes,Yes,463079,9.575073721,79.50034028
TN-2023-00302,31-10-2023,Erode,Location_53,10:52,Lorry,SH,Rain,Weather,2,1,0,Male,64,Yes,Yes,105008,12.44998923,79.43377858
TN-2023-00303,15-05-2023,Vellore,Location_77,05:08,Two Wheeler,SH,Clear,Weather,3,3,1,Male,30,Yes,Yes,20966,12.64005605,79.99334215
TN-2023-00304,14-07-2023,Tirunelveli,Location_78,00:11,Car,Rural Road,Clear,Over speed,2,2,0,Male,40,Yes,Yes,347789,12.44977707,78.74970484
TN-2023-00305,08-05-2023,Madurai,Location_60,13:05,Two Wheeler,NH,Cloudy,Poor road,4,3,0,Female,62,Yes,Yes,382093,11.5191006,80.23988561
TN-2023-00306,02-02-2023,Vellore,Location_46,00:21,Bus,Urban Street,Fog,Weather,4,3,0,Male,61,Yes,Yes,241059,9.676312535,78.50970493
TN-2023-00307,25-06-2023,Coimbatore,Location_54,01:55,Two Wheeler,Urban Street,Rain,Over speed,4,0,0,Male,63,No,Yes,38927,11.50068565,78.25204303
TN-2023-00308,22-01-2023,Tiruppur,Location_74,10:02,Two Wheeler,Rural Road,Sunny,Poor road,2,2,2,Female,26,Yes,Yes,55816,13.27731423,76.88747474
TN-2023-00309,26-08-2023,Thoothukudi,Location_95,09:05,Auto Rickshaw,Rural Road,Rain,Reckless driving,5,2,0,Male,59,Yes,Yes,374999,11.56611945,79.50476389
TN-2023-00310,07-06-2023,Trichy,Location_37,05:19,Car,NH,Cloudy,Weather,5,0,0,Female,54,No,Yes,50545,13.26016154,79.1142572
TN-2023-00311,07-02-2023,Chennai,Location_23,20:01,Two Wheeler,SH,Clear,Over speed,3,2,0,Female,54,Yes,Yes,88922,9.67519249,78.07342308
TN-2023-00312,18-08-2023,Vellore,Location_27,09:22,Two Wheeler,SH,Cloudy,Weather,4,1,1,Male,47,Yes,Yes,28825,12.65300589,76.39198937
TN-2023-00313,31-12-2023,Tirunelveli,Location_70,05:22,Car,Urban Street,Cloudy,Poor road,1,3,0,Male,37,Yes,Yes,334949,11.95157666,76.56566071
TN-2023-00314,20-02-2023,Salem,Location_90,16:29,Auto Rickshaw,NH,Cloudy,Over speed,3,0,0,Female,55,Yes,No,10455,12.50562248,76.51507538
TN-2023-00315,21-09-2023,Tiruppur,Location_66,13:36,Car,Urban Street,Sunny,Poor road,5,0,0,Male,61,Yes,Yes,229224,11.90919632,77.69019689
TN-2023-00316,10-10-2023,Salem,Location_61,22:31,Truck,Urban Street,Sunny,Reckless driving,5,3,0,Male,33,No,Yes,378882,10.64199576,76.71539908
TN-2023-00317,27-01-2023,Tirunelveli,Location_77,16:33,Two Wheeler,NH,Rain,Brake failure,4,0,2,Male,39,Yes,Yes,168419,11.77616239,79.87378945
TN-2023-00318,14-08-2023,Salem,Location_51,08:43,Car,Rural Road,Clear,Drunk drive,2,2,0,Male,55,No,Yes,85814,13.12649452,80.04705754
TN-2023-00319,04-10-2023,Vellore,Location_50,18:21,Lorry,Urban Street,Cloudy,Brake failure,3,2,0,Female,27,Yes,Yes,325463,10.29647651,79.85546079
TN-2023-00320,13-10-2023,Erode,Location_19,06:40,Car,Rural Road,Fog,Weather,2,3,1,Male,37,No,Yes,31122,13.23459911,78.73984722
TN-2023-00321,07-04-2023,Salem,Location_1,20:15,Two Wheeler,SH,Rain,Poor road,5,0,0,Male,58,Yes,Yes,397709,8.271699926,78.68359929
TN-2023-00322,11-10-2023,Thoothukudi,Location_40,19:42,Car,Urban Street,Rain,Over speed,4,1,0,Male,19,Yes,Yes,391957,8.077949751,80.00915839
TN-2023-00323,13-11-2023,Coimbatore,Location_32,11:46,Car,NH,Cloudy,Poor road,5,3,2,Female,20,Yes,Yes,152311,10.71591569,77.82838672
TN-2023-00324,31-10-2023,Chennai,Location_22,17:18,Bus,Rural Road,Rain,Weather,4,2,0,Female,59,Yes,Yes,383595,12.66682124,76.28054944
TN-2023-00325,27-05-2023,Vellore,Location_93,15:31,Lorry,SH,Cloudy,Over speed,1,2,2,Male,25,Yes,Yes,246173,9.363094476,78.11676921
TN-2023-00326,04-01-2023,Madurai,Location_66,14:04,Lorry,SH,Rain,Brake failure,2,2,0,Female,26,Yes,Yes,463727,11.81383121,78.49169708
TN-2023-00327,04-02-2023,Tirunelveli,Location_40,10:14,Bus,Urban Street,Clear,Poor road,3,1,0,Male,45,Yes,Yes,97374,11.00797734,78.47253465
TN-2023-00328,11-07-2023,Tiruppur,Location_38,17:44,Two Wheeler,SH,Rain,Drunk drive,4,2,0,Male,38,Yes,Yes,349478,9.599373099,76.71551836
TN-2023-00329,18-02-2023,Vellore,Location_48,03:48,Two Wheeler,NH,Rain,Reckless driving,1,3,1,Male,50,Yes,No,37539,9.571863665,79.52535838
TN-2023-00330,17-01-2023,Erode,Location_55,03:47,Lorry,Urban Street,Fog,Reckless driving,1,3,0,Female,51,No,Yes,340250,8.403019104,79.29385109
TN-2023-00331,21-06-2023,Tiruppur,Location_75,22:14,Truck,SH,Clear,Weather,2,3,0,Male,21,No,Yes,341498,10.94917713,77.0343382
TN-2023-00332,08-08-2023,Thoothukudi,Location_81,13:43,Two Wheeler,NH,Clear,Weather,4,2,0,Male,42,Yes,Yes,151133,10.47577502,78.48053176
TN-2023-00333,07-06-2023,Tirunelveli,Location_55,02:31,Car,Rural Road,Clear,Poor road,3,1,0,Male,49,No,Yes,371976,9.591826601,79.55647694
TN-2023-00334,15-02-2023,Tiruppur,Location_51,09:39,Two Wheeler,Rural Road,Rain,Brake failure,3,1,0,Female,29,Yes,Yes,271178,13.33737797,76.0345808
TN-2023-00335,06-01-2023,Salem,Location_60,05:21,Two Wheeler,Urban Street,Sunny,Brake failure,3,2,0,Female,19,No,Yes,11087,12.50161112,77.23819663
TN-2023-00336,09-04-2023,Vellore,Location_8,13:16,Car,NH,Rain,Drunk drive,5,0,0,Male,64,Yes,Yes,103956,10.88722963,78.1241704
TN-2023-00337,21-08-2023,Coimbatore,Location_86,20:50,Car,SH,Cloudy,Drunk drive,5,0,0,Male,29,Yes,Yes,247354,10.86937337,79.8026422
TN-2023-00338,06-02-2023,Tirunelveli,Location_68,15:14,Two Wheeler,Urban Street,Fog,Poor road,4,3,0,Female,63,No,Yes,152968,9.064864267,79.59535271
TN-2023-00339,07-10-2023,Trichy,Location_75,14:00,Lorry,Urban Street,Clear,Over speed,3,1,0,Male,43,No,No,426404,11.5701998,76.67946636
TN-2023-00340,15-12-2023,Thoothukudi,Location_72,22:54,Lorry,SH,Cloudy,Brake failure,1,2,0,Male,38,No,Yes,138516,13.24499521,78.08233852
TN-2023-00341,29-10-2023,Chennai,Location_9,11:09,Truck,NH,Cloudy,Over speed,3,1,1,Male,61,Yes,Yes,276145,12.94059231,77.37086519
TN-2023-00342,30-06-2023,Tirunelveli,Location_90,13:41,Two Wheeler,SH,Sunny,Over speed,4,1,0,Male,54,Yes,Yes,363684,8.46624065,77.80645147
TN-2023-00343,05-04-2023,Erode,Location_2,09:51,Car,Rural Road,Clear,Poor road,3,0,0,Male,53,Yes,No,57061,8.292034549,78.43281165
TN-2023-00344,09-04-2023,Vellore,Location_80,10:53,Two Wheeler,Urban Street,Rain,Drunk drive,2,1,0,Male,35,No,Yes,345367,13.28684775,78.24703254
TN-2023-00345,07-07-2023,Salem,Location_95,15:08,Two Wheeler,Rural Road,Clear,Over speed,3,1,1,Male,41,Yes,Yes,426691,9.099482149,76.63708588
TN-2023-00346,26-04-2023,Chennai,Location_70,14:13,Car,Urban Street,Fog,Poor road,1,2,0,Male,47,No,Yes,266224,11.02727748,76.54759655
TN-2023-00347,10-07-2023,Chennai,Location_85,18:30,Lorry,SH,Clear,Drunk drive,4,2,1,Male,34,No,Yes,392745,8.410903933,76.58621008
TN-2023-00348,10-09-2023,Thoothukudi,Location_90,08:35,Two Wheeler,NH,Cloudy,Over speed,4,1,0,Male,33,Yes,No,292222,12.63813657,79.78579727
TN-2023-00349,10-06-2023,Tiruppur,Location_59,20:38,Truck,SH,Cloudy,Over speed,1,1,0,Male,59,No,Yes,357295,8.648254814,76.0897091
TN-2023-00350,13-09-2023,Erode,Location_19,21:25,Lorry,Rural Road,Rain,Drunk drive,4,2,0,Male,34,Yes,No,114506,11.54066431,76.91082085
TN-2023-00351,19-11-2023,Tiruppur,Location_28,07:23,Lorry,NH,Rain,Reckless driving,3,0,0,Male,61,Yes,Yes,214244,8.311453891,80.301513
TN-2023-00352,08-05-2023,Salem,Location_72,07:18,Lorry,NH,Rain,Drunk drive,4,2,0,Male,29,No,Yes,136293,8.86169532,76.297096
TN-2023-00353,18-01-2023,Chennai,Location_14,14:47,Two Wheeler,Urban Street,Fog,Weather,3,2,0,Male,44,Yes,Yes,77630,10.81677593,76.16344652
TN-2023-00354,08-10-2023,Erode,Location_24,21:54,Lorry,NH,Clear,Weather,4,2,0,Male,21,Yes,Yes,227649,8.251268921,77.74298196
TN-2023-00355,11-08-2023,Erode,Location_44,08:57,Two Wheeler,Urban Street,Sunny,Poor road,3,2,0,Male,52,Yes,Yes,82363,9.075870255,76.68040253
TN-2023-00356,23-02-2023,Madurai,Location_56,11:47,Auto Rickshaw,NH,Clear,Poor road,3,2,0,Female,18,Yes,Yes,328647,8.748947668,78.54593598
TN-2023-00357,27-02-2023,Vellore,Location_90,03:36,Two Wheeler,NH,Rain,Brake failure,1,0,0,Male,29,Yes,Yes,340841,8.223162669,77.52361439
TN-2023-00358,19-11-2023,Chennai,Location_95,07:00,Two Wheeler,Urban Street,Fog,Weather,1,3,0,Male,46,Yes,Yes,120715,13.34048224,76.94036236
TN-2023-00359,26-12-2023,Chennai,Location_51,05:46,Car,NH,Clear,Drunk drive,5,2,0,Female,25,Yes,Yes,174903,10.47591456,80.49370772
TN-2023-00360,23-06-2023,Erode,Location_32,03:52,Two Wheeler,SH,Cloudy,Weather,1,2,0,Male,25,No,Yes,274166,12.72414704,77.53496855
TN-2023-00361,07-10-2023,Tiruppur,Location_50,10:04,Two Wheeler,NH,Clear,Reckless driving,3,0,0,Male,29,Yes,Yes,239479,9.970225176,78.88452902
TN-2023-00362,24-04-2023,Chennai,Location_41,17:23,Car,Rural Road,Cloudy,Poor road,3,3,0,Male,53,Yes,Yes,497561,8.234255832,79.93350868
TN-2023-00363,15-10-2023,Erode,Location_66,14:17,Auto Rickshaw,Urban Street,Clear,Reckless driving,4,1,0,Male,51,Yes,Yes,427911,11.82609574,80.15074219
TN-2023-00364,08-12-2023,Chennai,Location_25,19:27,Car,Urban Street,Clear,Poor road,4,0,0,Male,53,Yes,Yes,420061,8.213148052,77.84557286
TN-2023-00365,31-05-2023,Erode,Location_61,12:04,Two Wheeler,SH,Clear,Reckless driving,5,2,0,Male,21,Yes,Yes,100241,11.04030222,80.39270316
TN-2023-00366,07-05-2023,Madurai,Location_66,00:21,Two Wheeler,Rural Road,Rain,Poor road,3,1,0,Female,28,Yes,Yes,88826,8.765116095,79.26054393
TN-2023-00367,04-06-2023,Vellore,Location_42,17:45,Two Wheeler,NH,Cloudy,Drunk drive,5,0,0,Female,20,Yes,Yes,179861,11.68949335,78.62474088
TN-2023-00368,30-09-2023,Erode,Location_65,04:30,Car,SH,Fog,Reckless driving,3,1,0,Male,27,Yes,Yes,61242,12.90987146,79.119757
TN-2023-00369,14-04-2023,Chennai,Location_36,05:26,Bus,NH,Sunny,Over speed,1,0,0,Male,29,No,Yes,401661,13.25670093,77.62061998
TN-2023-00370,26-10-2023,Salem,Location_76,15:53,Two Wheeler,SH,Cloudy,Poor road,4,0,0,Male,26,No,Yes,196853,10.90276993,77.90982423
TN-2023-00371,03-09-2023,Vellore,Location_9,20:11,Two Wheeler,Urban Street,Rain,Weather,5,1,0,Male,38,Yes,Yes,83174,10.92987047,78.63821074
TN-2023-00372,25-06-2023,Madurai,Location_36,19:17,Two Wheeler,Rural Road,Cloudy,Over speed,2,3,0,Male,51,Yes,Yes,244714,8.210534758,77.47075358
TN-2023-00373,08-02-2023,Erode,Location_92,01:54,Two Wheeler,Urban Street,Fog,Weather,3,1,0,Male,39,No,Yes,324277,12.23431879,79.45965284
TN-2023-00374,19-06-2023,Salem,Location_38,20:22,Two Wheeler,SH,Cloudy,Poor road,1,1,1,Female,35,No,Yes,488009,13.25914629,77.1298906
TN-2023-00375,04-09-2023,Erode,Location_33,12:26,Lorry,NH,Rain,Drunk drive,2,3,0,Male,61,Yes,Yes,421572,10.41028768,79.58562479
TN-2023-00376,26-01-2023,Tiruppur,Location_42,16:16,Two Wheeler,Rural Road,Rain,Over speed,1,1,1,Male,23,No,Yes,5897,12.36530653,76.68470802
TN-2023-00377,21-12-2023,Chennai,Location_61,15:20,Car,NH,Sunny,Over speed,1,3,0,Female,42,No,Yes,123178,12.3860107,76.9782589
TN-2023-00378,02-11-2023,Tirunelveli,Location_46,17:39,Car,Urban Street,Fog,Poor road,3,3,2,Male,62,Yes,No,135081,12.32135471,79.38892264
TN-2023-00379,13-01-2023,Thoothukudi,Location_86,02:16,Two Wheeler,NH,Sunny,Reckless driving,1,3,0,Male,32,Yes,Yes,247012,12.17274532,77.18413702
TN-2023-00380,12-11-2023,Coimbatore,Location_89,17:57,Bus,SH,Clear,Poor road,5,2,0,Male,18,Yes,Yes,172749,9.183032052,79.57927413
TN-2023-00381,09-11-2023,Tiruppur,Location_61,22:05,Car,Rural Road,Rain,Poor road,2,0,0,Male,57,Yes,No,471371,12.13283679,79.52741498
TN-2023-00382,05-02-2023,Salem,Location_18,07:54,Two Wheeler,Rural Road,Sunny,Brake failure,1,2,0,Male,35,Yes,Yes,300488,8.794174596,77.15785558
TN-2023-00383,22-06-2023,Tiruppur,Location_70,12:07,Lorry,Rural Road,Rain,Drunk drive,1,0,0,Male,61,Yes,Yes,412202,11.9187667,76.32886457
TN-2023-00384,20-01-2023,Trichy,Location_82,18:37,Two Wheeler,SH,Rain,Reckless driving,4,2,0,Male,48,Yes,Yes,265271,8.019463333,76.74862262
TN-2023-00385,17-11-2023,Erode,Location_80,22:46,Auto Rickshaw,NH,Clear,Drunk drive,4,3,0,Male,37,Yes,Yes,338870,13.05353771,79.38637028
TN-2023-00386,21-09-2023,Erode,Location_15,09:26,Car,Rural Road,Rain,Poor road,5,2,0,Female,61,Yes,Yes,206945,12.55063846,79.81147392
TN-2023-00387,22-05-2023,Coimbatore,Location_48,16:00,Car,Urban Street,Sunny,Brake failure,4,0,0,Male,42,No,Yes,268388,11.75629903,77.7237498
TN-2023-00388,23-05-2023,Coimbatore,Location_72,06:28,Auto Rickshaw,Urban Street,Fog,Poor road,1,2,0,Male,50,Yes,Yes,352146,8.519572785,76.73898474
TN-2023-00389,02-04-2023,Trichy,Location_13,12:02,Lorry,Urban Street,Cloudy,Poor road,1,1,0,Male,27,Yes,Yes,152645,12.53743703,76.33961387
TN-2023-00390,20-12-2023,Chennai,Location_43,18:46,Car,Urban Street,Sunny,Drunk drive,2,1,0,Male,46,Yes,Yes,17146,12.81345598,76.97117211
TN-2023-00391,18-11-2023,Thoothukudi,Location_60,04:30,Lorry,Urban Street,Clear,Brake failure,4,3,0,Male,36,Yes,Yes,356107,11.78393292,80.40858187
TN-2023-00392,15-10-2023,Tirunelveli,Location_57,10:21,Two Wheeler,SH,Cloudy,Drunk drive,3,2,0,Female,45,Yes,Yes,164829,13.36737649,76.76622857
TN-2023-00393,03-08-2023,Tirunelveli,Location_71,17:34,Car,NH,Rain,Poor road,4,2,0,Male,44,No,Yes,132520,8.510836527,76.38775152
TN-2023-00394,08-12-2023,Madurai,Location_17,05:02,Two Wheeler,SH,Sunny,Weather,1,0,0,Male,36,Yes,No,191273,11.8975727,79.53463085
TN-2023-00395,20-02-2023,Madurai,Location_50,04:08,Two Wheeler,Urban Street,Cloudy,Over speed,2,0,0,Male,60,Yes,Yes,27857,10.88637819,78.76935173
TN-2023-00396,02-06-2023,Chennai,Location_32,18:27,Lorry,Urban Street,Sunny,Reckless driving,4,2,0,Male,48,Yes,Yes,265514,8.800833708,78.40669608
TN-2023-00397,05-07-2023,Madurai,Location_22,12:37,Two Wheeler,Rural Road,Rain,Poor road,2,0,0,Male,52,Yes,Yes,94268,11.62127762,78.01533648
TN-2023-00398,04-03-2023,Madurai,Location_55,10:52,Two Wheeler,Rural Road,Sunny,Reckless driving,4,1,0,Male,31,Yes,Yes,32642,12.39740524,79.15828579
TN-2023-00399,09-07-2023,Trichy,Location_57,20:26,Lorry,NH,Clear,Brake failure,5,1,0,Male,23,Yes,Yes,180387,8.906115326,79.14259747
TN-2023-00400,05-05-2023,Trichy,Location_13,13:05,Two Wheeler,NH,Cloudy,Weather,1,3,0,Male,26,Yes,Yes,468382,12.36419891,77.90991658
TN-2023-00401,30-05-2023,Madurai,Location_47,05:48,Two Wheeler,NH,Cloudy,Reckless driving,1,1,0,Male,58,No,Yes,235448,8.511338425,77.0540253
TN-2023-00402,10-11-2023,Tiruppur,Location_87,10:46,Car,SH,Cloudy,Reckless driving,3,0,0,Female,44,Yes,Yes,214739,11.25270061,79.78568555
TN-2023-00403,27-02-2023,Vellore,Location_62,08:52,Car,Rural Road,Sunny,Brake failure,1,0,0,Male,34,No,Yes,259684,12.3915856,76.74080036
TN-2023-00404,08-12-2023,Vellore,Location_54,16:55,Lorry,NH,Rain,Poor road,3,0,0,Male,53,No,Yes,264073,8.802762588,78.40302841
TN-2023-00405,01-11-2023,Chennai,Location_29,06:06,Car,Rural Road,Sunny,Poor road,1,0,0,Male,21,Yes,Yes,311764,11.14335502,79.11703352
TN-2023-00406,29-06-2023,Tirunelveli,Location_22,20:00,Car,Rural Road,Sunny,Over speed,4,2,0,Male,41,No,Yes,85739,10.33683018,78.87494634
TN-2023-00407,19-06-2023,Coimbatore,Location_65,07:04,Bus,Rural Road,Cloudy,Brake failure,4,2,1,Female,33,Yes,Yes,336374,11.34001463,78.78457449
TN-2023-00408,22-11-2023,Chennai,Location_29,18:07,Car,Rural Road,Rain,Weather,5,2,0,Male,34,Yes,Yes,130081,10.33321935,78.98127788
TN-2023-00409,28-09-2023,Madurai,Location_48,16:18,Car,Rural Road,Fog,Over speed,4,2,0,Female,20,No,Yes,107544,9.380015279,79.94044712
TN-2023-00410,23-02-2023,Trichy,Location_5,11:58,Auto Rickshaw,Rural Road,Rain,Brake failure,2,1,0,Male,56,Yes,Yes,452786,9.395959945,77.64426657
TN-2023-00411,11-04-2023,Erode,Location_35,22:29,Two Wheeler,SH,Sunny,Poor road,4,0,0,Male,54,Yes,Yes,23016,12.75585103,78.82346428
TN-2023-00412,21-09-2023,Tiruppur,Location_74,14:35,Two Wheeler,Urban Street,Clear,Over speed,3,1,0,Male,20,No,No,6338,8.860498749,79.13635006
TN-2023-00413,22-02-2023,Salem,Location_83,22:43,Two Wheeler,Rural Road,Rain,Poor road,5,0,2,Male,61,Yes,Yes,133888,8.677128382,78.65646949
TN-2023-00414,01-03-2023,Trichy,Location_71,12:13,Car,SH,Cloudy,Drunk drive,2,2,0,Female,58,No,Yes,54877,8.53393529,80.06351189
TN-2023-00415,18-04-2023,Vellore,Location_46,04:53,Two Wheeler,NH,Clear,Drunk drive,2,1,0,Female,52,Yes,Yes,182985,8.407851215,78.94650443
TN-2023-00416,05-01-2023,Trichy,Location_35,15:29,Car,SH,Fog,Over speed,1,0,0,Male,20,Yes,Yes,100817,8.07970704,77.90993085
TN-2023-00417,13-04-2023,Tiruppur,Location_45,06:46,Lorry,SH,Fog,Over speed,3,2,0,Male,33,Yes,Yes,444078,8.882232098,79.80514196
TN-2023-00418,15-07-2023,Coimbatore,Location_13,12:57,Car,SH,Clear,Brake failure,4,3,1,Male,37,Yes,Yes,7585,9.060000892,78.20305599
TN-2023-00419,19-09-2023,Madurai,Location_10,15:43,Two Wheeler,Rural Road,Fog,Weather,4,0,0,Male,62,Yes,Yes,326245,9.483482331,78.38573473
TN-2023-00420,31-12-2023,Erode,Location_66,06:47,Lorry,NH,Clear,Weather,1,3,0,Male,23,Yes,Yes,163613,8.682217141,78.62025777
TN-2023-00421,16-12-2023,Vellore,Location_70,22:54,Two Wheeler,SH,Sunny,Drunk drive,4,0,0,Male,50,Yes,Yes,314962,8.517857197,77.45253109
TN-2023-00422,16-02-2023,Vellore,Location_72,12:54,Bus,NH,Clear,Drunk drive,2,2,1,Male,60,No,Yes,281245,10.97812199,79.25142925
TN-2023-00423,21-12-2023,Thoothukudi,Location_25,02:14,Car,SH,Sunny,Drunk drive,4,1,2,Female,44,Yes,Yes,222431,11.95277543,76.44156784
TN-2023-00424,07-11-2023,Tirunelveli,Location_44,02:06,Two Wheeler,Rural Road,Cloudy,Poor road,4,0,0,Male,47,Yes,Yes,192420,11.46602948,79.90982141
TN-2023-00425,04-11-2023,Coimbatore,Location_60,17:45,Auto Rickshaw,SH,Cloudy,Weather,2,3,0,Male,52,Yes,Yes,223226,11.06188503,79.39541989
TN-2023-00426,24-05-2023,Vellore,Location_47,17:50,Two Wheeler,SH,Fog,Over speed,3,2,0,Male,35,Yes,Yes,415889,10.42310075,77.59134311
TN-2023-00427,26-09-2023,Tirunelveli,Location_40,13:19,Bicycle,NH,Clear,Drunk drive,3,0,0,Female,47,No,Yes,21865,11.48689136,77.01876897
TN-2023-00428,04-05-2023,Vellore,Location_7,05:39,Two Wheeler,NH,Sunny,Reckless driving,2,3,1,Male,60,No,Yes,387061,12.96026724,77.74554075
TN-2023-00429,16-04-2023,Madurai,Location_46,06:19,Two Wheeler,NH,Cloudy,Brake failure,2,0,0,Male,43,No,Yes,279072,11.45080132,79.6227366
TN-2023-00430,07-06-2023,Tirunelveli,Location_23,17:49,Two Wheeler,Urban Street,Cloudy,Over speed,5,3,0,Male,32,No,Yes,423196,8.334735951,76.14206857
TN-2023-00431,27-05-2023,Tiruppur,Location_83,14:51,Two Wheeler,NH,Cloudy,Over speed,5,0,0,Female,49,Yes,Yes,461636,11.13730389,78.10565916
TN-2023-00432,25-05-2023,Thoothukudi,Location_46,21:50,Bus,SH,Fog,Over speed,4,1,0,Male,52,Yes,Yes,303613,10.88317952,77.14349596
TN-2023-00433,30-04-2023,Madurai,Location_86,21:52,Bus,Urban Street,Cloudy,Weather,4,1,0,Male,29,Yes,Yes,322050,10.48612786,79.9372813
TN-2023-00434,15-11-2023,Tiruppur,Location_13,20:01,Lorry,NH,Rain,Drunk drive,5,1,0,Female,38,No,Yes,434990,11.12837421,77.86228708
TN-2023-00435,02-10-2023,Erode,Location_21,07:52,Two Wheeler,Rural Road,Fog,Brake failure,4,1,0,Female,29,Yes,Yes,144980,11.69939715,79.14054248
TN-2023-00436,02-04-2023,Coimbatore,Location_1,10:17,Two Wheeler,NH,Clear,Poor road,3,2,0,Male,18,Yes,Yes,334537,8.204930512,77.61051621
TN-2023-00437,27-02-2023,Coimbatore,Location_19,22:12,Bus,Rural Road,Rain,Brake failure,3,1,0,Male,28,Yes,Yes,122498,10.64110492,77.48364851
TN-2023-00438,12-12-2023,Salem,Location_60,08:08,Two Wheeler,Urban Street,Fog,Brake failure,1,0,0,Male,42,No,Yes,206861,12.49475418,77.46642793
TN-2023-00439,17-08-2023,Salem,Location_33,16:06,Bus,Rural Road,Fog,Reckless driving,5,2,0,Male,64,Yes,Yes,372104,10.91927462,79.05178575
TN-2023-00440,27-04-2023,Tirunelveli,Location_4,08:53,Car,Urban Street,Sunny,Brake failure,3,0,0,Male,26,Yes,Yes,423075,8.373217842,80.33908402
TN-2023-00441,14-11-2023,Coimbatore,Location_3,00:01,Two Wheeler,Rural Road,Rain,Poor road,1,3,0,Male,56,Yes,Yes,488210,12.26288495,76.93665139
TN-2023-00442,06-10-2023,Tirunelveli,Location_91,03:13,Lorry,NH,Rain,Brake failure,2,1,0,Female,60,No,Yes,322350,13.17732357,78.89755556
TN-2023-00443,07-05-2023,Salem,Location_52,03:01,Bus,Urban Street,Rain,Reckless driving,3,0,0,Male,44,Yes,Yes,119811,12.68514177,77.19445495
TN-2023-00444,09-05-2023,Erode,Location_99,07:49,Bus,SH,Cloudy,Brake failure,1,0,0,Female,46,Yes,Yes,225356,9.994128398,78.47207524
TN-2023-00445,27-02-2023,Vellore,Location_28,18:13,Two Wheeler,SH,Cloudy,Drunk drive,4,0,0,Female,44,No,Yes,385305,10.94153111,78.43719483
TN-2023-00446,02-05-2023,Tiruppur,Location_70,19:24,Two Wheeler,SH,Clear,Reckless driving,1,3,0,Male,45,No,Yes,309659,11.25221686,78.02520709
TN-2023-00447,01-01-2023,Trichy,Location_70,09:48,Two Wheeler,NH,Clear,Drunk drive,3,3,0,Male,56,Yes,Yes,374995,11.93689222,78.24389866
TN-2023-00448,27-08-2023,Tirunelveli,Location_55,07:27,Two Wheeler,SH,Clear,Drunk drive,4,3,0,Male,35,Yes,Yes,328028,11.66337835,79.96104017
TN-2023-00449,17-10-2023,Erode,Location_57,13:20,Two Wheeler,Urban Street,Cloudy,Over speed,4,0,1,Male,32,No,Yes,355042,9.094893066,76.39872036
TN-2023-00450,06-04-2023,Tiruppur,Location_87,22:31,Lorry,SH,Sunny,Reckless driving,1,3,0,Female,33,Yes,Yes,203969,12.63671114,79.73627413
TN-2023-00451,06-05-2023,Coimbatore,Location_97,07:30,Car,Urban Street,Clear,Brake failure,1,1,0,Male,64,No,Yes,277305,12.67050316,78.08040999
TN-2023-00452,28-04-2023,Vellore,Location_16,04:15,Car,SH,Fog,Weather,3,3,0,Male,40,No,No,477744,10.22393365,77.50117316
TN-2023-00453,17-02-2023,Tiruppur,Location_24,07:41,Two Wheeler,Rural Road,Cloudy,Weather,4,3,0,Female,47,No,Yes,275945,8.720030846,76.79715688
TN-2023-00454,30-03-2023,Thoothukudi,Location_69,07:40,Auto Rickshaw,Urban Street,Sunny,Weather,5,0,0,Male,53,Yes,Yes,477721,11.3471171,79.66662906
TN-2023-00455,25-08-2023,Salem,Location_41,17:34,Two Wheeler,SH,Fog,Poor road,1,0,2,Male,52,Yes,No,430633,9.964929604,78.66419004
TN-2023-00456,29-09-2023,Tiruppur,Location_77,16:51,Lorry,SH,Fog,Drunk drive,5,0,0,Male,45,Yes,Yes,326601,12.07764846,79.27769074
TN-2023-00457,08-07-2023,Trichy,Location_47,14:52,Truck,SH,Cloudy,Drunk drive,5,0,0,Male,63,No,No,476284,9.736114078,77.41733465
TN-2023-00458,11-07-2023,Erode,Location_76,16:39,Bus,Urban Street,Rain,Drunk drive,4,1,2,Female,20,Yes,Yes,132949,9.446496017,77.76831668
TN-2023-00459,10-03-2023,Vellore,Location_69,01:48,Bicycle,Urban Street,Sunny,Reckless driving,3,0,0,Male,33,Yes,Yes,163054,12.77240704,80.11139678
TN-2023-00460,05-10-2023,Madurai,Location_31,17:30,Bus,SH,Cloudy,Poor road,5,2,0,Male,32,Yes,Yes,67784,11.38701295,80.32532028
TN-2023-00461,15-12-2023,Tiruppur,Location_92,04:40,Two Wheeler,Rural Road,Rain,Brake failure,3,2,0,Female,36,No,Yes,398341,8.472954038,79.32928981
TN-2023-00462,04-09-2023,Chennai,Location_92,08:33,Two Wheeler,Urban Street,Cloudy,Over speed,1,0,0,Female,27,Yes,Yes,30307,11.79149566,79.37241707
TN-2023-00463,17-03-2023,Trichy,Location_30,01:50,Two Wheeler,Urban Street,Cloudy,Reckless driving,4,0,0,Male,21,No,Yes,258288,12.14003453,79.12480125
TN-2023-00464,03-06-2023,Trichy,Location_18,22:58,Two Wheeler,Rural Road,Fog,Drunk drive,2,1,2,Male,39,No,Yes,171170,9.293619874,78.64244471
TN-2023-00465,24-05-2023,Chennai,Location_44,02:16,Bus,NH,Cloudy,Brake failure,4,2,0,Male,35,Yes,No,50085,13.32210991,78.67785248
TN-2023-00466,27-03-2023,Thoothukudi,Location_27,13:13,Two Wheeler,Rural Road,Rain,Weather,2,3,0,Female,39,Yes,Yes,6621,10.05072036,80.33711301
TN-2023-00467,04-07-2023,Madurai,Location_99,13:37,Lorry,SH,Fog,Over speed,1,1,1,Male,59,Yes,Yes,193747,13.17315617,79.37910187
TN-2023-00468,12-10-2023,Salem,Location_26,02:00,Two Wheeler,Urban Street,Rain,Weather,3,3,0,Male,33,Yes,Yes,147079,9.614893079,78.94903583
TN-2023-00469,08-08-2023,Erode,Location_60,15:28,Car,Urban Street,Rain,Brake failure,1,0,0,Male,20,Yes,Yes,247048,11.3505779,76.85081321
TN-2023-00470,10-03-2023,Vellore,Location_18,03:32,Truck,Urban Street,Fog,Brake failure,4,2,0,Male,61,Yes,Yes,198760,10.84663426,80.39683289
TN-2023-00471,16-02-2023,Erode,Location_97,16:27,Two Wheeler,Urban Street,Rain,Weather,2,3,0,Male,52,Yes,Yes,460976,13.45687199,78.34132016
TN-2023-00472,04-04-2023,Madurai,Location_89,17:25,Bus,NH,Clear,Reckless driving,2,2,0,Male,58,No,No,345984,10.24595585,80.24670953
TN-2023-00473,26-08-2023,Erode,Location_56,07:33,Lorry,Urban Street,Cloudy,Over speed,4,3,0,Male,56,Yes,Yes,474360,8.986098649,79.21100892
TN-2023-00474,23-07-2023,Chennai,Location_31,17:30,Two Wheeler,Urban Street,Fog,Weather,4,1,0,Male,33,Yes,No,12101,12.58264875,76.18036378
TN-2023-00475,06-08-2023,Trichy,Location_59,15:57,Car,NH,Fog,Weather,1,0,0,Male,38,Yes,Yes,142860,8.23124289,78.42547975
TN-2023-00476,07-12-2023,Erode,Location_2,09:39,Two Wheeler,SH,Clear,Reckless driving,5,2,0,Male,38,Yes,Yes,192311,12.86725816,80.01706953
TN-2023-00477,08-02-2023,Tirunelveli,Location_97,11:21,Lorry,SH,Clear,Weather,2,1,0,Male,18,No,Yes,227852,8.608242214,76.23301308
TN-2023-00478,10-04-2023,Tiruppur,Location_39,15:11,Car,NH,Clear,Over speed,4,2,0,Female,47,Yes,Yes,305102,11.14606841,79.90027398
TN-2023-00479,16-10-2023,Madurai,Location_61,10:19,Car,SH,Clear,Poor road,1,3,2,Male,64,No,Yes,70363,11.92378425,78.76026081
TN-2023-00480,11-09-2023,Thoothukudi,Location_63,18:00,Lorry,SH,Sunny,Over speed,5,3,0,Male,51,Yes,Yes,40097,9.849778373,76.20037268
TN-2023-00481,10-08-2023,Tirunelveli,Location_96,02:11,Two Wheeler,Rural Road,Fog,Reckless driving,3,0,0,Male,56,No,Yes,109752,12.64607792,77.68119249
TN-2023-00482,23-12-2023,Chennai,Location_18,08:52,Lorry,Rural Road,Rain,Weather,4,3,0,Male,63,No,Yes,350925,11.26537733,76.13576767
TN-2023-00483,23-01-2023,Coimbatore,Location_17,21:36,Auto Rickshaw,Rural Road,Fog,Drunk drive,5,0,0,Male,40,Yes,Yes,379361,10.1733574,76.00772334
TN-2023-00484,07-09-2023,Chennai,Location_98,00:41,Auto Rickshaw,NH,Fog,Drunk drive,3,0,0,Male,51,Yes,Yes,498372,9.789499416,80.03391308
TN-2023-00485,10-01-2023,Thoothukudi,Location_39,16:03,Lorry,Urban Street,Fog,Brake failure,3,1,0,Male,47,Yes,Yes,349322,8.6160453,79.36860235
TN-2023-00486,03-09-2023,Thoothukudi,Location_71,14:50,Two Wheeler,NH,Clear,Poor road,1,0,0,Male,50,No,Yes,340014,11.52199959,77.30262403
TN-2023-00487,21-11-2023,Tirunelveli,Location_54,07:22,Bicycle,NH,Clear,Reckless driving,2,1,0,Male,33,No,Yes,451029,10.0022362,76.51169739
TN-2023-00488,10-04-2023,Tiruppur,Location_99,14:26,Two Wheeler,NH,Sunny,Brake failure,4,2,0,Male,58,Yes,Yes,421432,9.763083017,76.24494662
TN-2023-00489,17-10-2023,Madurai,Location_94,06:46,Car,NH,Fog,Brake failure,5,3,0,Male,47,Yes,Yes,264341,13.2247139,80.12750049
TN-2023-00490,29-06-2023,Salem,Location_76,07:29,Two Wheeler,Rural Road,Cloudy,Drunk drive,3,3,0,Male,20,No,Yes,87451,9.50038674,78.81500583
TN-2023-00491,11-08-2023,Trichy,Location_35,22:41,Bicycle,NH,Sunny,Over speed,2,3,0,Female,62,Yes,No,235841,12.82110811,76.72251499
TN-2023-00492,07-09-2023,Tirunelveli,Location_11,17:03,Bus,Rural Road,Clear,Brake failure,3,0,0,Male,19,Yes,Yes,120115,13.36192812,79.06657884
TN-2023-00493,27-05-2023,Thoothukudi,Location_61,14:42,Lorry,Urban Street,Fog,Brake failure,4,1,0,Female,43,Yes,Yes,267280,12.52506972,80.49500822
TN-2023-00494,06-04-2023,Coimbatore,Location_44,21:02,Two Wheeler,SH,Clear,Poor road,4,1,0,Male,35,No,Yes,44614,8.107343848,79.54612339
TN-2023-00495,14-09-2023,Vellore,Location_68,14:34,Lorry,Rural Road,Rain,Drunk drive,1,1,0,Male,19,No,Yes,16769,12.77743195,78.00939538
TN-2023-00496,21-11-2023,Thoothukudi,Location_25,14:37,Lorry,NH,Clear,Over speed,4,0,0,Male,57,Yes,Yes,135493,9.173784355,79.66379502
TN-2023-00497,04-01-2023,Tiruppur,Location_48,00:13,Bus,Urban Street,Clear,Poor road,4,3,0,Male,20,Yes,Yes,143501,9.943026942,79.34938007
TN-2023-00498,16-01-2023,Tiruppur,Location_32,15:00,Two Wheeler,NH,Sunny,Over speed,4,3,0,Male,34,Yes,Yes,418285,13.45370756,76.39893939
TN-2023-00499,07-10-2023,Thoothukudi,Location_84,20:48,Car,Urban Street,Rain,Over speed,2,1,1,Male,41,Yes,No,66544,10.22737823,80.16563481
TN-2023-00500,02-12-2023,Tiruppur,Location_95,07:49,Two Wheeler,SH,Cloudy,Brake failure,5,0,2,Male,19,Yes,Yes,312498,11.6015919,79.97846462
TN-2023-00501,04-09-2023,Tirunelveli,Location_4,15:37,Car,Urban Street,Cloudy,Poor road,5,3,0,Male,23,Yes,Yes,315079,9.708955529,78.65751785
TN-2023-00502,15-09-2023,Thoothukudi,Location_38,09:41,Two Wheeler,Urban Street,Cloudy,Brake failure,4,0,0,Male,57,No,Yes,426984,10.03185768,78.28667143
TN-2023-00503,09-06-2023,Thoothukudi,Location_63,04:25,Two Wheeler,SH,Fog,Weather,5,2,0,Female,43,Yes,Yes,243379,11.28693931,77.02483619
TN-2023-00504,06-12-2023,Madurai,Location_47,11:19,Two Wheeler,SH,Cloudy,Over speed,4,2,0,Male,23,Yes,Yes,27532,13.2155716,79.7550605
TN-2023-00505,01-06-2023,Trichy,Location_1,16:13,Two Wheeler,Urban Street,Fog,Poor road,5,0,1,Male,29,Yes,Yes,126996,9.553505606,77.94348884
TN-2023-00506,27-06-2023,Coimbatore,Location_3,13:34,Two Wheeler,NH,Clear,Drunk drive,5,2,0,Male,38,Yes,Yes,137471,9.360513039,78.60688011
TN-2023-00507,12-06-2023,Tiruppur,Location_86,11:51,Auto Rickshaw,Rural Road,Cloudy,Brake failure,3,3,0,Male,33,Yes,No,90646,8.144510082,76.76539368
TN-2023-00508,02-02-2023,Madurai,Location_62,17:43,Car,NH,Sunny,Weather,2,1,1,Male,23,Yes,Yes,467572,9.111598418,76.96220241
TN-2023-00509,28-06-2023,Salem,Location_64,01:01,Two Wheeler,Rural Road,Rain,Reckless driving,3,0,0,Male,51,Yes,Yes,302471,9.443269052,80.43340596
TN-2023-00510,11-04-2023,Salem,Location_17,16:09,Car,SH,Rain,Weather,3,2,0,Male,20,Yes,Yes,163582,8.345816663,78.22299986
TN-2023-00511,25-09-2023,Erode,Location_78,17:21,Car,NH,Clear,Weather,5,1,1,Female,58,Yes,Yes,50985,11.09984828,79.67084295
TN-2023-00512,19-11-2023,Tirunelveli,Location_62,18:57,Auto Rickshaw,SH,Rain,Brake failure,1,3,1,Female,36,Yes,Yes,91199,8.697203983,79.73378501
TN-2023-00513,06-03-2023,Tirunelveli,Location_35,20:00,Two Wheeler,Urban Street,Rain,Drunk drive,1,3,0,Female,46,Yes,Yes,88144,10.81092019,80.41679649
TN-2023-00514,17-06-2023,Chennai,Location_13,03:24,Two Wheeler,Urban Street,Clear,Poor road,2,0,0,Female,49,Yes,Yes,46305,9.039397255,80.42306807
TN-2023-00515,26-11-2023,Coimbatore,Location_35,03:30,Truck,NH,Clear,Over speed,4,1,0,Male,27,Yes,Yes,251813,13.14649026,78.05629938
TN-2023-00516,12-02-2023,Thoothukudi,Location_43,01:18,Two Wheeler,SH,Clear,Drunk drive,5,3,0,Male,44,Yes,Yes,313023,9.689036589,80.2764417
TN-2023-00517,13-02-2023,Tiruppur,Location_2,20:11,Two Wheeler,NH,Sunny,Brake failure,2,0,0,Male,46,Yes,Yes,197635,8.511106611,77.64454489
TN-2023-00518,12-10-2023,Coimbatore,Location_56,09:30,Two Wheeler,NH,Clear,Reckless driving,3,2,0,Male,30,Yes,Yes,62813,12.59884879,78.73437607
TN-2023-00519,12-01-2023,Erode,Location_77,12:21,Two Wheeler,Rural Road,Clear,Poor road,5,1,0,Male,37,Yes,Yes,57120,10.21120007,79.69770593
TN-2023-00520,05-04-2023,Chennai,Location_51,22:51,Bicycle,Urban Street,Clear,Over speed,3,3,0,Male,45,Yes,Yes,479599,12.51066504,80.11203942
TN-2023-00521,29-10-2023,Madurai,Location_54,22:14,Two Wheeler,NH,Cloudy,Reckless driving,2,2,0,Male,44,Yes,Yes,109771,9.718692707,78.35727651
TN-2023-00522,10-09-2023,Coimbatore,Location_16,02:22,Auto Rickshaw,Urban Street,Cloudy,Poor road,1,1,0,Male,30,Yes,Yes,332292,10.75020777,77.88036756
TN-2023-00523,30-08-2023,Madurai,Location_18,19:44,Bicycle,Rural Road,Sunny,Over speed,2,1,0,Male,42,Yes,No,379574,10.44946516,79.27833124
TN-2023-00524,04-02-2023,Salem,Location_7,07:56,Car,SH,Sunny,Over speed,5,1,0,Male,46,Yes,Yes,339107,11.06848493,78.05167406
TN-2023-00525,03-08-2023,Tiruppur,Location_45,06:55,Two Wheeler,NH,Rain,Weather,5,3,0,Male,32,Yes,Yes,407421,10.20908152,79.02310643
TN-2023-00526,03-12-2023,Erode,Location_36,07:17,Two Wheeler,Urban Street,Cloudy,Reckless driving,4,1,0,Male,62,No,Yes,458924,10.73241183,79.61898509
TN-2023-00527,31-03-2023,Thoothukudi,Location_41,08:05,Car,NH,Sunny,Reckless driving,1,2,0,Female,62,No,Yes,116433,11.73630135,79.7850727
TN-2023-00528,21-09-2023,Tiruppur,Location_94,03:14,Two Wheeler,SH,Sunny,Brake failure,5,3,0,Male,47,No,Yes,320464,10.28075528,77.14441319
TN-2023-00529,03-04-2023,Trichy,Location_42,04:57,Car,NH,Rain,Drunk drive,1,1,0,Female,55,Yes,No,82050,11.76422611,78.57156154
TN-2023-00530,31-03-2023,Tirunelveli,Location_7,04:38,Two Wheeler,NH,Clear,Weather,5,2,0,Male,49,Yes,Yes,197511,11.92866056,76.11265419
TN-2023-00531,25-04-2023,Erode,Location_15,08:06,Truck,Urban Street,Fog,Weather,1,3,0,Male,24,Yes,Yes,10246,12.11909721,79.58990295
TN-2023-00532,15-04-2023,Coimbatore,Location_60,08:19,Car,SH,Rain,Poor road,2,1,0,Female,52,Yes,Yes,412331,10.5901526,76.56292828
TN-2023-00533,15-07-2023,Tiruppur,Location_40,09:25,Bus,Rural Road,Fog,Reckless driving,1,0,0,Male,50,Yes,Yes,440072,8.020845442,79.92258025
TN-2023-00534,10-11-2023,Vellore,Location_83,03:37,Auto Rickshaw,SH,Rain,Over speed,3,0,0,Female,29,No,Yes,433253,12.1443109,77.83064322
TN-2023-00535,24-04-2023,Tirunelveli,Location_37,13:40,Two Wheeler,SH,Rain,Over speed,2,1,0,Male,40,Yes,Yes,373970,12.99996815,76.75270725
TN-2023-00536,16-03-2023,Tirunelveli,Location_66,00:16,Two Wheeler,Rural Road,Clear,Poor road,5,0,1,Female,22,No,Yes,363552,11.58939832,79.58116711
TN-2023-00537,05-08-2023,Vellore,Location_55,12:23,Two Wheeler,NH,Sunny,Reckless driving,5,3,1,Female,60,Yes,Yes,250066,10.88500863,76.90128874
TN-2023-00538,04-10-2023,Chennai,Location_77,06:08,Two Wheeler,Urban Street,Cloudy,Brake failure,4,1,0,Male,61,Yes,Yes,27824,11.07775229,77.77486603
TN-2023-00539,06-09-2023,Chennai,Location_95,10:34,Car,NH,Rain,Over speed,3,2,0,Female,48,Yes,Yes,475710,11.52446467,78.55094288
TN-2023-00540,13-06-2023,Vellore,Location_80,11:20,Two Wheeler,NH,Clear,Weather,4,0,0,Male,33,Yes,Yes,218572,13.49188555,77.62013472
TN-2023-00541,23-12-2023,Trichy,Location_56,02:14,Two Wheeler,Rural Road,Fog,Weather,2,1,0,Male,50,Yes,Yes,233058,8.341307658,76.80562934
TN-2023-00542,11-07-2023,Salem,Location_44,20:09,Bicycle,Rural Road,Sunny,Reckless driving,4,3,1,Female,18,Yes,Yes,219486,8.116505935,77.82742208
TN-2023-00543,15-08-2023,Vellore,Location_57,00:45,Two Wheeler,NH,Rain,Over speed,2,1,0,Female,39,Yes,Yes,133056,13.30292389,76.64909967
TN-2023-00544,26-06-2023,Salem,Location_6,19:05,Car,SH,Fog,Over speed,4,2,0,Male,45,No,Yes,439130,10.42261051,79.23619958
TN-2023-00545,09-04-2023,Tiruppur,Location_92,01:28,Two Wheeler,Urban Street,Rain,Brake failure,1,2,1,Female,22,No,Yes,82300,11.36794531,76.77177234
TN-2023-00546,05-02-2023,Trichy,Location_32,22:39,Two Wheeler,SH,Cloudy,Reckless driving,2,1,0,Male,21,No,Yes,32650,12.1439252,78.17072141
TN-2023-00547,06-04-2023,Erode,Location_74,00:03,Car,NH,Cloudy,Over speed,2,1,0,Male,18,No,Yes,153359,12.08152927,78.52170214
TN-2023-00548,01-06-2023,Salem,Location_18,03:28,Truck,NH,Sunny,Brake failure,1,1,0,Male,32,Yes,No,281271,11.55956806,80.25280123
TN-2023-00549,31-05-2023,Tirunelveli,Location_68,04:19,Two Wheeler,Urban Street,Fog,Weather,1,1,0,Male,54,No,Yes,241090,10.59540346,76.35216259
TN-2023-00550,09-07-2023,Tiruppur,Location_73,08:22,Two Wheeler,SH,Cloudy,Brake failure,3,3,0,Male,56,Yes,Yes,237227,11.16843038,80.18704874
TN-2023-00551,12-08-2023,Tirunelveli,Location_7,12:17,Two Wheeler,NH,Clear,Over speed,1,1,0,Male,55,Yes,Yes,325182,12.01305309,76.93701861
TN-2023-00552,06-02-2023,Trichy,Location_8,16:24,Two Wheeler,NH,Sunny,Drunk drive,4,3,1,Female,62,Yes,Yes,19926,12.67947984,79.78421319
TN-2023-00553,25-09-2023,Salem,Location_64,00:53,Two Wheeler,Rural Road,Rain,Reckless driving,1,1,0,Female,41,Yes,Yes,174804,8.700172259,76.40722864
TN-2023-00554,02-07-2023,Madurai,Location_7,14:33,Car,Urban Street,Fog,Over speed,1,3,0,Male,40,No,Yes,391525,9.528772325,80.4491607
TN-2023-00555,13-01-2023,Trichy,Location_41,15:19,Two Wheeler,Rural Road,Fog,Drunk drive,2,2,1,Male,64,Yes,No,439344,10.18677118,79.63434739
TN-2023-00556,06-10-2023,Trichy,Location_40,21:36,Car,Rural Road,Clear,Weather,2,0,0,Male,24,No,Yes,245713,11.66024044,76.28327995
TN-2023-00557,05-08-2023,Madurai,Location_3,21:50,Car,Rural Road,Cloudy,Reckless driving,1,1,0,Male,48,No,Yes,333250,10.17619278,76.9634997
TN-2023-00558,21-12-2023,Tiruppur,Location_17,04:33,Two Wheeler,NH,Fog,Poor road,3,1,0,Female,24,Yes,Yes,282665,9.313867761,78.46845247
TN-2023-00559,27-12-2023,Salem,Location_66,06:02,Two Wheeler,SH,Clear,Reckless driving,2,2,0,Male,30,Yes,Yes,311717,8.182286389,78.35607405
TN-2023-00560,13-10-2023,Salem,Location_79,16:23,Bicycle,Rural Road,Clear,Weather,4,0,0,Male,21,Yes,Yes,375776,12.63379368,78.83171141
TN-2023-00561,30-09-2023,Tirunelveli,Location_93,02:44,Two Wheeler,SH,Rain,Weather,4,2,0,Female,35,Yes,Yes,293061,10.3041357,78.08578005
TN-2023-00562,03-03-2023,Trichy,Location_52,06:24,Lorry,NH,Clear,Weather,1,2,0,Male,57,Yes,Yes,9165,9.810759494,79.30373938
TN-2023-00563,25-03-2023,Trichy,Location_22,02:14,Two Wheeler,Rural Road,Sunny,Brake failure,1,1,0,Male,36,No,Yes,134846,10.91954422,77.56818522
TN-2023-00564,05-08-2023,Thoothukudi,Location_4,17:28,Car,NH,Fog,Weather,3,1,0,Male,33,Yes,Yes,176507,8.676058827,76.79374077
TN-2023-00565,08-12-2023,Erode,Location_6,09:31,Two Wheeler,Rural Road,Sunny,Poor road,1,2,0,Female,35,Yes,Yes,141036,10.18547097,76.15200768
TN-2023-00566,06-07-2023,Trichy,Location_38,22:38,Two Wheeler,Rural Road,Clear,Over speed,5,1,0,Male,33,Yes,Yes,111448,12.13482156,77.46144526
TN-2023-00567,19-01-2023,Coimbatore,Location_26,08:36,Two Wheeler,NH,Clear,Drunk drive,5,1,0,Male,48,No,Yes,204267,12.04864597,77.92095475
TN-2023-00568,26-06-2023,Erode,Location_11,19:39,Two Wheeler,Urban Street,Sunny,Reckless driving,1,1,0,Male,42,Yes,Yes,14191,12.24543,78.96580922
TN-2023-00569,10-04-2023,Coimbatore,Location_90,13:03,Auto Rickshaw,Urban Street,Rain,Reckless driving,5,0,0,Male,19,No,Yes,140263,10.57079401,79.62905356
TN-2023-00570,21-08-2023,Salem,Location_17,19:27,Bus,SH,Clear,Weather,4,0,0,Male,63,Yes,No,431773,10.02902548,77.08028261
TN-2023-00571,17-03-2023,Erode,Location_88,13:43,Two Wheeler,SH,Sunny,Drunk drive,1,1,0,Male,45,Yes,Yes,47358,12.57292274,78.21941158
TN-2023-00572,22-09-2023,Trichy,Location_92,01:12,Car,NH,Sunny,Weather,4,2,0,Male,33,Yes,Yes,304360,8.953100708,77.05180243
TN-2023-00573,11-10-2023,Madurai,Location_99,00:51,Auto Rickshaw,NH,Fog,Brake failure,4,0,0,Female,53,Yes,Yes,427902,11.98825779,80.28024407
TN-2023-00574,25-07-2023,Tirunelveli,Location_31,06:27,Bus,NH,Rain,Drunk drive,5,2,0,Female,62,Yes,Yes,205213,12.88371011,78.91396041
TN-2023-00575,11-08-2023,Coimbatore,Location_77,08:27,Two Wheeler,Urban Street,Cloudy,Weather,3,3,1,Male,57,No,Yes,163563,9.573837531,79.0505608
TN-2023-00576,21-02-2023,Erode,Location_35,16:52,Auto Rickshaw,Urban Street,Sunny,Weather,4,3,0,Male,52,No,No,26073,9.087874822,78.39050867
TN-2023-00577,05-12-2023,Trichy,Location_16,22:12,Two Wheeler,Rural Road,Fog,Poor road,5,1,0,Male,41,Yes,Yes,331875,10.81888533,77.26823396
TN-2023-00578,24-05-2023,Erode,Location_79,22:09,Car,Rural Road,Cloudy,Poor road,3,2,0,Male,52,Yes,Yes,316692,9.190148751,76.90193446
TN-2023-00579,10-03-2023,Trichy,Location_18,15:05,Car,NH,Fog,Poor road,5,2,0,Female,47,No,Yes,6489,12.78922685,78.95490481
TN-2023-00580,09-04-2023,Trichy,Location_62,15:10,Auto Rickshaw,NH,Fog,Brake failure,5,3,0,Male,54,No,Yes,117406,9.344292956,80.14768233
TN-2023-00581,25-01-2023,Trichy,Location_27,19:02,Truck,SH,Rain,Drunk drive,1,0,0,Male,28,Yes,Yes,258922,9.726812568,76.95802164
TN-2023-00582,22-02-2023,Thoothukudi,Location_35,08:14,Auto Rickshaw,Urban Street,Clear,Brake failure,2,2,0,Male,62,Yes,Yes,144153,12.88630748,78.5729395
TN-2023-00583,31-05-2023,Tirunelveli,Location_45,12:41,Two Wheeler,NH,Rain,Over speed,3,2,0,Male,51,Yes,Yes,159697,9.13091891,78.38196237
TN-2023-00584,24-05-2023,Madurai,Location_35,19:55,Auto Rickshaw,Urban Street,Cloudy,Weather,5,0,1,Male,55,Yes,No,52602,12.86631214,78.88743893
TN-2023-00585,26-02-2023,Madurai,Location_28,12:16,Two Wheeler,NH,Rain,Weather,4,1,0,Male,56,Yes,Yes,15233,9.153916277,78.64505474
TN-2023-00586,08-02-2023,Erode,Location_9,06:27,Two Wheeler,Rural Road,Clear,Weather,4,3,0,Male,41,No,Yes,81865,13.01493114,77.22757573
TN-2023-00587,19-04-2023,Erode,Location_76,05:12,Car,NH,Rain,Poor road,2,2,0,Male,46,Yes,Yes,247957,9.747030467,79.11148761
TN-2023-00588,30-06-2023,Trichy,Location_15,16:14,Car,Rural Road,Rain,Weather,3,1,0,Female,21,Yes,Yes,241959,9.354290253,77.22696916
TN-2023-00589,11-02-2023,Thoothukudi,Location_21,03:27,Car,SH,Rain,Poor road,1,1,0,Female,58,Yes,No,370050,10.62454374,78.93847156
TN-2023-00590,05-07-2023,Trichy,Location_52,14:45,Car,SH,Sunny,Over speed,3,1,0,Male,47,No,Yes,403237,10.03072927,77.34970009
TN-2023-00591,11-08-2023,Thoothukudi,Location_35,20:10,Truck,SH,Sunny,Brake failure,4,0,0,Male,31,No,Yes,29722,9.109623279,76.37090235
TN-2023-00592,02-05-2023,Trichy,Location_97,03:34,Two Wheeler,NH,Rain,Brake failure,4,1,0,Male,41,No,Yes,348876,9.860945889,76.57250487
TN-2023-00593,13-05-2023,Coimbatore,Location_51,01:51,Two Wheeler,SH,Clear,Brake failure,1,2,0,Male,55,No,Yes,200321,11.92276139,79.75343311
TN-2023-00594,12-06-2023,Coimbatore,Location_83,09:29,Auto Rickshaw,NH,Clear,Poor road,1,1,0,Male,51,No,Yes,464439,12.57545351,76.54609868
TN-2023-00595,03-08-2023,Salem,Location_55,12:19,Two Wheeler,Urban Street,Clear,Reckless driving,4,1,1,Male,53,No,Yes,437223,12.51419007,77.48730949
TN-2023-00596,09-08-2023,Trichy,Location_87,20:28,Car,Rural Road,Clear,Reckless driving,5,1,0,Male,32,Yes,No,50945,12.16249487,77.29438788
TN-2023-00597,23-08-2023,Tirunelveli,Location_77,22:56,Bus,Urban Street,Fog,Drunk drive,5,3,0,Male,52,Yes,Yes,256209,8.029893339,76.26036869
TN-2023-00598,27-11-2023,Salem,Location_44,17:20,Car,NH,Rain,Reckless driving,1,2,0,Female,46,No,Yes,214540,10.34632171,78.6978379
TN-2023-00599,26-05-2023,Erode,Location_65,15:42,Bus,SH,Rain,Drunk drive,5,3,1,Male,53,No,Yes,348245,8.929346977,79.59453462
TN-2023-00600,27-08-2023,Tiruppur,Location_93,09:40,Two Wheeler,Rural Road,Fog,Over speed,1,3,0,Male,21,Yes,No,443505,8.404117042,80.46548404
TN-2023-00601,17-03-2023,Trichy,Location_88,11:29,Auto Rickshaw,SH,Clear,Drunk drive,3,1,0,Male,32,Yes,Yes,218674,12.04735127,80.21214438
TN-2023-00602,09-01-2023,Coimbatore,Location_80,18:32,Two Wheeler,Urban Street,Cloudy,Over speed,3,1,0,Male,28,Yes,Yes,420122,12.36413929,76.2219675
TN-2023-00603,15-03-2023,Tiruppur,Location_25,17:13,Two Wheeler,NH,Cloudy,Weather,3,1,1,Male,32,Yes,Yes,308434,12.48039156,77.15878914
TN-2023-00604,10-09-2023,Thoothukudi,Location_87,21:20,Two Wheeler,Rural Road,Fog,Brake failure,1,0,0,Male,38,Yes,No,396650,12.89670937,77.85453218
TN-2023-00605,18-08-2023,Tiruppur,Location_92,00:48,Car,Rural Road,Cloudy,Reckless driving,1,2,0,Male,52,Yes,Yes,407598,11.24526505,79.93756456
TN-2023-00606,07-01-2023,Tirunelveli,Location_47,10:51,Bus,NH,Sunny,Poor road,5,0,0,Male,40,Yes,Yes,384885,13.4897139,77.6203815
TN-2023-00607,23-06-2023,Trichy,Location_80,14:35,Truck,NH,Rain,Over speed,5,2,0,Female,27,No,Yes,74477,10.66047452,78.56640555
TN-2023-00608,21-05-2023,Madurai,Location_56,14:53,Bus,Rural Road,Cloudy,Reckless driving,5,1,0,Male,21,No,No,193373,12.85924449,78.96816849
TN-2023-00609,17-06-2023,Tiruppur,Location_38,21:31,Car,Urban Street,Sunny,Poor road,2,2,0,Female,62,Yes,Yes,134523,8.621174207,77.34081431
TN-2023-00610,19-06-2023,Madurai,Location_11,13:53,Truck,Urban Street,Rain,Poor road,1,2,0,Male,42,No,Yes,288450,8.819079253,78.61873245
TN-2023-00611,10-10-2023,Thoothukudi,Location_67,00:57,Car,SH,Sunny,Brake failure,3,3,0,Female,19,Yes,Yes,296564,11.24692195,76.22898477
TN-2023-00612,02-05-2023,Salem,Location_15,08:58,Car,Rural Road,Rain,Weather,3,2,2,Male,55,Yes,Yes,257653,8.682741246,78.16082478
TN-2023-00613,13-07-2023,Madurai,Location_1,06:22,Car,NH,Rain,Weather,2,2,0,Male,36,No,Yes,322533,8.41415351,77.70341082
TN-2023-00614,05-01-2023,Salem,Location_7,10:54,Two Wheeler,NH,Cloudy,Drunk drive,2,3,0,Male,41,No,No,479291,9.078355477,77.60089569
TN-2023-00615,29-01-2023,Coimbatore,Location_1,01:01,Auto Rickshaw,NH,Fog,Reckless driving,3,0,0,Male,25,Yes,Yes,191717,12.33145276,77.05701805
TN-2023-00616,14-06-2023,Trichy,Location_49,05:54,Two Wheeler,NH,Cloudy,Weather,1,2,0,Male,23,No,Yes,448630,13.10101903,79.67980406
TN-2023-00617,05-12-2023,Tiruppur,Location_96,18:28,Car,Rural Road,Clear,Brake failure,3,0,0,Male,37,No,Yes,371513,9.834070273,79.96865352
TN-2023-00618,16-05-2023,Coimbatore,Location_73,19:45,Bus,Urban Street,Sunny,Reckless driving,3,0,1,Male,31,Yes,Yes,119890,13.36115712,79.99657815
TN-2023-00619,31-12-2023,Coimbatore,Location_29,02:38,Auto Rickshaw,SH,Clear,Poor road,2,1,0,Male,57,Yes,Yes,304221,12.45252756,77.78248143
TN-2023-00620,17-11-2023,Vellore,Location_26,06:35,Auto Rickshaw,Urban Street,Rain,Over speed,2,2,0,Male,23,No,Yes,219281,9.243592441,77.16622584
TN-2023-00621,08-12-2023,Chennai,Location_87,22:36,Car,SH,Cloudy,Over speed,5,3,0,Male,29,No,Yes,209906,11.22363249,76.44285532
TN-2023-00622,25-05-2023,Tirunelveli,Location_45,16:57,Car,NH,Clear,Weather,2,3,1,Female,58,Yes,Yes,427738,13.39986378,79.02583451
TN-2023-00623,23-11-2023,Salem,Location_93,03:22,Two Wheeler,NH,Clear,Drunk drive,3,1,2,Female,24,Yes,Yes,240893,12.66832197,77.48575494
TN-2023-00624,05-08-2023,Vellore,Location_97,12:15,Car,Rural Road,Clear,Over speed,5,3,2,Male,62,No,Yes,80022,9.998474955,77.24499819
TN-2023-00625,28-10-2023,Chennai,Location_71,15:30,Auto Rickshaw,NH,Rain,Drunk drive,3,2,0,Female,47,Yes,Yes,176323,9.684776143,77.67147154
TN-2023-00626,12-05-2023,Tirunelveli,Location_12,01:49,Truck,Rural Road,Rain,Over speed,1,0,0,Male,33,Yes,Yes,44970,12.50589782,78.49625655
TN-2023-00627,19-10-2023,Salem,Location_95,00:17,Auto Rickshaw,Rural Road,Rain,Drunk drive,1,0,0,Male,25,Yes,Yes,327082,11.02040858,76.72866368
TN-2023-00628,11-03-2023,Trichy,Location_32,07:42,Two Wheeler,Rural Road,Clear,Drunk drive,2,3,0,Female,31,Yes,Yes,276360,8.898933834,80.32601897
TN-2023-00629,09-09-2023,Tirunelveli,Location_20,14:47,Auto Rickshaw,NH,Sunny,Poor road,5,3,0,Male,37,Yes,No,421302,9.803079071,79.29676343
TN-2023-00630,02-10-2023,Tiruppur,Location_51,16:16,Truck,NH,Cloudy,Brake failure,4,3,0,Female,45,Yes,Yes,277318,11.63997138,76.21053549
TN-2023-00631,30-12-2023,Coimbatore,Location_81,11:09,Two Wheeler,Urban Street,Cloudy,Over speed,1,0,0,Female,23,Yes,Yes,477172,8.842373863,77.38054504
TN-2023-00632,01-07-2023,Chennai,Location_36,19:05,Car,SH,Rain,Reckless driving,1,2,0,Female,47,Yes,Yes,124918,11.84293914,76.22622597
TN-2023-00633,16-06-2023,Chennai,Location_67,07:44,Lorry,Urban Street,Clear,Weather,1,2,0,Male,21,Yes,Yes,481404,11.90460819,77.0327014
TN-2023-00634,01-04-2023,Chennai,Location_1,01:31,Car,NH,Sunny,Brake failure,1,2,1,Female,53,Yes,Yes,333977,9.489104952,77.289659
TN-2023-00635,21-07-2023,Salem,Location_27,18:53,Bicycle,SH,Fog,Poor road,2,2,0,Male,20,Yes,No,470945,10.18916815,79.23090878
TN-2023-00636,12-12-2023,Tiruppur,Location_40,09:03,Car,Rural Road,Rain,Poor road,5,2,1,Male,27,No,Yes,103619,13.14497866,79.23432935
TN-2023-00637,19-01-2023,Tirunelveli,Location_97,11:49,Bus,SH,Fog,Poor road,1,1,0,Male,55,Yes,Yes,411161,12.12046683,76.20396389
TN-2023-00638,08-02-2023,Coimbatore,Location_84,06:19,Lorry,Rural Road,Cloudy,Weather,2,3,0,Female,44,No,No,66758,12.33295861,78.64657441
TN-2023-00639,06-05-2023,Tiruppur,Location_14,22:25,Car,NH,Cloudy,Over speed,5,2,2,Male,35,Yes,Yes,423344,10.83945854,80.32409784
TN-2023-00640,22-06-2023,Vellore,Location_69,03:06,Auto Rickshaw,SH,Sunny,Over speed,5,1,0,Female,62,No,Yes,482905,9.17226962,78.8276427
TN-2023-00641,21-05-2023,Trichy,Location_87,09:57,Car,Rural Road,Sunny,Drunk drive,4,2,0,Female,28,No,Yes,473010,11.25190752,80.32246297
TN-2023-00642,30-08-2023,Madurai,Location_79,14:11,Two Wheeler,Urban Street,Fog,Drunk drive,3,3,0,Female,53,No,Yes,416601,12.2465736,77.71251603
TN-2023-00643,08-08-2023,Tiruppur,Location_6,00:51,Two Wheeler,Urban Street,Cloudy,Reckless driving,1,2,0,Male,57,Yes,Yes,474727,8.021357953,78.06900231
TN-2023-00644,06-05-2023,Vellore,Location_33,17:24,Two Wheeler,Rural Road,Sunny,Drunk drive,2,2,0,Female,52,Yes,Yes,295085,8.625769393,78.2296893
TN-2023-00645,27-02-2023,Coimbatore,Location_55,15:04,Bus,Urban Street,Sunny,Weather,5,2,0,Male,61,Yes,Yes,358529,10.60861764,80.15776193
TN-2023-00646,28-05-2023,Madurai,Location_19,18:03,Auto Rickshaw,Urban Street,Cloudy,Brake failure,4,3,1,Male,30,No,No,373282,10.40457881,77.71126474
TN-2023-00647,13-11-2023,Madurai,Location_77,05:25,Two Wheeler,SH,Cloudy,Over speed,3,0,1,Female,40,Yes,Yes,141880,13.40255675,80.42538284
TN-2023-00648,27-12-2023,Tiruppur,Location_29,16:38,Two Wheeler,Urban Street,Clear,Drunk drive,5,3,0,Male,60,No,Yes,225471,8.506840953,78.44406716
TN-2023-00649,01-01-2023,Chennai,Location_61,22:38,Two Wheeler,SH,Sunny,Weather,5,0,0,Male,26,Yes,No,18276,9.780274994,76.98154325
TN-2023-00650,14-12-2023,Erode,Location_70,08:44,Bus,NH,Fog,Weather,1,1,1,Male,21,Yes,Yes,327224,12.48310735,76.46659622
TN-2023-00651,09-07-2023,Coimbatore,Location_79,19:13,Truck,Urban Street,Rain,Reckless driving,3,1,0,Male,60,Yes,Yes,273712,11.36835177,76.77792738
TN-2023-00652,10-07-2023,Chennai,Location_80,15:54,Car,NH,Rain,Drunk drive,3,2,0,Male,57,Yes,Yes,314971,11.08887943,76.17677234
TN-2023-00653,08-11-2023,Coimbatore,Location_24,08:14,Car,Urban Street,Cloudy,Reckless driving,2,2,0,Female,48,Yes,Yes,409667,12.07660571,79.11539614
TN-2023-00654,27-04-2023,Erode,Location_23,04:49,Car,Rural Road,Fog,Poor road,4,2,0,Female,20,Yes,Yes,238342,8.219906558,78.32606881
TN-2023-00655,14-05-2023,Trichy,Location_10,20:19,Two Wheeler,Rural Road,Clear,Poor road,2,3,0,Male,53,Yes,Yes,222442,13.21120434,79.32065752
TN-2023-00656,27-02-2023,Erode,Location_54,07:31,Bus,NH,Sunny,Poor road,4,2,0,Male,34,No,Yes,5598,9.051951722,79.52017955
TN-2023-00657,13-02-2023,Thoothukudi,Location_41,14:20,Car,NH,Clear,Drunk drive,2,0,0,Male,33,Yes,Yes,447679,8.450106397,80.1911342
TN-2023-00658,22-06-2023,Tiruppur,Location_49,08:18,Bus,NH,Fog,Weather,4,1,0,Male,56,Yes,Yes,180819,9.864244677,76.52649247
TN-2023-00659,09-06-2023,Tiruppur,Location_17,21:05,Auto Rickshaw,Rural Road,Clear,Weather,1,1,0,Female,19,Yes,Yes,63813,11.86295928,76.8374646
TN-2023-00660,22-06-2023,Vellore,Location_56,03:42,Lorry,NH,Cloudy,Over speed,4,1,0,Male,22,No,Yes,359932,9.273157884,78.46723445
TN-2023-00661,13-11-2023,Chennai,Location_45,09:02,Lorry,Rural Road,Rain,Poor road,2,0,0,Male,50,Yes,Yes,248426,8.274236804,76.58285941
TN-2023-00662,30-10-2023,Vellore,Location_30,00:43,Auto Rickshaw,NH,Cloudy,Drunk drive,3,2,0,Female,30,Yes,Yes,368069,8.315770656,76.41724777
TN-2023-00663,29-05-2023,Thoothukudi,Location_44,22:14,Bicycle,SH,Sunny,Over speed,5,0,0,Male,29,Yes,Yes,353771,9.411173611,78.99851919
TN-2023-00664,21-03-2023,Erode,Location_74,14:20,Car,SH,Cloudy,Weather,4,0,0,Male,36,Yes,Yes,129585,8.744006206,79.26120182
TN-2023-00665,01-08-2023,Tiruppur,Location_55,13:57,Two Wheeler,Urban Street,Fog,Over speed,4,3,0,Female,39,No,Yes,74493,10.04838211,79.79530222
TN-2023-00666,22-07-2023,Salem,Location_19,06:16,Car,SH,Fog,Poor road,3,3,0,Male,57,No,Yes,464931,8.951901962,80.12086005
TN-2023-00667,09-09-2023,Erode,Location_29,18:38,Lorry,NH,Sunny,Brake failure,1,1,0,Female,25,Yes,Yes,225196,9.893728857,77.9912475
TN-2023-00668,17-08-2023,Erode,Location_2,02:29,Two Wheeler,SH,Sunny,Poor road,2,0,0,Male,61,Yes,No,145051,10.44467922,80.40943452
TN-2023-00669,13-06-2023,Thoothukudi,Location_36,02:57,Two Wheeler,SH,Rain,Poor road,1,1,0,Male,21,Yes,Yes,124330,12.08396565,76.17049147
TN-2023-00670,15-08-2023,Trichy,Location_19,17:51,Two Wheeler,NH,Clear,Drunk drive,4,0,0,Male,24,No,Yes,362813,9.250697398,79.9155743
TN-2023-00671,27-05-2023,Coimbatore,Location_7,21:13,Bus,SH,Rain,Brake failure,4,1,0,Male,39,Yes,Yes,200910,10.61285076,77.44664136
TN-2023-00672,20-01-2023,Thoothukudi,Location_26,02:27,Car,NH,Cloudy,Reckless driving,1,1,0,Male,35,Yes,Yes,185577,12.48445356,80.14771526
TN-2023-00673,16-02-2023,Coimbatore,Location_79,06:38,Two Wheeler,SH,Clear,Brake failure,2,2,0,Male,23,Yes,Yes,200845,13.42507454,77.00171974
TN-2023-00674,21-08-2023,Tiruppur,Location_38,04:34,Two Wheeler,NH,Sunny,Brake failure,4,1,0,Male,21,Yes,Yes,123802,11.06518394,79.33447145
TN-2023-00675,01-11-2023,Thoothukudi,Location_3,17:46,Bus,Rural Road,Fog,Weather,4,3,0,Male,58,Yes,Yes,211185,10.37776202,77.91455549
TN-2023-00676,14-01-2023,Coimbatore,Location_80,19:13,Two Wheeler,Rural Road,Cloudy,Over speed,1,0,0,Male,62,No,Yes,124815,11.47343221,77.71659178
TN-2023-00677,23-05-2023,Vellore,Location_66,03:26,Two Wheeler,Urban Street,Rain,Weather,5,1,0,Male,29,Yes,Yes,418103,10.67462613,76.26738753
TN-2023-00678,01-01-2023,Thoothukudi,Location_95,07:28,Bus,SH,Sunny,Reckless driving,3,0,0,Male,54,Yes,Yes,459109,8.906161534,79.17660277
TN-2023-00679,23-02-2023,Tiruppur,Location_92,20:44,Car,Urban Street,Clear,Brake failure,4,1,0,Male,19,No,Yes,244041,10.5269595,76.78908742
TN-2023-00680,16-09-2023,Thoothukudi,Location_71,21:07,Two Wheeler,NH,Clear,Drunk drive,2,3,0,Male,20,Yes,Yes,382615,13.38505168,78.08346926
TN-2023-00681,24-05-2023,Tiruppur,Location_94,14:48,Car,Rural Road,Fog,Reckless driving,5,2,0,Female,62,Yes,Yes,92412,11.52235755,76.63588651
TN-2023-00682,12-01-2023,Thoothukudi,Location_43,04:51,Two Wheeler,NH,Sunny,Poor road,1,2,1,Male,38,Yes,Yes,363253,9.558877424,78.72015018
TN-2023-00683,26-11-2023,Coimbatore,Location_62,03:10,Lorry,Urban Street,Sunny,Poor road,1,0,0,Male,56,No,Yes,168351,13.20930304,77.03977556
TN-2023-00684,12-08-2023,Trichy,Location_71,17:41,Two Wheeler,NH,Cloudy,Weather,2,1,1,Male,30,Yes,Yes,375584,10.13719909,78.67478439
TN-2023-00685,29-09-2023,Tirunelveli,Location_93,16:29,Two Wheeler,NH,Cloudy,Reckless driving,5,3,0,Male,31,No,Yes,453140,10.14566757,80.25977101
TN-2023-00686,24-12-2023,Coimbatore,Location_24,14:05,Lorry,NH,Clear,Weather,2,0,0,Male,47,No,No,141310,11.39129721,80.14413325
TN-2023-00687,05-06-2023,Chennai,Location_39,22:52,Bus,NH,Rain,Drunk drive,4,2,1,Female,35,Yes,Yes,171344,11.12935544,76.90208962
TN-2023-00688,08-01-2023,Madurai,Location_68,15:46,Two Wheeler,Rural Road,Clear,Poor road,5,0,0,Male,30,No,No,120613,9.597401143,76.44633524
TN-2023-00689,02-05-2023,Trichy,Location_93,07:08,Two Wheeler,NH,Cloudy,Weather,3,0,0,Male,31,Yes,Yes,196496,10.56894179,76.19197496
TN-2023-00690,14-12-2023,Vellore,Location_44,10:58,Auto Rickshaw,NH,Cloudy,Over speed,3,1,0,Male,58,Yes,No,158022,9.828821641,79.72827079
TN-2023-00691,13-06-2023,Erode,Location_5,01:26,Lorry,Rural Road,Cloudy,Weather,2,3,0,Male,57,Yes,Yes,493615,12.05779248,77.12188412
TN-2023-00692,31-03-2023,Coimbatore,Location_55,12:35,Two Wheeler,NH,Clear,Weather,3,2,0,Male,42,Yes,Yes,424590,8.673765765,77.27771814
TN-2023-00693,16-05-2023,Thoothukudi,Location_93,08:04,Bus,NH,Sunny,Brake failure,2,2,0,Male,54,Yes,Yes,481879,12.12638121,77.01810375
TN-2023-00694,05-07-2023,Coimbatore,Location_30,18:21,Two Wheeler,Urban Street,Rain,Over speed,4,3,1,Male,44,Yes,Yes,412525,8.886418639,79.7803778
TN-2023-00695,12-11-2023,Salem,Location_29,02:29,Car,Rural Road,Rain,Over speed,4,1,0,Male,40,Yes,Yes,191143,9.682900953,80.40505898
TN-2023-00696,27-06-2023,Trichy,Location_26,20:34,Two Wheeler,SH,Cloudy,Drunk drive,2,3,0,Male,24,Yes,Yes,358212,9.833324831,79.39833993
TN-2023-00697,28-01-2023,Tirunelveli,Location_83,05:27,Two Wheeler,NH,Fog,Brake failure,4,3,1,Male,27,Yes,Yes,37315,13.44726697,79.70610037
TN-2023-00698,08-08-2023,Vellore,Location_26,09:36,Two Wheeler,Urban Street,Clear,Over speed,3,1,0,Female,42,No,Yes,250596,11.24402092,78.79225207
TN-2023-00699,23-12-2023,Salem,Location_37,02:21,Car,Rural Road,Sunny,Brake failure,4,1,0,Male,52,No,Yes,430322,12.27654806,78.37948709
TN-2023-00700,10-02-2023,Tiruppur,Location_91,06:53,Two Wheeler,NH,Cloudy,Brake failure,3,2,0,Male,41,No,Yes,426426,11.05457891,79.24710102
TN-2023-00701,16-08-2023,Salem,Location_94,17:31,Two Wheeler,SH,Fog,Poor road,3,2,0,Male,59,Yes,Yes,97711,13.40736883,76.16093295
TN-2023-00702,11-07-2023,Coimbatore,Location_53,22:39,Two Wheeler,NH,Cloudy,Over speed,1,1,2,Male,28,Yes,Yes,363258,8.975597432,76.27630237
TN-2023-00703,25-05-2023,Vellore,Location_30,00:24,Two Wheeler,Urban Street,Fog,Poor road,4,0,0,Male,37,Yes,Yes,372438,11.32680771,79.0927307
TN-2023-00704,20-07-2023,Coimbatore,Location_3,03:23,Lorry,Rural Road,Rain,Weather,4,2,0,Male,27,Yes,Yes,169106,12.38560137,77.50781484
TN-2023-00705,31-07-2023,Tiruppur,Location_43,06:45,Two Wheeler,Urban Street,Fog,Weather,2,1,0,Male,38,Yes,Yes,312528,11.45705878,78.1997546
TN-2023-00706,08-08-2023,Erode,Location_7,12:09,Bus,Rural Road,Rain,Poor road,2,1,0,Female,45,No,Yes,106391,12.93314901,79.51896654
TN-2023-00707,28-08-2023,Vellore,Location_49,22:17,Two Wheeler,SH,Rain,Weather,5,0,0,Male,45,Yes,Yes,244007,11.3038939,78.59721059
TN-2023-00708,15-02-2023,Erode,Location_73,00:35,Two Wheeler,NH,Clear,Poor road,3,3,0,Male,44,No,Yes,243572,12.54541202,79.62367844
TN-2023-00709,04-02-2023,Trichy,Location_41,15:15,Car,Urban Street,Fog,Drunk drive,1,1,0,Male,50,Yes,Yes,494161,8.966884184,77.88619859
TN-2023-00710,10-09-2023,Trichy,Location_77,17:07,Truck,SH,Sunny,Brake failure,3,0,0,Male,21,No,Yes,47889,9.441351419,77.29340509
TN-2023-00711,23-03-2023,Erode,Location_79,09:15,Two Wheeler,SH,Sunny,Drunk drive,4,0,0,Female,52,No,Yes,77157,10.44237718,77.05676609
TN-2023-00712,13-09-2023,Trichy,Location_54,22:55,Two Wheeler,NH,Fog,Over speed,5,2,0,Male,37,Yes,Yes,76096,12.68389742,76.59256428
TN-2023-00713,16-07-2023,Vellore,Location_69,10:05,Car,Urban Street,Clear,Drunk drive,3,1,0,Male,23,No,Yes,461275,10.34607666,76.16558435
TN-2023-00714,30-10-2023,Thoothukudi,Location_93,00:11,Truck,NH,Sunny,Drunk drive,5,2,0,Male,23,Yes,Yes,184496,11.45102416,76.23917057
TN-2023-00715,10-01-2023,Chennai,Location_99,05:27,Bicycle,NH,Cloudy,Weather,3,3,0,Female,34,No,Yes,135427,10.17696381,77.21949472
TN-2023-00716,08-11-2023,Trichy,Location_91,12:57,Car,Rural Road,Sunny,Reckless driving,4,3,0,Male,36,No,Yes,417641,12.43146214,77.25285667
TN-2023-00717,13-10-2023,Trichy,Location_27,16:00,Car,Rural Road,Clear,Reckless driving,4,2,0,Male,34,Yes,Yes,164808,9.101581724,77.71803038
TN-2023-00718,30-08-2023,Coimbatore,Location_8,07:53,Car,NH,Rain,Poor road,3,2,0,Male,20,Yes,Yes,476199,11.26573213,78.66227817
TN-2023-00719,08-09-2023,Erode,Location_32,07:55,Car,Rural Road,Rain,Over speed,1,1,0,Male,63,Yes,Yes,63983,11.17839604,79.41684791
TN-2023-00720,31-12-2023,Madurai,Location_84,10:45,Car,Urban Street,Rain,Reckless driving,4,1,0,Male,51,Yes,Yes,121574,10.21783004,76.88967254
TN-2023-00721,05-01-2023,Tirunelveli,Location_64,09:46,Auto Rickshaw,Rural Road,Clear,Weather,2,1,0,Male,21,Yes,Yes,190519,11.87820431,79.41661679
TN-2023-00722,29-04-2023,Salem,Location_10,06:38,Bus,SH,Rain,Over speed,1,3,0,Male,40,Yes,Yes,413700,8.156621344,76.62545288
TN-2023-00723,16-10-2023,Trichy,Location_13,09:35,Car,NH,Rain,Brake failure,3,2,0,Male,35,Yes,Yes,211922,12.62824994,80.44912129
TN-2023-00724,06-03-2023,Salem,Location_63,17:58,Car,NH,Clear,Poor road,1,0,1,Female,51,Yes,Yes,383489,9.913808763,77.28265202
TN-2023-00725,26-05-2023,Vellore,Location_93,09:18,Car,Urban Street,Cloudy,Weather,2,2,0,Female,46,No,Yes,431536,12.36162413,79.76800757
TN-2023-00726,12-08-2023,Madurai,Location_35,13:44,Car,NH,Sunny,Drunk drive,4,0,0,Male,61,No,Yes,417152,9.677827204,76.85709623
TN-2023-00727,27-08-2023,Tirunelveli,Location_61,14:15,Car,Rural Road,Clear,Brake failure,4,1,0,Male,32,Yes,Yes,207066,9.033485569,80.27789251
TN-2023-00728,26-06-2023,Erode,Location_54,01:28,Two Wheeler,SH,Clear,Drunk drive,4,1,0,Male,62,Yes,Yes,229113,10.1421921,79.71982053
TN-2023-00729,24-09-2023,Chennai,Location_8,03:52,Two Wheeler,NH,Fog,Reckless driving,2,2,1,Male,28,No,Yes,255428,12.38551824,77.61725167
TN-2023-00730,07-12-2023,Tirunelveli,Location_29,17:28,Car,Rural Road,Rain,Over speed,1,0,1,Male,56,Yes,Yes,489486,11.86934919,77.89662277
TN-2023-00731,09-10-2023,Tirunelveli,Location_95,16:09,Lorry,SH,Cloudy,Brake failure,3,3,0,Male,26,Yes,Yes,374588,10.20567161,76.01727097
TN-2023-00732,04-03-2023,Chennai,Location_41,20:40,Two Wheeler,NH,Fog,Weather,3,1,0,Male,64,Yes,Yes,110948,13.15827798,77.1314451
TN-2023-00733,05-08-2023,Thoothukudi,Location_30,14:43,Car,NH,Cloudy,Drunk drive,1,1,0,Female,52,Yes,Yes,245617,10.24826902,77.30183405
TN-2023-00734,08-12-2023,Erode,Location_86,20:58,Two Wheeler,NH,Rain,Reckless driving,4,2,0,Male,27,Yes,Yes,93677,9.929140006,78.03732415
TN-2023-00735,11-11-2023,Coimbatore,Location_21,08:45,Two Wheeler,SH,Rain,Drunk drive,3,2,0,Female,57,Yes,Yes,400316,8.79595401,76.62572416
TN-2023-00736,10-10-2023,Salem,Location_76,12:25,Truck,NH,Rain,Over speed,4,3,1,Male,55,No,Yes,246891,8.386532552,78.154451
TN-2023-00737,26-06-2023,Trichy,Location_11,05:50,Auto Rickshaw,NH,Sunny,Over speed,5,2,0,Male,46,Yes,Yes,393960,9.924463221,79.00810818
TN-2023-00738,08-04-2023,Tirunelveli,Location_2,03:51,Two Wheeler,Rural Road,Cloudy,Reckless driving,5,3,1,Male,63,Yes,Yes,273387,8.506012024,77.67077034
TN-2023-00739,15-04-2023,Vellore,Location_50,16:50,Bus,Rural Road,Cloudy,Poor road,3,0,0,Female,23,Yes,Yes,460484,10.54449227,77.04487874
TN-2023-00740,09-04-2023,Chennai,Location_41,02:13,Two Wheeler,Rural Road,Fog,Reckless driving,1,3,0,Female,36,Yes,Yes,434404,12.73005249,78.46472419
TN-2023-00741,07-11-2023,Salem,Location_66,16:12,Bicycle,Rural Road,Clear,Poor road,1,0,0,Male,43,No,Yes,182186,10.61864159,76.13051756
TN-2023-00742,06-01-2023,Madurai,Location_98,08:26,Two Wheeler,NH,Rain,Reckless driving,1,1,0,Male,26,Yes,Yes,107658,10.64319538,77.53376853
TN-2023-00743,16-07-2023,Chennai,Location_3,00:56,Two Wheeler,SH,Rain,Reckless driving,4,2,0,Male,58,Yes,Yes,153845,9.393923415,78.37415609
TN-2023-00744,17-12-2023,Madurai,Location_80,16:47,Car,NH,Fog,Over speed,5,1,0,Male,62,No,Yes,258892,8.914625668,77.51129267
TN-2023-00745,13-05-2023,Erode,Location_51,17:33,Auto Rickshaw,Urban Street,Cloudy,Poor road,4,3,0,Female,30,Yes,Yes,409960,9.222808722,77.55444142
TN-2023-00746,24-12-2023,Tirunelveli,Location_68,13:53,Two Wheeler,SH,Sunny,Reckless driving,2,3,0,Female,43,Yes,Yes,470215,11.12393664,79.81733498
TN-2023-00747,16-09-2023,Vellore,Location_87,22:58,Bus,Urban Street,Cloudy,Drunk drive,2,3,0,Female,61,Yes,Yes,453650,11.25486213,80.20296304
TN-2023-00748,23-01-2023,Trichy,Location_84,16:02,Two Wheeler,NH,Sunny,Over speed,3,0,0,Male,37,Yes,Yes,19213,9.21103286,79.72326691
TN-2023-00749,22-02-2023,Madurai,Location_25,01:39,Auto Rickshaw,SH,Sunny,Brake failure,2,1,0,Male,19,Yes,Yes,412681,10.19406206,76.44490353
TN-2023-00750,14-06-2023,Salem,Location_30,01:33,Two Wheeler,SH,Cloudy,Over speed,1,1,0,Male,21,Yes,No,303956,11.12775476,77.303841
TN-2023-00751,21-07-2023,Thoothukudi,Location_82,08:29,Auto Rickshaw,Rural Road,Rain,Reckless driving,3,3,0,Male,24,No,Yes,94024,12.18254121,79.20082465
TN-2023-00752,24-03-2023,Erode,Location_11,19:20,Car,NH,Sunny,Weather,5,2,0,Male,36,Yes,Yes,20322,9.75873148,80.38476758
TN-2023-00753,25-05-2023,Thoothukudi,Location_93,05:57,Two Wheeler,Urban Street,Fog,Weather,5,1,1,Male,52,No,Yes,5807,9.49246306,77.09026697
TN-2023-00754,26-03-2023,Erode,Location_17,11:24,Truck,SH,Fog,Over speed,2,2,0,Male,28,No,Yes,358662,12.0175685,80.04194716
TN-2023-00755,19-03-2023,Coimbatore,Location_26,08:38,Bicycle,SH,Sunny,Brake failure,2,1,1,Male,36,No,Yes,341489,10.82596694,79.32556744
TN-2023-00756,01-01-2023,Salem,Location_23,11:25,Bus,Rural Road,Rain,Over speed,5,3,0,Male,49,Yes,Yes,218902,12.71210625,80.42552665
TN-2023-00757,20-02-2023,Thoothukudi,Location_56,04:15,Two Wheeler,SH,Sunny,Brake failure,2,3,0,Male,31,Yes,Yes,252906,9.160516612,76.42113467
TN-2023-00758,22-06-2023,Vellore,Location_52,04:11,Car,Rural Road,Fog,Reckless driving,2,1,0,Male,22,Yes,No,205093,12.24018582,77.77635587
TN-2023-00759,24-07-2023,Tirunelveli,Location_48,19:08,Car,SH,Fog,Drunk drive,4,0,0,Male,42,Yes,Yes,362125,8.891184291,78.15151751
TN-2023-00760,17-09-2023,Chennai,Location_20,22:38,Car,SH,Cloudy,Drunk drive,5,0,1,Female,31,No,Yes,347881,11.21624184,79.02437181
TN-2023-00761,15-10-2023,Trichy,Location_2,18:19,Car,NH,Rain,Brake failure,5,1,0,Male,56,No,Yes,316316,9.559985396,78.94287416
TN-2023-00762,03-02-2023,Tirunelveli,Location_88,22:42,Two Wheeler,SH,Cloudy,Poor road,2,3,0,Male,29,No,Yes,182592,8.556000267,80.07855405
TN-2023-00763,14-12-2023,Tirunelveli,Location_31,20:43,Bus,Rural Road,Clear,Drunk drive,1,1,0,Male,37,Yes,Yes,141886,11.39220533,79.77402905
TN-2023-00764,05-04-2023,Erode,Location_27,02:48,Bus,Rural Road,Sunny,Weather,4,2,0,Male,35,Yes,Yes,177883,10.78739428,76.24917701
TN-2023-00765,13-03-2023,Vellore,Location_2,06:21,Two Wheeler,Rural Road,Cloudy,Over speed,1,3,0,Male,18,Yes,Yes,231658,10.67289104,78.18943055
TN-2023-00766,08-02-2023,Erode,Location_78,09:22,Car,Urban Street,Rain,Reckless driving,2,0,0,Male,60,No,Yes,38470,11.25885685,77.83177554
TN-2023-00767,03-06-2023,Tiruppur,Location_4,14:29,Car,SH,Sunny,Poor road,5,0,0,Female,21,No,No,242448,10.0484047,80.48715064
TN-2023-00768,07-09-2023,Madurai,Location_13,01:12,Bus,NH,Sunny,Weather,1,1,0,Female,29,Yes,Yes,400571,11.68592159,77.92266187
TN-2023-00769,11-06-2023,Trichy,Location_35,03:17,Two Wheeler,NH,Sunny,Over speed,3,2,0,Male,43,Yes,Yes,443052,8.71964052,79.07178613
TN-2023-00770,28-04-2023,Madurai,Location_72,22:32,Car,Urban Street,Sunny,Weather,1,3,0,Male,49,No,Yes,315469,11.93234316,77.27993245
TN-2023-00771,16-09-2023,Chennai,Location_66,01:33,Two Wheeler,SH,Sunny,Poor road,5,0,0,Male,54,Yes,No,60753,11.18897543,78.7658303
TN-2023-00772,02-11-2023,Tiruppur,Location_6,03:34,Car,Rural Road,Rain,Brake failure,2,1,0,Male,32,No,Yes,9852,10.67559952,76.9298489
TN-2023-00773,25-09-2023,Salem,Location_31,16:27,Lorry,Urban Street,Clear,Over speed,1,1,0,Male,52,No,Yes,435600,8.7020772,78.71622995
TN-2023-00774,23-02-2023,Chennai,Location_10,13:33,Bus,Urban Street,Fog,Weather,2,3,0,Male,43,Yes,Yes,61800,9.530454637,79.90685607
TN-2023-00775,24-08-2023,Chennai,Location_21,15:10,Two Wheeler,Rural Road,Clear,Reckless driving,4,1,0,Male,32,No,Yes,273922,9.624131182,76.08657006
TN-2023-00776,10-08-2023,Coimbatore,Location_74,12:32,Car,Urban Street,Fog,Reckless driving,3,1,0,Male,25,No,Yes,100589,9.285969597,78.27063884
TN-2023-00777,08-09-2023,Trichy,Location_23,22:01,Truck,Urban Street,Cloudy,Weather,5,1,1,Male,45,Yes,No,286711,13.2479885,80.42066781
TN-2023-00778,09-11-2023,Erode,Location_3,01:52,Two Wheeler,Rural Road,Sunny,Poor road,5,0,0,Male,47,Yes,Yes,259675,13.03602857,76.71668135
TN-2023-00779,22-04-2023,Vellore,Location_32,04:03,Auto Rickshaw,SH,Cloudy,Poor road,2,0,0,Male,60,No,Yes,109403,11.00373268,76.82535548
TN-2023-00780,12-09-2023,Madurai,Location_20,11:25,Bus,NH,Cloudy,Reckless driving,3,2,0,Female,61,No,Yes,186506,9.131199208,78.11870674
TN-2023-00781,30-10-2023,Chennai,Location_74,02:19,Lorry,NH,Fog,Reckless driving,5,3,0,Male,20,Yes,Yes,175893,13.01126101,79.91946931
TN-2023-00782,26-07-2023,Madurai,Location_29,09:51,Two Wheeler,Rural Road,Rain,Poor road,1,3,0,Male,23,No,Yes,33948,12.12173593,78.53241824
TN-2023-00783,17-08-2023,Madurai,Location_52,17:52,Two Wheeler,Rural Road,Sunny,Brake failure,5,3,0,Male,48,Yes,Yes,158715,8.213245114,78.2891889
TN-2023-00784,07-12-2023,Salem,Location_46,20:52,Auto Rickshaw,SH,Cloudy,Drunk drive,1,3,0,Female,43,Yes,Yes,134014,10.69891337,76.39040677
TN-2023-00785,07-03-2023,Trichy,Location_34,09:00,Two Wheeler,Urban Street,Clear,Weather,5,1,0,Female,25,No,Yes,94325,11.32719543,80.32893707
TN-2023-00786,16-03-2023,Trichy,Location_84,05:10,Two Wheeler,SH,Sunny,Brake failure,1,3,0,Male,56,Yes,No,148319,8.365603502,77.56202169
TN-2023-00787,13-04-2023,Thoothukudi,Location_61,01:38,Car,Urban Street,Rain,Weather,4,2,1,Male,46,Yes,Yes,219702,8.274070671,77.13313218
TN-2023-00788,11-07-2023,Tirunelveli,Location_72,19:52,Two Wheeler,Urban Street,Sunny,Reckless driving,2,3,0,Male,34,No,Yes,197020,10.54938177,77.85284775
TN-2023-00789,09-09-2023,Trichy,Location_71,20:20,Lorry,SH,Cloudy,Brake failure,4,3,1,Female,33,Yes,Yes,18609,8.010734423,77.86381973
TN-2023-00790,14-08-2023,Madurai,Location_70,17:20,Car,Rural Road,Clear,Reckless driving,1,1,1,Male,62,No,Yes,292583,8.257595577,78.06339899
TN-2023-00791,21-10-2023,Erode,Location_11,18:03,Auto Rickshaw,Rural Road,Cloudy,Reckless driving,2,1,0,Male,21,Yes,Yes,418328,8.908257151,79.09842191
TN-2023-00792,02-11-2023,Madurai,Location_82,12:17,Lorry,SH,Rain,Reckless driving,3,1,0,Male,27,Yes,Yes,28079,13.00483926,79.90575956
TN-2023-00793,08-04-2023,Erode,Location_93,19:28,Two Wheeler,Urban Street,Fog,Over speed,1,2,0,Male,33,Yes,Yes,366529,12.2145594,76.25790796
TN-2023-00794,04-12-2023,Thoothukudi,Location_89,12:26,Two Wheeler,Urban Street,Clear,Drunk drive,5,1,1,Male,36,Yes,Yes,262138,10.47734302,78.20845854
TN-2023-00795,13-10-2023,Erode,Location_63,18:48,Lorry,Urban Street,Rain,Reckless driving,5,3,0,Male,56,No,Yes,11531,10.63563117,77.86290156
TN-2023-00796,01-12-2023,Trichy,Location_21,00:37,Two Wheeler,Urban Street,Rain,Weather,3,2,0,Male,30,Yes,Yes,479665,11.77313502,76.04896051
TN-2023-00797,13-12-2023,Salem,Location_3,18:51,Truck,SH,Cloudy,Poor road,4,0,0,Male,21,Yes,Yes,416478,10.60912595,79.67420253
TN-2023-00798,04-11-2023,Erode,Location_82,00:39,Bus,NH,Cloudy,Drunk drive,1,1,1,Male,49,No,Yes,226496,8.351588099,76.46940941
TN-2023-00799,06-09-2023,Madurai,Location_88,16:20,Two Wheeler,Rural Road,Cloudy,Weather,5,2,0,Female,35,Yes,Yes,232875,12.06302256,76.51636604
TN-2023-00800,15-06-2023,Vellore,Location_10,21:14,Auto Rickshaw,Rural Road,Fog,Over speed,2,0,0,Male,33,No,Yes,214148,8.317624041,76.21734288
TN-2023-00801,01-12-2023,Trichy,Location_27,17:38,Two Wheeler,NH,Sunny,Reckless driving,3,1,0,Male,42,Yes,Yes,298939,10.67351223,76.90189735
TN-2023-00802,30-01-2023,Vellore,Location_12,15:38,Two Wheeler,Urban Street,Sunny,Weather,4,0,0,Female,33,Yes,Yes,100125,12.7393913,76.79567327
TN-2023-00803,04-09-2023,Tiruppur,Location_7,16:03,Bus,NH,Cloudy,Weather,4,1,0,Male,39,Yes,Yes,324320,8.64558835,77.56539626
TN-2023-00804,16-04-2023,Tiruppur,Location_17,11:44,Auto Rickshaw,NH,Cloudy,Weather,2,2,0,Male,41,Yes,Yes,346443,11.88645352,78.96671677
TN-2023-00805,20-02-2023,Madurai,Location_65,03:52,Car,NH,Fog,Drunk drive,2,1,0,Male,45,No,Yes,314769,8.254803591,76.24432402
TN-2023-00806,22-03-2023,Tiruppur,Location_64,00:32,Two Wheeler,Rural Road,Sunny,Reckless driving,3,1,0,Female,40,No,Yes,158751,13.4618279,79.87124092
TN-2023-00807,13-05-2023,Tirunelveli,Location_26,06:08,Two Wheeler,Rural Road,Fog,Weather,2,2,0,Male,38,No,Yes,76586,11.75147509,77.46960377
TN-2023-00808,12-10-2023,Thoothukudi,Location_15,00:15,Two Wheeler,NH,Rain,Poor road,5,2,0,Female,26,Yes,Yes,441081,13.3294429,78.72973299
TN-2023-00809,18-05-2023,Trichy,Location_33,17:53,Two Wheeler,NH,Sunny,Reckless driving,4,3,0,Male,19,Yes,Yes,41685,11.67523181,76.054023
TN-2023-00810,03-07-2023,Vellore,Location_62,14:05,Two Wheeler,NH,Cloudy,Brake failure,2,3,0,Male,55,Yes,Yes,221723,9.332557271,77.64613562
TN-2023-00811,26-11-2023,Madurai,Location_47,01:08,Car,Urban Street,Clear,Poor road,1,2,0,Male,45,No,Yes,491765,13.09500482,76.0092291
TN-2023-00812,30-09-2023,Tirunelveli,Location_95,03:44,Auto Rickshaw,Urban Street,Rain,Over speed,2,1,0,Female,43,No,Yes,430468,11.44668602,76.74456223
TN-2023-00813,06-12-2023,Madurai,Location_35,22:53,Two Wheeler,Urban Street,Clear,Drunk drive,4,0,1,Male,44,Yes,Yes,316347,11.16765378,78.01532694
TN-2023-00814,10-03-2023,Tirunelveli,Location_65,10:44,Two Wheeler,Rural Road,Fog,Brake failure,5,2,0,Female,42,Yes,Yes,170622,10.36011541,78.4078934
TN-2023-00815,03-02-2023,Tiruppur,Location_72,10:50,Auto Rickshaw,SH,Fog,Drunk drive,2,0,0,Male,38,No,Yes,366741,9.565266502,76.6881787
TN-2023-00816,19-09-2023,Tiruppur,Location_76,07:38,Bus,NH,Fog,Drunk drive,5,3,0,Male,55,Yes,Yes,202542,10.91538263,79.35347325
TN-2023-00817,22-02-2023,Erode,Location_83,15:34,Truck,NH,Cloudy,Weather,1,3,0,Male,42,Yes,Yes,445904,10.0133174,76.85051649
TN-2023-00818,24-07-2023,Coimbatore,Location_25,16:17,Two Wheeler,SH,Fog,Poor road,4,2,0,Female,55,Yes,Yes,486529,12.69713422,76.52130291
TN-2023-00819,06-05-2023,Madurai,Location_57,14:16,Two Wheeler,NH,Clear,Brake failure,3,2,0,Male,63,Yes,Yes,297513,8.158391981,77.50041031
TN-2023-00820,23-08-2023,Erode,Location_32,10:04,Car,Urban Street,Rain,Weather,4,1,0,Male,28,Yes,No,468443,10.91550317,78.48142899
TN-2023-00821,12-02-2023,Trichy,Location_63,15:14,Car,Urban Street,Cloudy,Brake failure,3,3,0,Male,45,Yes,Yes,446154,12.60110689,80.45005817
TN-2023-00822,28-08-2023,Erode,Location_12,09:45,Car,SH,Rain,Reckless driving,3,3,0,Male,53,Yes,No,196947,8.151835043,77.88422078
TN-2023-00823,21-04-2023,Chennai,Location_63,01:47,Car,Urban Street,Fog,Reckless driving,4,2,0,Male,21,Yes,Yes,218490,9.552664719,77.91698388
TN-2023-00824,06-09-2023,Tiruppur,Location_77,18:07,Two Wheeler,SH,Sunny,Poor road,3,0,0,Female,36,No,Yes,359415,8.283374061,76.26700062
TN-2023-00825,31-05-2023,Chennai,Location_92,14:09,Car,Urban Street,Cloudy,Weather,5,1,0,Female,41,Yes,Yes,323566,11.27252073,79.44618853
TN-2023-00826,02-07-2023,Madurai,Location_1,04:51,Bus,NH,Fog,Brake failure,1,2,0,Male,39,No,Yes,358291,9.742048409,76.81802351
TN-2023-00827,02-12-2023,Vellore,Location_51,15:52,Two Wheeler,Rural Road,Cloudy,Reckless driving,2,0,1,Female,42,Yes,Yes,446129,13.27851521,79.35161604
TN-2023-00828,05-04-2023,Vellore,Location_70,21:43,Bus,Urban Street,Sunny,Weather,3,1,1,Male,25,Yes,Yes,120157,11.38961483,80.09777595
TN-2023-00829,08-01-2023,Trichy,Location_8,22:12,Car,SH,Clear,Drunk drive,3,0,0,Male,37,No,No,386666,11.08991103,79.45699343
TN-2023-00830,26-12-2023,Erode,Location_68,08:48,Two Wheeler,Rural Road,Clear,Reckless driving,4,1,1,Male,18,No,Yes,311407,13.04481871,78.89104039
TN-2023-00831,03-07-2023,Vellore,Location_5,19:27,Two Wheeler,NH,Clear,Over speed,5,1,1,Male,21,Yes,Yes,266022,9.229664733,78.71762333
TN-2023-00832,08-10-2023,Tirunelveli,Location_89,11:56,Two Wheeler,Rural Road,Sunny,Brake failure,2,1,2,Female,29,Yes,Yes,200063,11.09233243,78.04134802
TN-2023-00833,14-07-2023,Tirunelveli,Location_86,04:23,Two Wheeler,SH,Rain,Reckless driving,3,3,0,Male,42,Yes,Yes,98638,10.98530449,76.65044213
TN-2023-00834,18-12-2023,Trichy,Location_92,11:32,Bus,NH,Sunny,Poor road,5,2,1,Male,38,No,Yes,72208,8.451628289,79.50477374
TN-2023-00835,14-07-2023,Thoothukudi,Location_39,19:47,Auto Rickshaw,NH,Sunny,Brake failure,2,3,0,Male,36,No,Yes,374533,13.12632883,78.14795022
TN-2023-00836,04-06-2023,Tiruppur,Location_23,11:08,Two Wheeler,Urban Street,Fog,Over speed,4,3,1,Male,51,Yes,No,156090,11.85129103,78.8154062
TN-2023-00837,03-04-2023,Erode,Location_68,12:48,Two Wheeler,Rural Road,Clear,Brake failure,3,1,0,Male,23,Yes,Yes,229405,12.88458217,77.68306853
TN-2023-00838,09-06-2023,Madurai,Location_52,16:35,Bicycle,Urban Street,Cloudy,Brake failure,4,2,1,Male,52,No,No,93200,13.40395563,76.90325224
TN-2023-00839,02-03-2023,Salem,Location_4,13:18,Two Wheeler,NH,Rain,Reckless driving,4,2,0,Male,20,Yes,Yes,382295,10.63809679,79.62928809
TN-2023-00840,02-05-2023,Salem,Location_47,06:58,Two Wheeler,Urban Street,Cloudy,Brake failure,3,2,0,Male,50,Yes,Yes,325627,12.42012913,77.54079913
TN-2023-00841,20-02-2023,Salem,Location_21,02:32,Two Wheeler,Urban Street,Fog,Poor road,5,2,1,Male,26,Yes,Yes,357191,11.17657855,79.90006013
TN-2023-00842,04-10-2023,Vellore,Location_56,11:31,Bus,SH,Fog,Over speed,5,1,0,Female,24,Yes,Yes,149958,13.37417677,80.34576206
TN-2023-00843,05-01-2023,Thoothukudi,Location_66,14:10,Two Wheeler,Urban Street,Rain,Reckless driving,4,2,0,Male,58,Yes,No,110812,9.359729713,79.73494837
TN-2023-00844,02-04-2023,Thoothukudi,Location_59,09:01,Car,NH,Cloudy,Over speed,4,0,0,Male,44,Yes,Yes,365776,8.07599444,76.5766212
TN-2023-00845,19-06-2023,Erode,Location_7,03:16,Two Wheeler,Urban Street,Rain,Poor road,1,0,2,Male,18,No,Yes,51475,9.022711642,79.84754917
TN-2023-00846,13-11-2023,Erode,Location_49,16:27,Two Wheeler,NH,Rain,Brake failure,2,3,1,Male,57,Yes,Yes,287394,8.704103301,78.33711021
TN-2023-00847,22-01-2023,Thoothukudi,Location_16,07:22,Two Wheeler,NH,Clear,Brake failure,4,1,0,Female,35,No,Yes,14331,10.40323771,77.0863522
TN-2023-00848,22-11-2023,Trichy,Location_17,13:23,Bus,SH,Cloudy,Reckless driving,4,3,1,Male,52,No,Yes,132790,8.425756121,76.41920215
TN-2023-00849,01-01-2023,Erode,Location_84,03:37,Car,NH,Clear,Over speed,2,3,0,Female,34,No,Yes,333689,9.211087554,77.25329428
TN-2023-00850,13-05-2023,Trichy,Location_87,18:26,Two Wheeler,NH,Clear,Brake failure,3,2,0,Male,56,Yes,Yes,160976,8.529462343,76.61842187
TN-2023-00851,21-08-2023,Chennai,Location_98,03:34,Two Wheeler,SH,Clear,Drunk drive,5,0,0,Male,28,Yes,Yes,308578,10.67714028,76.11540062
TN-2023-00852,12-01-2023,Tirunelveli,Location_75,19:05,Car,NH,Sunny,Brake failure,3,0,0,Female,54,Yes,Yes,472739,9.467273896,80.44493957
TN-2023-00853,12-12-2023,Tiruppur,Location_34,22:38,Lorry,SH,Fog,Brake failure,2,2,0,Female,62,Yes,Yes,439210,10.59054014,79.74194012
TN-2023-00854,15-02-2023,Erode,Location_33,13:43,Two Wheeler,Rural Road,Fog,Weather,2,2,0,Female,28,Yes,Yes,326898,8.48888455,79.32527168
TN-2023-00855,03-02-2023,Thoothukudi,Location_26,15:51,Car,Rural Road,Sunny,Over speed,1,1,0,Male,20,Yes,Yes,398381,10.84278866,76.86856197
TN-2023-00856,19-03-2023,Tirunelveli,Location_66,07:54,Two Wheeler,Rural Road,Rain,Over speed,1,0,0,Male,30,Yes,Yes,139751,8.71538061,76.12481398
TN-2023-00857,06-08-2023,Tirunelveli,Location_63,01:12,Two Wheeler,NH,Cloudy,Drunk drive,5,3,0,Female,45,Yes,Yes,425520,8.546405483,78.18341747
TN-2023-00858,28-10-2023,Coimbatore,Location_87,07:56,Two Wheeler,Urban Street,Cloudy,Drunk drive,4,3,2,Male,55,Yes,Yes,67274,9.705107529,79.33762493
TN-2023-00859,14-03-2023,Thoothukudi,Location_41,20:30,Lorry,SH,Cloudy,Drunk drive,2,1,0,Male,64,No,Yes,36415,12.80929612,80.33276814
TN-2023-00860,09-10-2023,Tiruppur,Location_86,19:47,Two Wheeler,Rural Road,Clear,Over speed,1,0,0,Female,51,No,Yes,258576,12.33686772,79.7974766
TN-2023-00861,06-09-2023,Thoothukudi,Location_58,03:47,Lorry,SH,Cloudy,Weather,3,2,0,Male,45,Yes,Yes,210186,13.27532391,80.0207606
TN-2023-00862,16-02-2023,Erode,Location_98,19:37,Bus,Rural Road,Cloudy,Weather,1,3,1,Male,19,Yes,Yes,126394,10.53107395,77.07398236
TN-2023-00863,01-05-2023,Madurai,Location_79,03:47,Lorry,Rural Road,Cloudy,Poor road,3,0,0,Male,63,No,Yes,122324,9.718427827,76.69896708
TN-2023-00864,02-08-2023,Chennai,Location_10,22:54,Two Wheeler,NH,Fog,Over speed,1,0,0,Female,19,Yes,Yes,376120,13.33998703,77.11501797
TN-2023-00865,27-08-2023,Trichy,Location_15,20:12,Two Wheeler,SH,Sunny,Poor road,3,0,0,Male,54,Yes,Yes,8037,10.09972443,76.62360763
TN-2023-00866,25-02-2023,Madurai,Location_42,04:46,Truck,NH,Rain,Brake failure,1,2,1,Male,33,No,Yes,264791,8.050068734,79.59317721
TN-2023-00867,16-12-2023,Chennai,Location_93,07:06,Bus,SH,Sunny,Drunk drive,1,3,1,Male,25,No,Yes,141160,12.51059738,80.06369377
TN-2023-00868,17-04-2023,Madurai,Location_57,13:38,Auto Rickshaw,SH,Cloudy,Poor road,5,2,1,Female,57,Yes,Yes,268842,8.930657975,77.38303912
TN-2023-00869,15-11-2023,Trichy,Location_87,21:38,Two Wheeler,Urban Street,Rain,Reckless driving,4,0,0,Male,28,Yes,Yes,170903,11.94851836,79.94616782
TN-2023-00870,17-02-2023,Vellore,Location_17,22:57,Two Wheeler,Rural Road,Rain,Poor road,2,0,0,Male,62,Yes,No,136045,8.083170397,76.24765831
TN-2023-00871,02-03-2023,Thoothukudi,Location_60,17:41,Bus,NH,Sunny,Over speed,4,3,1,Male,32,Yes,Yes,137263,8.610445903,79.04810443
TN-2023-00872,03-12-2023,Madurai,Location_9,17:45,Two Wheeler,Urban Street,Sunny,Drunk drive,5,3,0,Male,21,Yes,Yes,222924,10.65959954,78.37371944
TN-2023-00873,26-01-2023,Erode,Location_36,09:38,Car,SH,Sunny,Drunk drive,3,2,0,Male,40,Yes,Yes,12175,8.373439146,77.24534483
TN-2023-00874,19-10-2023,Tiruppur,Location_73,06:06,Two Wheeler,Rural Road,Sunny,Weather,4,2,0,Male,25,Yes,Yes,487741,12.88746993,79.45690493
TN-2023-00875,14-09-2023,Salem,Location_80,04:00,Two Wheeler,NH,Clear,Poor road,2,2,0,Male,33,Yes,Yes,43560,12.12427984,76.95421277
TN-2023-00876,08-01-2023,Erode,Location_36,13:17,Two Wheeler,Urban Street,Fog,Weather,2,0,0,Female,33,Yes,Yes,76090,9.805019216,77.87267269
TN-2023-00877,23-04-2023,Trichy,Location_48,12:24,Two Wheeler,SH,Fog,Poor road,3,3,0,Male,41,Yes,Yes,380517,11.28636228,79.19436701
TN-2023-00878,21-12-2023,Tiruppur,Location_51,07:07,Two Wheeler,Urban Street,Cloudy,Over speed,2,1,0,Male,27,Yes,Yes,237833,11.93539704,77.52203042
TN-2023-00879,10-09-2023,Erode,Location_97,09:31,Car,SH,Clear,Over speed,5,3,0,Male,51,No,Yes,394285,12.15469554,79.84912084
TN-2023-00880,29-06-2023,Tirunelveli,Location_95,16:37,Two Wheeler,SH,Rain,Brake failure,4,3,0,Male,35,Yes,Yes,459967,10.17621775,79.89442155
TN-2023-00881,26-07-2023,Thoothukudi,Location_70,14:14,Two Wheeler,Rural Road,Sunny,Poor road,2,3,0,Male,33,No,Yes,461421,12.94340121,76.91138689
TN-2023-00882,30-10-2023,Tiruppur,Location_74,15:39,Auto Rickshaw,NH,Cloudy,Poor road,4,1,1,Female,53,Yes,Yes,44443,13.17981602,77.98175495
TN-2023-00883,07-05-2023,Tirunelveli,Location_80,18:19,Car,Rural Road,Rain,Drunk drive,1,2,0,Male,25,No,Yes,212923,9.076433882,77.94405689
TN-2023-00884,25-02-2023,Erode,Location_68,14:34,Two Wheeler,NH,Fog,Drunk drive,4,1,0,Female,37,Yes,Yes,185104,13.0118134,77.84520311
TN-2023-00885,02-08-2023,Chennai,Location_22,05:29,Bus,NH,Rain,Weather,3,3,0,Male,40,Yes,Yes,29896,11.91974281,78.25887462
TN-2023-00886,14-01-2023,Coimbatore,Location_77,07:30,Auto Rickshaw,SH,Sunny,Brake failure,5,3,0,Female,57,No,Yes,99785,12.88475935,76.33464841
TN-2023-00887,28-01-2023,Chennai,Location_80,15:46,Two Wheeler,Urban Street,Sunny,Over speed,2,0,0,Male,31,No,Yes,114555,10.33614848,79.91522498
TN-2023-00888,19-03-2023,Thoothukudi,Location_93,12:57,Two Wheeler,NH,Fog,Poor road,5,3,0,Female,33,No,Yes,312474,11.63658648,77.3046165
TN-2023-00889,04-08-2023,Tiruppur,Location_6,19:14,Car,NH,Sunny,Weather,4,1,0,Male,55,Yes,No,92951,9.29458878,76.00815577
TN-2023-00890,31-12-2023,Tiruppur,Location_26,17:12,Two Wheeler,NH,Clear,Brake failure,2,1,0,Male,35,Yes,Yes,165196,12.13105964,79.0829677
TN-2023-00891,03-06-2023,Thoothukudi,Location_75,07:13,Lorry,NH,Cloudy,Drunk drive,5,1,0,Male,57,Yes,Yes,266983,11.19953427,78.92712438
TN-2023-00892,14-01-2023,Tirunelveli,Location_88,10:05,Truck,SH,Fog,Brake failure,3,2,0,Female,47,No,Yes,310143,10.64519812,80.42422996
TN-2023-00893,06-07-2023,Coimbatore,Location_93,00:24,Truck,Rural Road,Fog,Weather,1,0,0,Male,53,Yes,Yes,96411,11.80974886,79.23661246
TN-2023-00894,08-11-2023,Erode,Location_3,01:31,Two Wheeler,Urban Street,Rain,Over speed,1,2,0,Male,53,Yes,Yes,26354,11.03789899,77.49717749
TN-2023-00895,07-01-2023,Trichy,Location_52,12:32,Two Wheeler,SH,Fog,Drunk drive,3,1,1,Male,56,Yes,Yes,233659,12.2094518,80.28677898
TN-2023-00896,03-01-2023,Chennai,Location_74,03:23,Truck,SH,Cloudy,Reckless driving,1,2,0,Female,57,Yes,Yes,64021,12.72139837,77.6440561
TN-2023-00897,21-04-2023,Chennai,Location_60,22:28,Car,SH,Clear,Drunk drive,3,0,0,Female,58,Yes,Yes,55892,12.40333467,79.69560109
TN-2023-00898,26-08-2023,Salem,Location_63,01:20,Two Wheeler,NH,Rain,Over speed,4,0,0,Male,18,Yes,Yes,415714,9.691286473,77.51053331
TN-2023-00899,29-12-2023,Coimbatore,Location_65,19:15,Bus,Urban Street,Cloudy,Drunk drive,3,0,1,Male,34,Yes,Yes,81706,13.36865567,76.21918741
TN-2023-00900,27-08-2023,Trichy,Location_52,02:48,Two Wheeler,SH,Fog,Weather,1,0,0,Male,45,Yes,Yes,497984,11.57357695,79.30203187
TN-2023-00901,01-10-2023,Chennai,Location_90,04:57,Two Wheeler,SH,Sunny,Drunk drive,4,1,0,Female,24,Yes,Yes,190977,9.779065618,77.57594919
TN-2023-00902,21-10-2023,Trichy,Location_76,07:43,Auto Rickshaw,SH,Sunny,Poor road,3,3,0,Male,37,No,Yes,190761,8.234194814,77.52499465
TN-2023-00903,15-08-2023,Erode,Location_14,22:43,Two Wheeler,NH,Cloudy,Brake failure,3,1,0,Male,59,Yes,Yes,108098,13.43453025,79.22133232
TN-2023-00904,15-01-2023,Tiruppur,Location_89,00:32,Two Wheeler,NH,Clear,Weather,4,1,0,Male,41,Yes,Yes,238039,11.29459566,77.44917037
TN-2023-00905,11-07-2023,Trichy,Location_72,14:16,Two Wheeler,SH,Sunny,Over speed,2,1,0,Male,18,Yes,Yes,323107,9.251471444,76.53105717
TN-2023-00906,29-04-2023,Chennai,Location_68,01:16,Car,NH,Cloudy,Weather,1,1,0,Female,35,No,Yes,111410,10.70118091,77.82029613
TN-2023-00907,28-01-2023,Tirunelveli,Location_28,19:57,Two Wheeler,Urban Street,Rain,Poor road,2,2,0,Female,43,Yes,Yes,55594,10.18647264,79.70729818
TN-2023-00908,21-07-2023,Coimbatore,Location_71,08:43,Car,NH,Fog,Drunk drive,4,0,0,Male,31,Yes,Yes,467222,13.23250882,76.5859202
TN-2023-00909,08-02-2023,Thoothukudi,Location_10,03:12,Car,SH,Clear,Drunk drive,4,3,0,Female,36,Yes,No,461962,10.7096352,78.49516349
TN-2023-00910,30-09-2023,Madurai,Location_57,03:06,Auto Rickshaw,Urban Street,Clear,Reckless driving,5,3,0,Female,35,Yes,Yes,119650,10.66567216,76.59516682
TN-2023-00911,19-08-2023,Vellore,Location_66,13:58,Two Wheeler,NH,Rain,Weather,5,3,0,Male,62,Yes,Yes,323362,12.37029839,76.22132282
TN-2023-00912,27-03-2023,Vellore,Location_90,08:22,Lorry,SH,Clear,Drunk drive,4,1,0,Male,24,Yes,Yes,238086,10.15001361,77.70419399
TN-2023-00913,06-05-2023,Madurai,Location_50,00:32,Two Wheeler,Rural Road,Cloudy,Drunk drive,5,0,0,Male,19,No,Yes,386810,9.080850916,78.96047492
TN-2023-00914,27-10-2023,Trichy,Location_14,19:03,Bus,Rural Road,Clear,Poor road,3,0,0,Male,24,Yes,Yes,52107,12.22619286,77.237443
TN-2023-00915,25-01-2023,Coimbatore,Location_16,00:53,Two Wheeler,Urban Street,Clear,Over speed,2,3,1,Male,45,Yes,Yes,376924,13.00559751,78.00579016
TN-2023-00916,25-05-2023,Trichy,Location_54,09:33,Two Wheeler,Urban Street,Clear,Reckless driving,4,3,0,Male,45,No,Yes,203037,8.251494369,78.21098916
TN-2023-00917,13-01-2023,Thoothukudi,Location_43,20:23,Bus,Urban Street,Cloudy,Reckless driving,3,1,0,Female,59,No,Yes,216012,12.72945034,79.78580627
TN-2023-00918,31-07-2023,Coimbatore,Location_42,14:34,Two Wheeler,NH,Fog,Reckless driving,1,3,0,Female,34,Yes,Yes,485104,10.40824758,79.68540644
TN-2023-00919,25-01-2023,Madurai,Location_81,22:08,Two Wheeler,Urban Street,Sunny,Brake failure,1,1,0,Male,47,Yes,Yes,63598,9.590234128,76.01056244
TN-2023-00920,09-03-2023,Trichy,Location_22,16:20,Two Wheeler,NH,Clear,Weather,5,3,1,Male,38,No,Yes,26270,8.215491854,77.86263547
TN-2023-00921,08-03-2023,Salem,Location_68,12:02,Bus,SH,Rain,Over speed,5,0,0,Male,54,Yes,Yes,63326,9.130375234,78.95240964
TN-2023-00922,21-08-2023,Chennai,Location_19,03:03,Two Wheeler,NH,Rain,Brake failure,3,0,0,Female,26,No,Yes,38676,9.830783905,79.83578277
TN-2023-00923,19-04-2023,Tirunelveli,Location_66,10:27,Two Wheeler,NH,Cloudy,Over speed,1,0,0,Male,53,Yes,Yes,436675,8.388763334,76.22004002
TN-2023-00924,26-05-2023,Tiruppur,Location_39,06:25,Two Wheeler,SH,Fog,Weather,4,2,0,Male,39,Yes,No,216226,9.038345357,78.82711743
TN-2023-00925,21-04-2023,Tirunelveli,Location_73,10:23,Car,Rural Road,Clear,Reckless driving,2,3,0,Male,32,Yes,No,136702,12.05262243,79.78908774
TN-2023-00926,16-08-2023,Thoothukudi,Location_19,10:09,Two Wheeler,NH,Cloudy,Poor road,5,2,0,Male,31,No,No,413881,11.77773449,77.14784209
TN-2023-00927,21-04-2023,Trichy,Location_16,04:12,Two Wheeler,NH,Sunny,Poor road,3,0,0,Male,44,No,No,274303,12.23411404,76.92365349
TN-2023-00928,03-02-2023,Erode,Location_54,11:41,Two Wheeler,SH,Fog,Poor road,5,3,1,Male,35,Yes,Yes,275286,8.908917792,78.10532224
TN-2023-00929,21-04-2023,Coimbatore,Location_25,06:18,Two Wheeler,Urban Street,Fog,Over speed,3,2,0,Male,27,Yes,Yes,137363,8.236665916,80.33160812
TN-2023-00930,21-09-2023,Trichy,Location_18,18:18,Lorry,SH,Cloudy,Weather,1,0,0,Male,39,Yes,Yes,81937,10.57724429,79.11798878
TN-2023-00931,24-08-2023,Coimbatore,Location_23,11:51,Bus,Rural Road,Rain,Drunk drive,5,0,0,Male,40,No,Yes,471661,9.885316043,77.91018271
TN-2023-00932,24-03-2023,Tiruppur,Location_85,21:46,Auto Rickshaw,Urban Street,Fog,Drunk drive,3,3,0,Male,59,Yes,Yes,55907,12.27203194,76.0938826
TN-2023-00933,11-02-2023,Salem,Location_11,04:55,Two Wheeler,Rural Road,Rain,Poor road,3,3,0,Male,58,Yes,Yes,473842,10.96354718,78.50526639
TN-2023-00934,11-04-2023,Tirunelveli,Location_39,13:11,Truck,NH,Fog,Over speed,5,1,0,Male,22,No,No,229290,13.1214917,77.56954601
TN-2023-00935,06-01-2023,Chennai,Location_68,20:10,Two Wheeler,Rural Road,Fog,Drunk drive,2,3,0,Male,42,Yes,Yes,479021,8.33663515,76.83571139
TN-2023-00936,29-06-2023,Tiruppur,Location_25,04:47,Bicycle,Rural Road,Fog,Over speed,4,0,1,Male,18,Yes,Yes,23613,10.00022001,78.25066646
TN-2023-00937,09-10-2023,Tiruppur,Location_63,17:43,Two Wheeler,SH,Sunny,Weather,1,1,0,Male,41,Yes,Yes,367615,10.22882331,77.53622185
TN-2023-00938,16-11-2023,Tirunelveli,Location_96,04:47,Car,Urban Street,Rain,Poor road,5,1,0,Male,50,Yes,Yes,268955,8.692391887,76.17426107
TN-2023-00939,14-08-2023,Tiruppur,Location_30,11:22,Two Wheeler,NH,Sunny,Brake failure,5,3,0,Male,54,Yes,Yes,441491,11.20658735,79.26477709
TN-2023-00940,11-11-2023,Erode,Location_45,01:37,Two Wheeler,NH,Rain,Poor road,2,0,2,Female,24,Yes,Yes,306826,8.221113446,79.29662314
TN-2023-00941,31-12-2023,Erode,Location_90,22:52,Auto Rickshaw,NH,Sunny,Brake failure,1,2,0,Male,41,Yes,Yes,5769,11.91998821,78.78474152
TN-2023-00942,17-08-2023,Vellore,Location_61,03:29,Bus,Urban Street,Sunny,Drunk drive,5,0,1,Male,32,Yes,Yes,366947,8.205937384,79.78369294
TN-2023-00943,16-10-2023,Vellore,Location_51,12:41,Bicycle,Urban Street,Sunny,Reckless driving,2,0,2,Female,28,No,Yes,201885,12.80409631,76.91431695
TN-2023-00944,30-05-2023,Erode,Location_98,16:13,Car,Rural Road,Cloudy,Brake failure,4,3,0,Male,61,No,Yes,30378,8.357648344,77.28790698
TN-2023-00945,04-10-2023,Madurai,Location_9,14:07,Car,Rural Road,Sunny,Reckless driving,3,2,0,Male,34,Yes,No,204916,10.50992178,78.06395102
TN-2023-00946,17-07-2023,Salem,Location_76,22:23,Two Wheeler,Urban Street,Fog,Over speed,4,1,0,Male,40,Yes,Yes,473211,8.854619694,76.27078833
TN-2023-00947,11-03-2023,Coimbatore,Location_2,17:34,Bicycle,NH,Clear,Reckless driving,4,2,0,Male,21,No,Yes,183696,8.732172348,79.97595601
TN-2023-00948,22-04-2023,Salem,Location_5,16:31,Car,Urban Street,Sunny,Brake failure,4,3,0,Male,48,Yes,Yes,327390,11.96668629,78.20782874
TN-2023-00949,04-01-2023,Thoothukudi,Location_62,06:12,Bus,SH,Clear,Drunk drive,4,0,0,Male,51,No,Yes,346245,12.25838073,77.46098459
TN-2023-00950,16-12-2023,Tiruppur,Location_69,15:04,Two Wheeler,Urban Street,Clear,Drunk drive,3,0,0,Male,27,Yes,Yes,427672,12.06559498,78.15083551
TN-2023-00951,27-11-2023,Chennai,Location_52,03:25,Car,Urban Street,Fog,Poor road,1,2,0,Female,54,Yes,No,423445,10.22195518,77.4630842
TN-2023-00952,14-11-2023,Tiruppur,Location_86,09:44,Truck,NH,Clear,Drunk drive,1,2,1,Male,27,Yes,Yes,210043,13.4493232,77.28818539
TN-2023-00953,16-12-2023,Salem,Location_5,09:45,Two Wheeler,Rural Road,Clear,Over speed,2,3,0,Male,59,Yes,Yes,259879,9.869829047,78.01608298
TN-2023-00954,05-04-2023,Erode,Location_59,21:11,Two Wheeler,SH,Clear,Brake failure,2,2,0,Male,28,Yes,Yes,471874,9.349037586,78.16857103
TN-2023-00955,01-06-2023,Tirunelveli,Location_68,00:52,Two Wheeler,SH,Rain,Weather,5,3,1,Male,48,Yes,Yes,184815,13.48077982,77.95005427
TN-2023-00956,07-11-2023,Thoothukudi,Location_9,19:19,Lorry,SH,Sunny,Drunk drive,4,1,0,Male,27,No,Yes,101953,13.37502243,78.46568929
TN-2023-00957,17-05-2023,Erode,Location_93,06:40,Two Wheeler,Urban Street,Sunny,Reckless driving,4,2,1,Male,60,No,Yes,176043,11.25509786,79.52520551
TN-2023-00958,04-09-2023,Salem,Location_22,07:58,Two Wheeler,NH,Clear,Brake failure,3,0,0,Male,55,No,Yes,229416,9.149715481,76.25770686
TN-2023-00959,31-08-2023,Tirunelveli,Location_27,12:13,Two Wheeler,Urban Street,Fog,Poor road,4,2,0,Male,59,Yes,Yes,206673,9.311743669,79.65183409
TN-2023-00960,31-01-2023,Chennai,Location_10,11:39,Car,Rural Road,Rain,Weather,3,0,0,Female,25,Yes,Yes,31175,10.86486995,77.02840477
TN-2023-00961,09-02-2023,Salem,Location_80,20:21,Two Wheeler,NH,Fog,Poor road,5,1,0,Male,28,No,Yes,309268,12.26856762,77.13441812
TN-2023-00962,17-08-2023,Coimbatore,Location_61,17:47,Two Wheeler,SH,Fog,Over speed,2,1,0,Male,37,Yes,Yes,151081,8.425997794,78.6975992
TN-2023-00963,05-02-2023,Trichy,Location_51,10:15,Truck,Urban Street,Clear,Poor road,2,2,0,Male,41,Yes,Yes,168716,11.7821872,80.39052086
TN-2023-00964,11-08-2023,Tirunelveli,Location_10,13:34,Truck,NH,Cloudy,Brake failure,5,3,0,Male,24,Yes,Yes,246093,8.567109671,76.078297
TN-2023-00965,06-01-2023,Salem,Location_6,20:33,Two Wheeler,Urban Street,Clear,Weather,5,0,0,Male,38,Yes,No,465704,12.64260909,79.02910115
TN-2023-00966,18-11-2023,Erode,Location_62,02:03,Bus,NH,Cloudy,Poor road,4,1,0,Male,61,Yes,Yes,350220,10.92665022,79.13603743
TN-2023-00967,08-08-2023,Coimbatore,Location_5,21:04,Car,SH,Rain,Poor road,2,2,2,Female,23,Yes,Yes,172895,13.4433175,78.58143308
TN-2023-00968,16-03-2023,Madurai,Location_70,09:51,Two Wheeler,Rural Road,Cloudy,Reckless driving,1,1,0,Male,48,Yes,Yes,51702,12.14140228,76.04360551
TN-2023-00969,04-01-2023,Tirunelveli,Location_63,01:11,Two Wheeler,Rural Road,Clear,Reckless driving,5,2,0,Female,29,No,Yes,360015,10.73475762,78.72858309
TN-2023-00970,01-12-2023,Coimbatore,Location_56,04:36,Car,Urban Street,Clear,Over speed,2,0,1,Male,54,Yes,Yes,487577,8.776474322,76.51759589
TN-2023-00971,14-05-2023,Erode,Location_59,22:32,Two Wheeler,SH,Fog,Brake failure,2,2,0,Male,30,No,Yes,446944,10.98317609,76.3513046
TN-2023-00972,28-04-2023,Salem,Location_63,03:58,Two Wheeler,Urban Street,Clear,Poor road,3,0,0,Female,48,Yes,Yes,400281,8.629446049,79.13227713
TN-2023-00973,04-04-2023,Tiruppur,Location_89,20:23,Lorry,Urban Street,Clear,Brake failure,2,1,0,Male,26,Yes,No,211819,12.9783932,79.1510555
TN-2023-00974,03-03-2023,Chennai,Location_59,11:30,Car,NH,Sunny,Drunk drive,5,0,0,Male,44,Yes,Yes,409377,9.265372621,80.00460341
TN-2023-00975,13-07-2023,Tiruppur,Location_51,11:47,Bus,NH,Sunny,Over speed,4,0,2,Female,34,Yes,Yes,303835,12.75951674,76.01521211
TN-2023-00976,01-12-2023,Trichy,Location_50,16:52,Two Wheeler,NH,Fog,Reckless driving,2,3,2,Female,25,Yes,Yes,397467,9.671464062,77.70441934
TN-2023-00977,22-07-2023,Coimbatore,Location_4,09:48,Car,SH,Cloudy,Over speed,1,1,0,Male,44,Yes,Yes,123630,9.22044212,76.055224
TN-2023-00978,26-01-2023,Trichy,Location_48,16:49,Two Wheeler,SH,Cloudy,Over speed,5,0,0,Male,57,Yes,Yes,6383,9.673298763,77.64098146
TN-2023-00979,22-06-2023,Chennai,Location_32,01:30,Car,Urban Street,Sunny,Brake failure,4,3,1,Male,32,No,Yes,447236,11.89154786,78.21246072
TN-2023-00980,27-10-2023,Coimbatore,Location_51,03:50,Lorry,NH,Rain,Reckless driving,4,3,1,Male,56,Yes,Yes,398175,10.88868563,78.38378123
TN-2023-00981,13-05-2023,Vellore,Location_52,10:16,Lorry,SH,Sunny,Reckless driving,5,0,0,Male,23,Yes,No,219867,8.591098681,77.60169721
TN-2023-00982,22-11-2023,Erode,Location_99,11:01,Two Wheeler,Urban Street,Rain,Poor road,4,2,0,Male,49,Yes,Yes,345844,8.753824595,79.26385616
TN-2023-00983,28-04-2023,Coimbatore,Location_74,05:08,Bus,SH,Cloudy,Poor road,1,0,0,Male,25,Yes,No,350859,10.0819132,77.87017715
TN-2023-00984,20-11-2023,Erode,Location_34,04:19,Truck,Urban Street,Sunny,Brake failure,2,2,0,Male,52,Yes,Yes,54173,9.861989351,78.32706944
TN-2023-00985,02-10-2023,Tiruppur,Location_36,20:08,Car,Rural Road,Clear,Brake failure,5,0,1,Male,48,No,Yes,470112,12.68454476,79.6003942
TN-2023-00986,31-07-2023,Thoothukudi,Location_70,22:07,Two Wheeler,NH,Rain,Drunk drive,2,1,0,Male,59,Yes,Yes,323292,11.14739255,76.78436245
TN-2023-00987,13-08-2023,Tirunelveli,Location_43,19:26,Bus,Rural Road,Rain,Weather,2,3,0,Male,43,No,Yes,98649,9.026932423,77.44402855
TN-2023-00988,20-01-2023,Thoothukudi,Location_16,07:53,Two Wheeler,Urban Street,Rain,Weather,4,0,0,Male,59,Yes,Yes,70004,8.155886495,78.3464332
TN-2023-00989,23-04-2023,Salem,Location_59,20:27,Auto Rickshaw,Urban Street,Cloudy,Over speed,5,0,0,Male,41,Yes,Yes,224629,8.562997081,79.45428201
TN-2023-00990,20-05-2023,Tirunelveli,Location_53,22:05,Car,NH,Fog,Poor road,2,0,0,Male,19,No,Yes,78928,11.85226426,77.91409942
TN-2023-00991,16-02-2023,Tirunelveli,Location_19,02:04,Two Wheeler,NH,Clear,Reckless driving,3,2,0,Male,58,Yes,Yes,412531,12.65903497,76.32745048
TN-2023-00992,01-01-2023,Madurai,Location_98,08:06,Two Wheeler,Urban Street,Sunny,Over speed,1,1,0,Male,18,No,No,407696,12.30395902,80.44973739
TN-2023-00993,31-03-2023,Tirunelveli,Location_89,03:38,Two Wheeler,SH,Rain,Reckless driving,4,1,0,Male,27,Yes,Yes,434754,12.34431512,79.18559825
TN-2023-00994,22-05-2023,Chennai,Location_95,04:10,Auto Rickshaw,NH,Cloudy,Poor road,5,0,0,Male,40,Yes,Yes,147624,9.435285203,79.25230811
TN-2023-00995,16-11-2023,Thoothukudi,Location_41,14:33,Two Wheeler,Urban Street,Rain,Poor road,5,3,0,Male,50,Yes,Yes,130800,13.43997318,78.0929721
TN-2023-00996,07-02-2023,Tiruppur,Location_81,12:53,Car,NH,Sunny,Drunk drive,4,3,0,Male,61,No,Yes,400526,8.475246952,78.46168026
TN-2023-00997,20-10-2023,Erode,Location_47,15:06,Truck,NH,Clear,Brake failure,2,0,0,Male,54,No,No,181544,12.51602435,80.473218
TN-2023-00998,19-05-2023,Salem,Location_94,07:05,Two Wheeler,Rural Road,Rain,Brake failure,4,2,0,Male,28,No,No,121801,8.532495007,78.67802067
TN-2023-00999,22-12-2023,Tirunelveli,Location_54,06:49,Two Wheeler,Rural Road,Cloudy,Brake failure,5,3,0,Male,37,Yes,Yes,489337,9.471422176,76.9851826
TN-2023-01000,29-11-2023,Salem,Location_55,21:24,Car,SH,Cloudy,Weather,3,1,0,Male,43,Yes,No,132431,10.72477715,80.33970883
TN-2023-01001,16-09-2023,Tiruppur,Location_95,21:19,Car,NH,Fog,Brake failure,2,3,0,Male,63,Yes,Yes,19944,8.293374239,78.41993207
TN-2023-01002,10-06-2023,Salem,Location_19,06:02,Two Wheeler,Urban Street,Cloudy,Weather,4,3,1,Male,64,Yes,Yes,194370,10.1679424,76.09303007
TN-2023-01003,27-06-2023,Tiruppur,Location_62,04:00,Two Wheeler,Urban Street,Fog,Reckless driving,5,0,0,Female,19,Yes,Yes,310244,9.925629102,78.58008165
TN-2023-01004,10-01-2023,Tirunelveli,Location_99,14:25,Car,NH,Clear,Over speed,5,3,0,Male,42,Yes,Yes,133671,11.55944645,76.31714021
TN-2023-01005,18-09-2023,Tiruppur,Location_93,02:39,Auto Rickshaw,NH,Sunny,Weather,5,0,0,Male,21,Yes,Yes,288392,11.94907387,78.3741474
TN-2023-01006,18-05-2023,Tirunelveli,Location_59,08:46,Two Wheeler,SH,Fog,Poor road,3,1,0,Male,36,No,Yes,453116,8.497724152,79.71399258
TN-2023-01007,21-06-2023,Madurai,Location_65,09:33,Two Wheeler,SH,Rain,Drunk drive,2,3,0,Female,30,No,Yes,419558,8.209376634,78.42489867
TN-2023-01008,13-01-2023,Madurai,Location_68,19:04,Two Wheeler,SH,Rain,Drunk drive,4,0,0,Male,36,No,No,445499,12.26740227,77.68054
TN-2023-01009,17-06-2023,Tiruppur,Location_28,18:12,Lorry,Urban Street,Sunny,Poor road,2,0,0,Male,30,Yes,Yes,372650,10.90395263,79.97174388
TN-2023-01010,10-05-2023,Madurai,Location_18,10:00,Two Wheeler,Rural Road,Cloudy,Reckless driving,5,1,0,Male,29,Yes,Yes,442543,10.94050214,80.17415535
TN-2023-01011,25-03-2023,Erode,Location_26,21:14,Auto Rickshaw,SH,Rain,Over speed,3,3,0,Male,19,Yes,Yes,52531,13.39394169,77.56370942
TN-2023-01012,17-11-2023,Erode,Location_19,17:47,Two Wheeler,Urban Street,Fog,Drunk drive,3,2,0,Female,54,Yes,Yes,172206,10.40757842,78.24527853
TN-2023-01013,15-11-2023,Madurai,Location_55,08:00,Truck,SH,Sunny,Poor road,5,3,0,Female,40,No,Yes,439707,9.079058868,80.42315033
TN-2023-01014,11-04-2023,Madurai,Location_57,10:08,Car,Urban Street,Rain,Drunk drive,2,0,0,Male,36,No,Yes,6376,11.74352627,76.80145381
TN-2023-01015,25-11-2023,Vellore,Location_6,22:42,Bus,NH,Cloudy,Weather,2,0,0,Male,20,No,Yes,107614,12.48622934,77.34168956
TN-2023-01016,30-09-2023,Vellore,Location_1,12:57,Two Wheeler,Urban Street,Cloudy,Reckless driving,3,1,0,Female,41,Yes,Yes,414474,10.76298428,77.92790105
TN-2023-01017,22-09-2023,Tirunelveli,Location_8,01:13,Lorry,NH,Rain,Drunk drive,1,1,0,Male,40,Yes,Yes,366611,11.80498024,76.45399734
TN-2023-01018,07-02-2023,Tiruppur,Location_97,05:39,Two Wheeler,Urban Street,Sunny,Reckless driving,3,2,0,Male,21,Yes,Yes,481807,10.82662273,77.22419156
TN-2023-01019,04-04-2023,Trichy,Location_51,17:15,Two Wheeler,Rural Road,Clear,Reckless driving,3,2,0,Male,35,No,Yes,496967,10.24043742,78.45109909
TN-2023-01020,05-04-2023,Trichy,Location_85,20:28,Two Wheeler,Urban Street,Rain,Weather,4,0,1,Male,29,Yes,Yes,261680,8.188528582,77.02824127
TN-2023-01021,01-11-2023,Madurai,Location_88,11:10,Auto Rickshaw,NH,Cloudy,Reckless driving,3,2,0,Male,52,Yes,Yes,79606,8.955584201,79.08828243
TN-2023-01022,10-03-2023,Salem,Location_25,05:02,Lorry,Rural Road,Clear,Weather,1,2,0,Male,44,Yes,Yes,178689,10.63872119,77.56452167
TN-2023-01023,14-11-2023,Madurai,Location_47,13:01,Car,Urban Street,Sunny,Drunk drive,3,2,0,Male,60,Yes,Yes,190994,10.18090716,76.40407721
TN-2023-01024,24-08-2023,Vellore,Location_55,10:21,Car,Urban Street,Cloudy,Drunk drive,2,3,0,Male,31,No,No,299937,12.63586072,79.44039861
TN-2023-01025,30-11-2023,Tirunelveli,Location_64,02:49,Two Wheeler,SH,Sunny,Reckless driving,4,3,0,Male,48,Yes,Yes,410206,8.596452592,78.55337337
TN-2023-01026,17-05-2023,Madurai,Location_83,00:23,Auto Rickshaw,Rural Road,Rain,Weather,4,0,0,Female,20,Yes,Yes,170413,8.27570144,79.71191177
TN-2023-01027,17-03-2023,Thoothukudi,Location_93,00:43,Lorry,NH,Sunny,Drunk drive,3,3,2,Female,22,No,Yes,126476,8.479254973,77.62068228
TN-2023-01028,04-02-2023,Salem,Location_10,14:36,Bus,Rural Road,Cloudy,Reckless driving,4,2,0,Male,46,Yes,Yes,413863,11.72950968,76.08720746
TN-2023-01029,01-01-2023,Thoothukudi,Location_56,05:47,Car,NH,Rain,Over speed,4,2,0,Male,56,No,Yes,332876,11.26960413,76.21009822
TN-2023-01030,23-10-2023,Tirunelveli,Location_12,11:11,Truck,SH,Cloudy,Brake failure,3,2,0,Male,34,No,Yes,74743,11.4772118,79.5795242
TN-2023-01031,16-11-2023,Tirunelveli,Location_33,02:29,Auto Rickshaw,SH,Cloudy,Brake failure,1,3,0,Female,36,Yes,Yes,154134,8.863068025,77.84788545
TN-2023-01032,01-03-2023,Erode,Location_71,22:01,Car,NH,Clear,Poor road,3,1,0,Male,52,Yes,Yes,277316,10.83994022,80.39373567
TN-2023-01033,16-11-2023,Coimbatore,Location_17,06:33,Two Wheeler,NH,Fog,Reckless driving,2,2,0,Male,50,No,Yes,142066,12.22218517,79.73638767
TN-2023-01034,15-12-2023,Thoothukudi,Location_61,20:38,Car,NH,Sunny,Brake failure,5,2,0,Male,25,Yes,Yes,277179,11.76131999,76.07254847
TN-2023-01035,24-11-2023,Erode,Location_10,10:42,Car,SH,Sunny,Over speed,1,1,0,Male,54,Yes,Yes,158046,10.41278293,79.9149109
TN-2023-01036,24-09-2023,Vellore,Location_31,13:02,Two Wheeler,Rural Road,Clear,Reckless driving,3,1,0,Male,52,No,Yes,379128,8.569252823,76.95789778
TN-2023-01037,27-12-2023,Chennai,Location_60,13:31,Two Wheeler,SH,Sunny,Brake failure,1,0,0,Male,37,Yes,No,296197,12.78857618,78.18819218
TN-2023-01038,17-08-2023,Salem,Location_70,10:35,Two Wheeler,Urban Street,Clear,Brake failure,5,0,0,Male,34,Yes,Yes,102307,10.89412388,78.27754607
TN-2023-01039,27-09-2023,Chennai,Location_17,16:47,Car,SH,Sunny,Over speed,4,3,0,Male,62,No,Yes,139290,12.89313418,76.26874541
TN-2023-01040,12-11-2023,Tiruppur,Location_50,02:56,Two Wheeler,Urban Street,Sunny,Weather,4,1,0,Male,30,No,Yes,100541,10.41285061,76.56549541
TN-2023-01041,13-10-2023,Vellore,Location_37,09:52,Two Wheeler,Urban Street,Cloudy,Brake failure,5,0,0,Female,21,Yes,No,279809,9.303571637,77.90371331
TN-2023-01042,18-10-2023,Vellore,Location_82,14:39,Lorry,SH,Clear,Poor road,4,2,1,Male,47,No,Yes,405464,9.690771556,78.89179394
TN-2023-01043,01-08-2023,Chennai,Location_62,17:02,Car,SH,Sunny,Brake failure,1,0,1,Male,23,Yes,Yes,198550,10.2998213,77.1898764
TN-2023-01044,14-06-2023,Thoothukudi,Location_90,06:09,Two Wheeler,SH,Fog,Brake failure,4,2,1,Female,19,Yes,Yes,393310,11.37822723,78.36880435
TN-2023-01045,05-01-2023,Coimbatore,Location_80,19:08,Two Wheeler,Rural Road,Clear,Over speed,5,2,0,Male,32,Yes,Yes,269145,12.22901044,77.7061092
TN-2023-01046,05-12-2023,Thoothukudi,Location_72,13:54,Auto Rickshaw,SH,Clear,Over speed,5,2,0,Male,51,Yes,No,316318,9.334523475,78.83663578
TN-2023-01047,19-03-2023,Chennai,Location_88,13:10,Lorry,NH,Clear,Reckless driving,5,3,0,Male,37,Yes,No,328919,9.032470564,77.90996786
TN-2023-01048,03-03-2023,Tiruppur,Location_77,00:35,Two Wheeler,SH,Cloudy,Poor road,2,1,0,Male,33,Yes,No,63557,9.114623285,79.83234895
TN-2023-01049,12-05-2023,Thoothukudi,Location_29,05:21,Truck,Urban Street,Clear,Drunk drive,1,3,0,Male,60,Yes,Yes,275291,13.13974878,80.42684831
TN-2023-01050,30-03-2023,Trichy,Location_32,21:04,Two Wheeler,Rural Road,Cloudy,Over speed,5,0,0,Male,46,No,No,416928,8.901718695,80.10873325
TN-2023-01051,25-08-2023,Thoothukudi,Location_88,02:01,Truck,Rural Road,Fog,Drunk drive,1,0,0,Male,44,Yes,Yes,191527,9.901587933,76.75871906
TN-2023-01052,11-02-2023,Tirunelveli,Location_80,02:08,Two Wheeler,Urban Street,Rain,Poor road,2,1,0,Female,18,No,Yes,135708,10.67227191,78.05729955
TN-2023-01053,30-03-2023,Erode,Location_11,18:50,Two Wheeler,Rural Road,Cloudy,Brake failure,1,1,0,Female,30,Yes,Yes,135432,11.05911917,78.06467974
TN-2023-01054,23-10-2023,Salem,Location_96,16:17,Two Wheeler,Rural Road,Sunny,Reckless driving,3,0,0,Male,57,No,Yes,453795,12.71946829,79.78209876
TN-2023-01055,24-11-2023,Thoothukudi,Location_6,10:11,Two Wheeler,NH,Clear,Brake failure,2,1,0,Male,49,Yes,Yes,56290,8.620861139,77.60735196
TN-2023-01056,22-10-2023,Coimbatore,Location_35,02:17,Car,NH,Rain,Reckless driving,2,1,0,Male,20,Yes,Yes,223739,8.594073662,78.47320841
TN-2023-01057,14-04-2023,Coimbatore,Location_33,05:06,Lorry,Rural Road,Cloudy,Drunk drive,4,2,1,Male,31,Yes,Yes,86626,9.740253074,78.74175551
TN-2023-01058,14-01-2023,Thoothukudi,Location_18,00:05,Auto Rickshaw,SH,Sunny,Poor road,5,3,0,Female,45,Yes,Yes,234868,10.27260802,76.50184354
TN-2023-01059,15-10-2023,Madurai,Location_37,17:44,Two Wheeler,Rural Road,Rain,Poor road,2,3,1,Female,63,No,Yes,353643,10.05576614,78.51082509
TN-2023-01060,28-06-2023,Vellore,Location_13,21:50,Two Wheeler,NH,Fog,Over speed,1,3,0,Male,43,Yes,Yes,402451,10.15545993,77.1107867
TN-2023-01061,05-05-2023,Thoothukudi,Location_74,06:50,Two Wheeler,Rural Road,Cloudy,Drunk drive,3,2,0,Male,38,Yes,Yes,227670,12.68300251,76.92977596
TN-2023-01062,19-12-2023,Vellore,Location_90,08:34,Two Wheeler,SH,Cloudy,Reckless driving,1,2,1,Male,63,Yes,Yes,81819,12.60167576,77.12642011
TN-2023-01063,23-01-2023,Trichy,Location_81,22:11,Car,SH,Fog,Over speed,1,1,0,Female,28,Yes,Yes,109299,12.43025718,76.44708399
TN-2023-01064,04-03-2023,Chennai,Location_64,19:23,Two Wheeler,NH,Cloudy,Drunk drive,3,1,0,Male,44,Yes,Yes,291034,12.15404367,76.31378613
TN-2023-01065,23-05-2023,Trichy,Location_1,17:39,Bus,Rural Road,Clear,Over speed,4,2,0,Male,61,No,Yes,398010,8.222140957,78.91089866
TN-2023-01066,02-06-2023,Thoothukudi,Location_63,08:12,Car,NH,Cloudy,Over speed,5,2,0,Female,18,Yes,Yes,305441,8.821632365,80.23440489
TN-2023-01067,25-05-2023,Coimbatore,Location_89,07:53,Two Wheeler,Urban Street,Clear,Poor road,2,0,0,Female,50,Yes,No,68470,12.02705954,79.0959983
TN-2023-01068,13-08-2023,Madurai,Location_34,09:16,Car,NH,Cloudy,Poor road,5,2,0,Male,63,Yes,Yes,113116,11.27164158,77.40335024
TN-2023-01069,05-11-2023,Tiruppur,Location_10,06:16,Two Wheeler,NH,Sunny,Brake failure,4,2,0,Male,35,Yes,Yes,72172,11.70669518,77.50770968
TN-2023-01070,14-04-2023,Vellore,Location_84,22:49,Two Wheeler,NH,Sunny,Brake failure,3,3,0,Male,19,Yes,Yes,153394,11.94312262,78.43625141
TN-2023-01071,14-04-2023,Erode,Location_7,01:34,Lorry,Rural Road,Rain,Poor road,5,0,0,Male,21,No,Yes,428113,13.0125059,79.89835844
TN-2023-01072,08-02-2023,Vellore,Location_56,18:32,Car,Urban Street,Sunny,Poor road,1,3,0,Male,21,Yes,No,341795,11.4932862,76.91109048
TN-2023-01073,17-07-2023,Tirunelveli,Location_80,20:52,Two Wheeler,Rural Road,Fog,Over speed,2,3,0,Male,34,Yes,No,283348,9.515620858,78.10830113
TN-2023-01074,14-05-2023,Salem,Location_37,09:52,Bus,SH,Rain,Brake failure,2,0,0,Male,33,Yes,Yes,156576,8.456587654,78.24526025
TN-2023-01075,08-03-2023,Thoothukudi,Location_29,13:44,Two Wheeler,Urban Street,Sunny,Poor road,4,0,0,Male,26,No,Yes,289530,10.37646601,80.1905063
TN-2023-01076,28-06-2023,Trichy,Location_12,08:37,Bus,NH,Clear,Drunk drive,4,0,0,Male,43,Yes,No,266150,11.90417261,78.41268795
TN-2023-01077,11-02-2023,Erode,Location_17,05:50,Car,NH,Cloudy,Drunk drive,3,1,1,Male,27,No,Yes,366939,9.550457704,79.51386403
TN-2023-01078,15-01-2023,Coimbatore,Location_48,20:41,Car,NH,Sunny,Brake failure,4,0,0,Male,24,Yes,Yes,288854,8.660436236,76.39510531
TN-2023-01079,21-04-2023,Coimbatore,Location_84,22:34,Auto Rickshaw,Rural Road,Clear,Drunk drive,5,3,0,Male,26,Yes,Yes,473369,13.49308326,77.47115626
TN-2023-01080,06-06-2023,Coimbatore,Location_26,17:52,Bus,SH,Rain,Reckless driving,2,0,0,Female,44,Yes,No,193583,10.30380901,78.75140554
TN-2023-01081,16-10-2023,Tiruppur,Location_83,18:04,Two Wheeler,Urban Street,Cloudy,Over speed,3,1,0,Male,49,Yes,Yes,334046,9.189731353,79.04937069
TN-2023-01082,19-08-2023,Tirunelveli,Location_12,10:09,Two Wheeler,Urban Street,Sunny,Brake failure,4,3,1,Male,40,Yes,Yes,28618,8.905057663,79.98345468
TN-2023-01083,06-06-2023,Coimbatore,Location_21,16:35,Auto Rickshaw,Rural Road,Rain,Reckless driving,1,0,0,Male,44,Yes,Yes,369222,12.74530309,78.65690685
TN-2023-01084,07-02-2023,Coimbatore,Location_42,20:17,Two Wheeler,SH,Sunny,Poor road,2,0,1,Male,42,Yes,Yes,18322,12.50782133,77.30310645
TN-2023-01085,07-04-2023,Thoothukudi,Location_61,17:00,Car,Urban Street,Rain,Reckless driving,3,3,2,Male,46,Yes,Yes,392482,11.37326324,78.42592857
TN-2023-01086,16-10-2023,Tirunelveli,Location_58,13:07,Bus,Rural Road,Sunny,Drunk drive,2,3,0,Male,41,Yes,Yes,198700,11.00952031,79.20188504
TN-2023-01087,11-09-2023,Madurai,Location_54,01:50,Car,SH,Clear,Over speed,5,0,2,Male,33,Yes,Yes,209939,13.23291453,79.52955343
TN-2023-01088,15-07-2023,Madurai,Location_34,14:33,Lorry,SH,Fog,Poor road,4,1,0,Male,33,Yes,Yes,331112,9.255471928,80.25062922
TN-2023-01089,27-03-2023,Tirunelveli,Location_7,03:00,Bus,Urban Street,Clear,Weather,4,3,0,Female,45,Yes,Yes,102691,10.28466478,76.85838689
TN-2023-01090,18-11-2023,Salem,Location_35,18:20,Bus,Urban Street,Cloudy,Over speed,4,2,0,Male,37,No,Yes,440461,8.13565751,78.97425322
TN-2023-01091,10-01-2023,Tiruppur,Location_15,09:00,Lorry,SH,Sunny,Drunk drive,1,0,0,Male,36,Yes,No,275841,10.30224372,76.9013894
TN-2023-01092,05-01-2023,Erode,Location_65,19:53,Car,Urban Street,Fog,Over speed,5,3,1,Male,27,Yes,Yes,333517,10.11319086,77.43042548
TN-2023-01093,03-05-2023,Vellore,Location_90,14:35,Two Wheeler,Rural Road,Fog,Weather,1,3,0,Male,43,No,Yes,55091,13.22221282,76.64244025
TN-2023-01094,26-11-2023,Thoothukudi,Location_99,06:29,Car,SH,Cloudy,Weather,5,0,0,Female,19,Yes,Yes,271452,9.970278395,79.47847185
TN-2023-01095,19-12-2023,Chennai,Location_25,06:21,Bus,Urban Street,Cloudy,Over speed,5,0,0,Male,20,No,Yes,486624,12.59134093,80.11299784
TN-2023-01096,28-04-2023,Madurai,Location_59,17:44,Auto Rickshaw,Urban Street,Fog,Poor road,5,0,0,Male,56,Yes,Yes,5558,12.21626513,76.13467961
TN-2023-01097,21-10-2023,Tirunelveli,Location_79,09:55,Two Wheeler,Rural Road,Cloudy,Reckless driving,4,1,0,Male,19,Yes,Yes,326571,8.809996275,79.66078616
TN-2023-01098,08-06-2023,Erode,Location_86,07:26,Two Wheeler,Urban Street,Cloudy,Poor road,4,2,0,Male,42,Yes,Yes,332249,13.29494473,77.08789922
TN-2023-01099,30-10-2023,Tirunelveli,Location_6,09:13,Truck,Urban Street,Sunny,Weather,4,3,0,Female,62,Yes,Yes,341939,11.47031163,78.19136144
TN-2023-01100,16-08-2023,Vellore,Location_52,13:58,Car,Urban Street,Clear,Brake failure,1,0,2,Male,21,Yes,Yes,496238,11.2810279,79.36698631
TN-2023-01101,31-12-2023,Erode,Location_79,19:53,Two Wheeler,NH,Rain,Brake failure,3,0,0,Male,32,Yes,Yes,371532,8.064379943,78.28084445
TN-2023-01102,04-08-2023,Madurai,Location_88,10:05,Bus,Rural Road,Fog,Poor road,5,1,0,Male,35,Yes,Yes,282398,11.84565937,77.04062455
TN-2023-01103,03-07-2023,Coimbatore,Location_21,20:32,Bicycle,Rural Road,Rain,Brake failure,1,2,0,Male,24,Yes,Yes,161054,8.305958754,80.07774565
TN-2023-01104,15-01-2023,Tirunelveli,Location_71,18:38,Lorry,NH,Fog,Poor road,4,3,0,Male,44,No,Yes,254942,9.019594465,78.67112189
TN-2023-01105,06-06-2023,Chennai,Location_93,17:34,Bus,Rural Road,Fog,Drunk drive,4,2,0,Male,35,Yes,Yes,204714,8.542415404,80.19065012
TN-2023-01106,16-05-2023,Madurai,Location_96,19:42,Two Wheeler,Urban Street,Clear,Poor road,3,2,0,Male,24,Yes,Yes,117476,10.08013258,79.80988602
TN-2023-01107,18-09-2023,Trichy,Location_32,04:18,Auto Rickshaw,Urban Street,Fog,Drunk drive,4,0,0,Male,46,Yes,Yes,166084,12.37641326,79.94464439
TN-2023-01108,06-06-2023,Chennai,Location_53,20:23,Car,Urban Street,Fog,Reckless driving,5,0,0,Male,58,Yes,No,63064,11.8905985,77.62770731
TN-2023-01109,16-02-2023,Salem,Location_59,01:21,Auto Rickshaw,Rural Road,Clear,Weather,2,0,0,Male,61,Yes,Yes,271405,8.586823288,80.44291809
TN-2023-01110,20-11-2023,Tiruppur,Location_69,03:56,Two Wheeler,Rural Road,Cloudy,Brake failure,4,1,1,Female,50,No,No,192571,12.39153656,79.83577509
TN-2023-01111,28-11-2023,Madurai,Location_62,09:01,Two Wheeler,SH,Rain,Reckless driving,3,1,0,Male,19,No,Yes,467337,10.53465927,77.51923146
TN-2023-01112,22-06-2023,Coimbatore,Location_4,07:32,Car,NH,Fog,Reckless driving,2,1,0,Male,35,No,Yes,386842,8.179469278,80.03386911
TN-2023-01113,10-05-2023,Madurai,Location_86,05:42,Two Wheeler,Rural Road,Clear,Weather,5,0,0,Female,63,Yes,Yes,433478,9.231045531,79.39881774
TN-2023-01114,05-04-2023,Vellore,Location_18,09:44,Bus,SH,Fog,Over speed,5,0,0,Male,40,Yes,Yes,389706,12.3185204,79.26311662
TN-2023-01115,25-04-2023,Erode,Location_99,00:33,Truck,NH,Clear,Over speed,5,0,0,Male,23,Yes,Yes,407909,12.03314856,76.02801624
TN-2023-01116,31-08-2023,Tirunelveli,Location_81,02:08,Bus,NH,Rain,Reckless driving,3,2,1,Male,60,Yes,Yes,454888,9.035931177,76.10155563
TN-2023-01117,19-10-2023,Erode,Location_56,04:41,Auto Rickshaw,Urban Street,Sunny,Reckless driving,2,1,0,Male,42,No,Yes,83358,8.208994857,79.1265664
TN-2023-01118,09-10-2023,Erode,Location_24,09:11,Car,Urban Street,Cloudy,Weather,5,1,0,Male,36,Yes,Yes,130977,9.623610692,77.25407595
TN-2023-01119,26-10-2023,Madurai,Location_66,17:57,Lorry,SH,Sunny,Poor road,4,2,0,Male,25,Yes,Yes,406437,12.37209793,76.26333256
TN-2023-01120,10-10-2023,Vellore,Location_13,20:20,Auto Rickshaw,SH,Clear,Poor road,2,3,0,Female,54,Yes,Yes,327322,13.16114765,77.28677977
TN-2023-01121,10-03-2023,Tirunelveli,Location_62,00:02,Bus,Urban Street,Fog,Brake failure,5,2,1,Male,43,Yes,Yes,300590,11.15087099,79.77059263
TN-2023-01122,28-05-2023,Tirunelveli,Location_54,04:24,Car,Urban Street,Cloudy,Weather,2,2,0,Male,46,Yes,Yes,365025,8.501071202,78.11775309
TN-2023-01123,11-01-2023,Erode,Location_15,16:07,Car,NH,Rain,Over speed,4,0,0,Male,45,Yes,Yes,160871,10.76147385,78.77010666
TN-2023-01124,11-09-2023,Salem,Location_69,16:08,Bus,NH,Cloudy,Weather,1,3,1,Male,24,Yes,Yes,359409,13.49335255,79.60227436
TN-2023-01125,26-11-2023,Tiruppur,Location_3,05:48,Two Wheeler,Rural Road,Fog,Weather,5,2,0,Male,53,Yes,Yes,149923,13.16267957,77.45518512
TN-2023-01126,26-12-2023,Vellore,Location_37,07:20,Lorry,Urban Street,Sunny,Brake failure,4,3,0,Male,32,Yes,Yes,264710,13.46266052,76.05015659
TN-2023-01127,07-02-2023,Salem,Location_37,06:06,Truck,NH,Clear,Poor road,3,3,0,Male,50,Yes,No,323920,11.84678091,77.45494489
TN-2023-01128,14-05-2023,Thoothukudi,Location_3,14:38,Car,SH,Sunny,Reckless driving,5,0,0,Male,22,Yes,Yes,353220,10.34348711,80.30505275
TN-2023-01129,19-07-2023,Thoothukudi,Location_63,21:26,Bus,NH,Cloudy,Over speed,1,3,0,Female,46,Yes,Yes,11319,12.91221258,78.17028244
TN-2023-01130,23-01-2023,Chennai,Location_35,07:08,Bus,Urban Street,Fog,Brake failure,4,0,0,Male,34,No,Yes,240102,12.92349255,78.56413422
TN-2023-01131,30-10-2023,Erode,Location_52,14:01,Bus,NH,Clear,Over speed,4,1,2,Male,62,Yes,Yes,96598,8.794006582,79.42193212
TN-2023-01132,12-12-2023,Tirunelveli,Location_87,06:46,Car,Urban Street,Fog,Over speed,2,2,0,Male,44,Yes,Yes,52711,12.26462221,76.5172002
TN-2023-01133,29-10-2023,Madurai,Location_28,17:21,Auto Rickshaw,NH,Fog,Poor road,5,0,0,Female,34,Yes,Yes,338964,13.05620236,79.30271185
TN-2023-01134,29-12-2023,Tirunelveli,Location_94,17:09,Two Wheeler,Rural Road,Cloudy,Reckless driving,1,0,1,Female,21,Yes,Yes,41949,12.94185822,77.33989501
TN-2023-01135,06-08-2023,Tirunelveli,Location_18,21:49,Two Wheeler,Rural Road,Sunny,Reckless driving,3,2,0,Female,29,Yes,Yes,172399,11.8875849,77.74672673
TN-2023-01136,21-05-2023,Coimbatore,Location_36,00:06,Auto Rickshaw,SH,Fog,Poor road,2,0,0,Female,40,Yes,Yes,247298,10.95547084,77.21270439
TN-2023-01137,14-04-2023,Tirunelveli,Location_33,02:13,Bus,SH,Fog,Brake failure,5,3,0,Female,28,No,Yes,401682,12.27212095,76.69095496
TN-2023-01138,29-07-2023,Chennai,Location_64,11:45,Auto Rickshaw,Urban Street,Fog,Drunk drive,1,0,1,Male,53,Yes,Yes,197864,10.83885713,77.62657618
TN-2023-01139,21-04-2023,Salem,Location_26,03:12,Two Wheeler,Urban Street,Clear,Brake failure,2,0,0,Male,29,No,No,229983,9.766787382,76.42587527
TN-2023-01140,14-04-2023,Thoothukudi,Location_48,15:15,Two Wheeler,Urban Street,Fog,Brake failure,1,3,1,Male,26,No,Yes,153903,9.424161715,79.80150127
TN-2023-01141,12-11-2023,Tirunelveli,Location_40,21:04,Truck,NH,Fog,Drunk drive,1,2,0,Male,41,Yes,Yes,77811,10.97361474,77.37675858
TN-2023-01142,20-06-2023,Tirunelveli,Location_17,19:24,Two Wheeler,NH,Cloudy,Over speed,2,0,0,Male,35,Yes,Yes,214074,10.50775184,78.94127793
TN-2023-01143,22-12-2023,Coimbatore,Location_40,05:37,Lorry,NH,Fog,Weather,2,1,0,Female,44,Yes,Yes,462679,10.88472397,77.33513
TN-2023-01144,20-11-2023,Vellore,Location_7,17:37,Lorry,SH,Fog,Drunk drive,5,2,0,Male,26,Yes,No,39717,9.433832997,76.94816819
TN-2023-01145,13-05-2023,Madurai,Location_57,06:55,Bus,Urban Street,Cloudy,Weather,2,1,0,Female,50,No,Yes,183814,11.24820717,79.21145694
TN-2023-01146,20-10-2023,Vellore,Location_8,15:40,Two Wheeler,NH,Clear,Over speed,5,1,1,Male,23,No,Yes,402725,11.64140931,78.80801719
TN-2023-01147,24-11-2023,Madurai,Location_56,12:43,Bus,SH,Sunny,Drunk drive,1,1,0,Male,50,No,Yes,496725,12.43766892,76.98147219
TN-2023-01148,07-05-2023,Tiruppur,Location_31,18:25,Auto Rickshaw,Rural Road,Cloudy,Poor road,2,0,0,Male,57,Yes,Yes,227133,11.24493082,78.75443267
TN-2023-01149,16-04-2023,Tirunelveli,Location_59,22:54,Two Wheeler,Urban Street,Clear,Brake failure,5,3,0,Female,23,Yes,Yes,317070,12.15838941,76.02250755
TN-2023-01150,02-04-2023,Coimbatore,Location_58,00:07,Two Wheeler,Rural Road,Sunny,Drunk drive,5,0,0,Male,21,No,Yes,423882,8.931619293,76.79611573
TN-2023-01151,14-10-2023,Trichy,Location_12,03:20,Two Wheeler,SH,Fog,Drunk drive,3,1,0,Male,20,Yes,Yes,54630,8.665844821,79.2748929
TN-2023-01152,20-02-2023,Erode,Location_48,21:50,Two Wheeler,Urban Street,Cloudy,Over speed,5,1,0,Male,30,Yes,Yes,325649,8.988025997,77.845678
TN-2023-01153,29-01-2023,Thoothukudi,Location_31,20:57,Auto Rickshaw,NH,Fog,Poor road,5,3,0,Male,43,No,Yes,259176,12.65445817,76.91632999
TN-2023-01154,23-10-2023,Salem,Location_83,04:48,Auto Rickshaw,SH,Cloudy,Drunk drive,3,2,0,Female,51,Yes,Yes,96196,11.05882437,78.2766237
TN-2023-01155,24-10-2023,Thoothukudi,Location_63,02:18,Bicycle,Rural Road,Sunny,Poor road,4,1,0,Male,30,No,Yes,74496,10.50423377,78.0934765
TN-2023-01156,02-08-2023,Salem,Location_74,00:28,Car,Rural Road,Clear,Weather,2,0,0,Male,64,Yes,Yes,299501,12.19187683,78.85271332
TN-2023-01157,24-09-2023,Tiruppur,Location_39,22:32,Lorry,Rural Road,Cloudy,Drunk drive,3,1,0,Male,25,No,Yes,153772,8.682428535,76.32642244
TN-2023-01158,14-09-2023,Vellore,Location_76,22:51,Two Wheeler,SH,Clear,Poor road,5,1,0,Female,29,Yes,Yes,5014,8.034143801,79.68707334
TN-2023-01159,29-10-2023,Chennai,Location_20,08:22,Bus,SH,Fog,Brake failure,5,2,0,Male,25,Yes,Yes,488377,9.710306454,76.26224551
TN-2023-01160,11-04-2023,Tirunelveli,Location_48,04:06,Car,Urban Street,Fog,Over speed,2,3,0,Male,36,No,Yes,258699,9.368918837,78.04234874
TN-2023-01161,12-12-2023,Trichy,Location_71,05:48,Auto Rickshaw,Urban Street,Sunny,Reckless driving,1,1,0,Female,58,No,Yes,370668,9.690319564,79.19712861
TN-2023-01162,20-04-2023,Salem,Location_54,21:48,Auto Rickshaw,Rural Road,Sunny,Poor road,3,2,0,Male,27,Yes,Yes,221489,13.35463141,77.55164966
TN-2023-01163,01-07-2023,Erode,Location_78,12:11,Truck,SH,Rain,Over speed,4,2,0,Male,49,Yes,Yes,120651,11.12260159,80.09553339
TN-2023-01164,09-11-2023,Salem,Location_75,03:07,Auto Rickshaw,Urban Street,Rain,Reckless driving,2,1,0,Male,38,No,Yes,124817,11.24011548,79.39854335
TN-2023-01165,01-01-2023,Chennai,Location_71,04:30,Auto Rickshaw,SH,Sunny,Drunk drive,2,1,0,Female,40,Yes,Yes,52859,11.60618108,77.91721629
TN-2023-01166,15-11-2023,Thoothukudi,Location_29,04:44,Two Wheeler,NH,Fog,Drunk drive,3,3,0,Male,44,Yes,No,54274,10.18749006,76.82721877
TN-2023-01167,24-02-2023,Coimbatore,Location_74,10:07,Auto Rickshaw,SH,Clear,Weather,5,0,0,Female,42,Yes,Yes,91677,13.38436754,76.19547509
TN-2023-01168,29-05-2023,Thoothukudi,Location_93,07:32,Car,Rural Road,Sunny,Over speed,5,0,0,Male,24,Yes,Yes,334598,13.35293782,79.60748947
TN-2023-01169,05-11-2023,Tiruppur,Location_73,12:28,Two Wheeler,SH,Clear,Brake failure,4,3,0,Male,59,Yes,Yes,226854,12.23084922,76.87423411
TN-2023-01170,17-05-2023,Coimbatore,Location_48,04:27,Two Wheeler,Rural Road,Rain,Brake failure,3,2,0,Male,52,Yes,Yes,188267,9.164306924,77.21353378
TN-2023-01171,21-07-2023,Thoothukudi,Location_74,20:39,Bus,Urban Street,Clear,Poor road,2,2,2,Female,19,Yes,Yes,15492,12.84108256,76.04670263
TN-2023-01172,09-11-2023,Erode,Location_83,16:54,Two Wheeler,Urban Street,Sunny,Brake failure,3,3,0,Male,45,No,No,149715,8.55505936,76.08202098
TN-2023-01173,27-04-2023,Thoothukudi,Location_56,22:44,Car,Urban Street,Fog,Reckless driving,1,0,0,Male,24,No,Yes,122960,11.46442154,77.03688295
TN-2023-01174,03-06-2023,Erode,Location_95,08:01,Bus,NH,Sunny,Over speed,2,2,0,Male,59,No,Yes,457379,10.51468328,79.92790819
TN-2023-01175,18-10-2023,Erode,Location_17,18:51,Auto Rickshaw,Rural Road,Cloudy,Drunk drive,4,0,0,Male,57,Yes,No,126953,8.215686202,79.51370372
TN-2023-01176,04-03-2023,Coimbatore,Location_9,16:30,Lorry,NH,Cloudy,Over speed,4,2,1,Male,29,Yes,Yes,283468,12.97148856,79.46442902
TN-2023-01177,01-09-2023,Vellore,Location_97,06:29,Car,NH,Cloudy,Over speed,2,0,0,Male,34,Yes,Yes,165989,13.28601064,79.72165648
TN-2023-01178,25-01-2023,Madurai,Location_34,02:50,Two Wheeler,Urban Street,Fog,Drunk drive,5,3,0,Male,39,Yes,Yes,204375,12.99066994,76.83976106
TN-2023-01179,31-03-2023,Tirunelveli,Location_45,18:55,Two Wheeler,Rural Road,Sunny,Reckless driving,2,0,0,Male,26,No,Yes,216218,9.058567391,80.4057938
TN-2023-01180,16-03-2023,Salem,Location_88,08:09,Two Wheeler,SH,Cloudy,Over speed,2,2,0,Male,20,No,Yes,163199,9.831400457,77.04486685
TN-2023-01181,21-10-2023,Madurai,Location_9,13:49,Two Wheeler,SH,Sunny,Brake failure,1,2,0,Male,39,Yes,Yes,235221,13.25653119,76.67468433
TN-2023-01182,29-07-2023,Chennai,Location_7,14:25,Truck,Rural Road,Rain,Poor road,2,2,0,Male,53,No,Yes,312199,8.585331692,77.32590112
TN-2023-01183,13-12-2023,Vellore,Location_16,00:29,Car,SH,Cloudy,Poor road,3,1,0,Male,56,Yes,No,21942,11.20817609,78.38704004
TN-2023-01184,17-01-2023,Madurai,Location_19,05:14,Two Wheeler,Urban Street,Cloudy,Over speed,3,1,0,Male,35,Yes,Yes,409082,10.67037367,76.55993779
TN-2023-01185,08-05-2023,Coimbatore,Location_6,05:17,Two Wheeler,Urban Street,Fog,Reckless driving,4,2,1,Male,34,Yes,Yes,15135,8.835442467,79.32379461
TN-2023-01186,30-12-2023,Chennai,Location_11,00:55,Car,NH,Sunny,Drunk drive,5,3,0,Male,44,No,No,249407,12.87617621,77.6718701
TN-2023-01187,08-09-2023,Trichy,Location_76,02:16,Car,Urban Street,Fog,Weather,4,2,0,Male,52,Yes,Yes,257273,8.737849364,78.55787441
TN-2023-01188,28-06-2023,Vellore,Location_61,15:07,Two Wheeler,SH,Fog,Reckless driving,1,3,0,Male,49,Yes,Yes,413074,11.25988828,79.30406211
TN-2023-01189,01-07-2023,Madurai,Location_42,16:39,Truck,NH,Sunny,Over speed,2,2,0,Male,20,Yes,Yes,333268,9.749994853,80.05852186
TN-2023-01190,01-06-2023,Chennai,Location_13,16:24,Two Wheeler,Rural Road,Rain,Over speed,4,2,0,Male,30,No,Yes,39121,10.29889627,79.68706135
TN-2023-01191,25-01-2023,Trichy,Location_12,08:11,Two Wheeler,Rural Road,Sunny,Weather,2,3,0,Male,34,Yes,Yes,354404,9.162477878,78.41860904
TN-2023-01192,29-06-2023,Thoothukudi,Location_85,18:35,Two Wheeler,NH,Rain,Poor road,4,0,0,Male,35,Yes,Yes,234350,11.43567986,80.46027803
TN-2023-01193,17-07-2023,Chennai,Location_74,20:53,Car,Urban Street,Fog,Reckless driving,2,1,0,Male,34,Yes,Yes,238818,13.43772617,78.38382635
TN-2023-01194,10-12-2023,Coimbatore,Location_20,10:03,Two Wheeler,NH,Rain,Poor road,4,2,0,Male,33,Yes,Yes,22973,12.58448704,78.41187471
TN-2023-01195,10-06-2023,Thoothukudi,Location_50,13:45,Two Wheeler,NH,Rain,Weather,3,3,0,Male,39,No,Yes,62402,11.75763221,76.71319688
TN-2023-01196,26-06-2023,Coimbatore,Location_36,05:16,Two Wheeler,Urban Street,Rain,Drunk drive,1,3,0,Male,42,Yes,Yes,101960,12.16009704,76.66924241
TN-2023-01197,12-10-2023,Madurai,Location_92,01:07,Car,Rural Road,Cloudy,Over speed,4,1,0,Male,18,Yes,Yes,252839,12.61607673,76.75915507
TN-2023-01198,04-03-2023,Tirunelveli,Location_88,03:09,Two Wheeler,NH,Cloudy,Brake failure,3,1,0,Male,44,Yes,Yes,78361,10.59900902,78.66319612
TN-2023-01199,30-05-2023,Madurai,Location_69,06:35,Two Wheeler,Rural Road,Fog,Poor road,5,0,0,Male,31,Yes,Yes,172555,11.11874313,77.86827361
TN-2023-01200,03-06-2023,Thoothukudi,Location_37,15:13,Two Wheeler,SH,Sunny,Poor road,4,2,0,Male,45,No,Yes,422999,12.92515515,77.73648026
TN-2023-01201,05-06-2023,Erode,Location_12,15:24,Two Wheeler,Urban Street,Rain,Reckless driving,2,1,0,Male,64,No,Yes,285913,11.82771034,76.57401232
TN-2023-01202,18-02-2023,Madurai,Location_99,08:03,Car,SH,Cloudy,Poor road,1,0,0,Female,53,Yes,Yes,327772,8.74812763,77.71490595
TN-2023-01203,03-12-2023,Thoothukudi,Location_40,05:00,Two Wheeler,Rural Road,Sunny,Drunk drive,3,2,0,Female,60,Yes,Yes,117818,12.28744668,77.70095443
TN-2023-01204,25-03-2023,Chennai,Location_54,06:00,Two Wheeler,SH,Rain,Weather,3,2,0,Female,49,Yes,Yes,398134,8.124884743,78.79366469
TN-2023-01205,27-12-2023,Tiruppur,Location_2,18:39,Car,SH,Sunny,Drunk drive,1,3,0,Male,46,Yes,Yes,300221,12.66139846,77.74784365
TN-2023-01206,26-06-2023,Madurai,Location_50,02:00,Two Wheeler,SH,Clear,Poor road,4,1,0,Female,34,Yes,Yes,159008,12.33564627,77.88442906
TN-2023-01207,28-05-2023,Chennai,Location_41,00:38,Two Wheeler,NH,Rain,Reckless driving,2,0,0,Male,45,Yes,Yes,465413,12.56910292,77.22644332
TN-2023-01208,28-04-2023,Coimbatore,Location_45,20:44,Two Wheeler,NH,Sunny,Over speed,5,0,2,Male,58,Yes,Yes,400401,8.129759003,76.5917676
TN-2023-01209,08-12-2023,Vellore,Location_9,00:47,Auto Rickshaw,Urban Street,Rain,Poor road,4,3,0,Male,38,Yes,Yes,171278,13.34846859,77.35004898
TN-2023-01210,04-03-2023,Tirunelveli,Location_62,21:29,Bus,Rural Road,Rain,Over speed,1,0,0,Male,41,Yes,Yes,77061,11.37772615,76.19244403
TN-2023-01211,08-07-2023,Coimbatore,Location_86,21:45,Lorry,Rural Road,Clear,Reckless driving,4,0,0,Male,63,Yes,Yes,14972,12.40026616,76.91669486
TN-2023-01212,26-12-2023,Coimbatore,Location_47,03:22,Auto Rickshaw,Urban Street,Sunny,Over speed,4,2,1,Male,52,Yes,Yes,157256,11.11607507,77.46228604
TN-2023-01213,18-02-2023,Thoothukudi,Location_5,22:43,Truck,Rural Road,Fog,Poor road,1,1,0,Male,37,No,Yes,39656,9.868621239,76.65540831
TN-2023-01214,23-11-2023,Erode,Location_76,11:16,Lorry,Rural Road,Cloudy,Poor road,1,3,0,Male,39,Yes,Yes,108392,9.628816021,78.99236345
TN-2023-01215,14-09-2023,Salem,Location_1,20:14,Car,SH,Rain,Over speed,5,1,0,Male,21,Yes,Yes,51590,8.384636766,77.26344263
TN-2023-01216,12-08-2023,Tiruppur,Location_44,09:34,Two Wheeler,SH,Rain,Drunk drive,1,0,0,Male,33,Yes,Yes,479386,10.98383219,78.76987408
TN-2023-01217,21-05-2023,Erode,Location_22,22:51,Two Wheeler,Rural Road,Rain,Drunk drive,1,0,0,Male,38,Yes,Yes,331278,8.789740354,78.89748526
TN-2023-01218,03-08-2023,Thoothukudi,Location_38,19:28,Bus,Urban Street,Rain,Reckless driving,1,0,0,Male,61,Yes,Yes,282998,11.12134562,78.01279725
TN-2023-01219,30-07-2023,Tirunelveli,Location_19,11:00,Bicycle,Urban Street,Cloudy,Drunk drive,3,1,0,Male,38,No,Yes,494516,11.43703922,78.02097899
TN-2023-01220,14-11-2023,Tiruppur,Location_80,00:09,Car,Rural Road,Fog,Brake failure,1,3,0,Male,57,Yes,Yes,371440,10.43144384,78.61658468
TN-2023-01221,01-02-2023,Tiruppur,Location_31,17:46,Bus,Urban Street,Clear,Over speed,1,3,1,Male,58,No,Yes,288085,8.859786622,77.18105358
TN-2023-01222,07-06-2023,Thoothukudi,Location_67,01:48,Car,Urban Street,Fog,Brake failure,1,2,0,Male,28,Yes,Yes,282541,10.37989057,76.09560235
TN-2023-01223,12-10-2023,Trichy,Location_87,07:21,Two Wheeler,SH,Cloudy,Brake failure,5,3,0,Male,54,Yes,Yes,14862,12.83269586,78.90261069
TN-2023-01224,01-11-2023,Coimbatore,Location_42,21:25,Two Wheeler,Urban Street,Sunny,Over speed,4,2,0,Female,61,No,Yes,238389,10.51926286,78.73836423
TN-2023-01225,13-10-2023,Vellore,Location_82,08:20,Car,NH,Clear,Brake failure,1,0,0,Male,39,Yes,Yes,372338,9.88501202,78.14371479
TN-2023-01226,24-05-2023,Trichy,Location_26,19:42,Two Wheeler,SH,Clear,Reckless driving,1,3,0,Male,37,Yes,Yes,90058,11.46370177,79.94094525
TN-2023-01227,19-01-2023,Thoothukudi,Location_13,05:55,Bus,NH,Sunny,Reckless driving,5,2,0,Male,19,No,Yes,228818,11.40374246,78.28881175
TN-2023-01228,18-01-2023,Trichy,Location_58,13:32,Auto Rickshaw,Rural Road,Rain,Over speed,4,2,0,Female,60,No,No,375951,8.49839074,77.36572599
TN-2023-01229,14-09-2023,Vellore,Location_18,06:23,Auto Rickshaw,Urban Street,Cloudy,Weather,5,1,0,Male,28,Yes,Yes,342497,9.300698126,79.21089604
TN-2023-01230,19-03-2023,Thoothukudi,Location_67,08:10,Two Wheeler,NH,Sunny,Weather,2,0,0,Male,38,Yes,Yes,156141,10.71922584,80.33081584
TN-2023-01231,24-06-2023,Thoothukudi,Location_87,22:47,Auto Rickshaw,Urban Street,Fog,Over speed,2,3,0,Male,50,Yes,Yes,37258,10.0148209,79.315955
TN-2023-01232,13-07-2023,Tiruppur,Location_3,18:01,Two Wheeler,NH,Fog,Over speed,2,3,2,Male,34,Yes,Yes,443876,9.759763014,80.08981548
TN-2023-01233,23-04-2023,Trichy,Location_55,14:34,Two Wheeler,SH,Sunny,Over speed,1,3,0,Male,53,No,Yes,147347,10.45142539,76.50721425
TN-2023-01234,24-04-2023,Chennai,Location_89,03:51,Bus,Rural Road,Cloudy,Drunk drive,5,2,0,Male,31,No,Yes,116185,9.596727503,76.54443849
TN-2023-01235,10-08-2023,Madurai,Location_91,21:27,Two Wheeler,NH,Clear,Over speed,1,3,0,Male,54,No,Yes,179072,9.911094373,76.69572568
TN-2023-01236,15-06-2023,Thoothukudi,Location_58,06:43,Two Wheeler,SH,Clear,Reckless driving,2,3,0,Male,48,No,Yes,465970,12.25496386,79.16284497
TN-2023-01237,15-11-2023,Trichy,Location_63,03:09,Two Wheeler,Rural Road,Rain,Reckless driving,4,3,0,Male,21,Yes,Yes,77582,10.80627045,77.75368178
TN-2023-01238,12-05-2023,Salem,Location_91,05:56,Bus,NH,Cloudy,Poor road,4,0,0,Male,23,Yes,Yes,217317,12.80070742,78.14970008
TN-2023-01239,21-09-2023,Tirunelveli,Location_52,21:45,Two Wheeler,NH,Fog,Weather,5,0,0,Male,38,Yes,Yes,90225,13.21708141,77.17864052
TN-2023-01240,24-02-2023,Salem,Location_89,02:48,Car,SH,Fog,Weather,4,2,0,Male,30,Yes,Yes,252087,13.07142516,79.31247613
TN-2023-01241,25-12-2023,Trichy,Location_24,10:09,Bus,Rural Road,Rain,Over speed,2,1,0,Male,55,Yes,Yes,194945,9.39541101,79.80406592
TN-2023-01242,11-05-2023,Coimbatore,Location_72,20:31,Bus,Rural Road,Fog,Weather,5,3,0,Male,32,Yes,Yes,36695,10.60087261,76.72096361
TN-2023-01243,15-10-2023,Coimbatore,Location_9,09:41,Auto Rickshaw,SH,Rain,Over speed,5,3,0,Male,22,Yes,Yes,357812,10.94278701,76.86730357
TN-2023-01244,23-09-2023,Trichy,Location_37,02:55,Two Wheeler,Urban Street,Rain,Over speed,2,2,0,Male,55,No,Yes,142752,12.68704915,77.52730345
TN-2023-01245,11-06-2023,Tiruppur,Location_94,14:16,Two Wheeler,SH,Sunny,Weather,2,3,0,Male,41,Yes,No,483595,11.07461368,77.26074968
TN-2023-01246,28-03-2023,Tiruppur,Location_83,17:50,Two Wheeler,Rural Road,Clear,Weather,2,1,0,Male,35,Yes,Yes,397113,9.389935198,78.39191466
TN-2023-01247,24-02-2023,Thoothukudi,Location_53,18:11,Two Wheeler,SH,Cloudy,Poor road,2,2,0,Male,46,Yes,No,457025,11.01146513,79.38660645
TN-2023-01248,15-10-2023,Vellore,Location_80,04:23,Bus,Urban Street,Cloudy,Brake failure,5,0,0,Female,49,Yes,Yes,411976,8.243564718,79.56973163
TN-2023-01249,27-06-2023,Madurai,Location_24,15:29,Two Wheeler,SH,Clear,Poor road,4,1,0,Male,24,No,Yes,358149,12.58775554,76.93802359
TN-2023-01250,15-12-2023,Thoothukudi,Location_21,14:46,Two Wheeler,SH,Cloudy,Poor road,2,3,0,Male,47,Yes,Yes,172785,11.11299656,76.79011834
TN-2023-01251,08-01-2023,Salem,Location_40,05:43,Lorry,NH,Fog,Weather,3,1,1,Male,55,No,Yes,5194,11.58444465,77.63662424
TN-2023-01252,17-11-2023,Madurai,Location_62,01:26,Bus,Urban Street,Fog,Reckless driving,5,0,0,Male,43,Yes,No,271395,9.105165215,76.66475783
TN-2023-01253,09-11-2023,Salem,Location_70,19:40,Bus,Rural Road,Cloudy,Poor road,1,2,0,Male,25,Yes,No,287733,11.06973962,76.4130868
TN-2023-01254,04-09-2023,Tiruppur,Location_69,03:04,Lorry,Urban Street,Sunny,Reckless driving,4,1,0,Female,42,Yes,Yes,401746,10.9185029,77.091617
TN-2023-01255,19-11-2023,Trichy,Location_14,20:57,Lorry,Rural Road,Cloudy,Weather,5,2,0,Male,47,Yes,Yes,72236,11.40797021,77.772747
TN-2023-01256,12-09-2023,Vellore,Location_42,07:21,Bus,Rural Road,Rain,Drunk drive,2,2,0,Male,41,Yes,No,363273,12.66081028,78.6452875
TN-2023-01257,24-11-2023,Salem,Location_50,09:06,Two Wheeler,NH,Rain,Over speed,3,3,0,Male,47,Yes,Yes,53456,12.20496153,79.2547546
TN-2023-01258,23-02-2023,Tiruppur,Location_61,21:45,Bicycle,Urban Street,Clear,Brake failure,1,3,0,Male,22,Yes,Yes,116612,11.00780925,77.00265178
TN-2023-01259,06-09-2023,Vellore,Location_4,04:15,Car,NH,Fog,Reckless driving,4,2,0,Male,21,Yes,Yes,80836,12.91371698,79.68398711
TN-2023-01260,27-08-2023,Thoothukudi,Location_72,14:04,Two Wheeler,SH,Sunny,Drunk drive,2,0,0,Male,59,No,Yes,240216,9.971300915,76.15151843
TN-2023-01261,17-08-2023,Trichy,Location_88,02:22,Two Wheeler,Urban Street,Cloudy,Reckless driving,5,2,1,Male,26,Yes,Yes,66407,10.70902951,77.99820699
TN-2023-01262,08-03-2023,Tirunelveli,Location_75,09:04,Bus,SH,Rain,Over speed,5,0,0,Female,50,No,Yes,222724,11.57188702,78.84884446
TN-2023-01263,20-02-2023,Coimbatore,Location_17,22:14,Auto Rickshaw,Urban Street,Fog,Over speed,4,1,0,Male,46,Yes,Yes,8890,10.42421679,77.31068812
TN-2023-01264,07-04-2023,Erode,Location_85,17:24,Two Wheeler,Rural Road,Fog,Brake failure,3,2,1,Male,48,Yes,Yes,455334,9.987800175,79.07661376
TN-2023-01265,02-04-2023,Vellore,Location_57,07:30,Two Wheeler,SH,Sunny,Poor road,2,1,0,Male,61,Yes,No,9692,8.618168384,79.90174064
TN-2023-01266,21-09-2023,Tirunelveli,Location_90,20:01,Auto Rickshaw,Urban Street,Sunny,Over speed,4,2,0,Male,36,Yes,Yes,216664,11.49744713,76.40214844
TN-2023-01267,18-10-2023,Tirunelveli,Location_48,21:07,Auto Rickshaw,Urban Street,Sunny,Brake failure,4,1,0,Male,62,Yes,Yes,181115,9.059335009,78.3065219
TN-2023-01268,06-04-2023,Vellore,Location_44,22:31,Two Wheeler,SH,Sunny,Reckless driving,5,0,0,Male,64,Yes,Yes,57969,8.76040237,76.08446726
TN-2023-01269,29-03-2023,Tirunelveli,Location_45,07:03,Two Wheeler,NH,Rain,Reckless driving,4,1,0,Female,19,Yes,No,242008,9.001840908,77.25808429
TN-2023-01270,19-03-2023,Salem,Location_91,18:22,Bus,Urban Street,Sunny,Reckless driving,1,1,2,Male,37,Yes,Yes,284514,11.78664273,76.61623125
TN-2023-01271,15-10-2023,Tirunelveli,Location_80,17:52,Two Wheeler,NH,Fog,Reckless driving,1,3,0,Female,29,Yes,Yes,210083,8.760975784,78.80923752
TN-2023-01272,30-04-2023,Tiruppur,Location_90,22:32,Auto Rickshaw,NH,Fog,Reckless driving,2,2,1,Male,38,Yes,Yes,325250,13.36929806,77.1190765
TN-2023-01273,29-10-2023,Madurai,Location_33,19:46,Two Wheeler,NH,Cloudy,Weather,4,2,0,Male,48,Yes,Yes,73774,12.17197757,77.27079176
TN-2023-01274,14-06-2023,Salem,Location_31,17:53,Two Wheeler,NH,Fog,Over speed,5,2,0,Female,53,Yes,Yes,485960,10.16004089,76.92533631
TN-2023-01275,01-07-2023,Tirunelveli,Location_47,11:32,Two Wheeler,NH,Fog,Over speed,2,2,0,Male,37,Yes,Yes,110871,11.26305514,77.09711127
TN-2023-01276,11-08-2023,Thoothukudi,Location_6,06:50,Two Wheeler,Rural Road,Rain,Poor road,3,3,0,Female,61,No,Yes,357834,8.041946537,77.01299597
TN-2023-01277,07-11-2023,Coimbatore,Location_72,00:55,Two Wheeler,NH,Fog,Poor road,5,0,1,Male,37,Yes,Yes,456278,12.64492565,79.14042094
TN-2023-01278,07-01-2023,Trichy,Location_71,06:33,Two Wheeler,Rural Road,Clear,Weather,3,1,0,Male,62,No,Yes,243403,9.49166363,80.3011468
TN-2023-01279,26-11-2023,Tirunelveli,Location_34,06:18,Lorry,Urban Street,Fog,Over speed,2,1,0,Male,53,Yes,No,220587,8.395360377,78.20604141
TN-2023-01280,20-09-2023,Chennai,Location_53,12:56,Two Wheeler,Rural Road,Cloudy,Poor road,1,0,0,Male,63,Yes,No,406790,12.16965395,78.70174508
TN-2023-01281,10-06-2023,Coimbatore,Location_14,04:22,Auto Rickshaw,Rural Road,Cloudy,Brake failure,5,1,0,Female,35,No,Yes,339621,9.812699145,79.68147765
TN-2023-01282,31-05-2023,Thoothukudi,Location_16,18:00,Two Wheeler,NH,Sunny,Reckless driving,5,3,0,Female,23,No,Yes,273636,11.12147637,78.14247767
TN-2023-01283,26-03-2023,Tiruppur,Location_43,00:58,Bus,Urban Street,Rain,Reckless driving,2,2,0,Male,50,Yes,Yes,194206,12.64217352,77.35910965
TN-2023-01284,27-05-2023,Tirunelveli,Location_73,17:55,Two Wheeler,Urban Street,Cloudy,Over speed,5,2,0,Male,27,Yes,Yes,120134,12.26762248,80.2793867
TN-2023-01285,22-04-2023,Tiruppur,Location_74,00:31,Two Wheeler,Urban Street,Clear,Reckless driving,5,3,0,Male,35,Yes,Yes,326476,9.852602358,80.07770449
TN-2023-01286,05-02-2023,Tirunelveli,Location_81,04:40,Car,SH,Clear,Reckless driving,2,2,0,Male,51,Yes,Yes,164406,12.77783123,76.99161893
TN-2023-01287,12-10-2023,Erode,Location_12,11:08,Car,Rural Road,Sunny,Brake failure,4,1,0,Female,32,Yes,Yes,24978,10.13867453,79.16384401
TN-2023-01288,07-07-2023,Madurai,Location_70,17:54,Lorry,NH,Rain,Drunk drive,2,0,0,Male,20,No,Yes,253695,10.75013102,78.91212791
TN-2023-01289,23-03-2023,Tiruppur,Location_19,10:32,Lorry,SH,Rain,Weather,5,0,0,Male,25,No,Yes,96666,11.36852269,78.92334782
TN-2023-01290,02-01-2023,Madurai,Location_41,18:53,Bus,NH,Fog,Poor road,2,1,0,Male,28,No,Yes,98373,8.390394515,79.73771359
TN-2023-01291,30-10-2023,Coimbatore,Location_53,09:33,Two Wheeler,SH,Clear,Drunk drive,5,0,0,Male,63,Yes,Yes,441295,11.2844011,79.0334753
TN-2023-01292,16-07-2023,Erode,Location_29,06:30,Auto Rickshaw,Urban Street,Clear,Poor road,3,0,0,Male,49,Yes,Yes,468146,11.17579482,78.33101729
TN-2023-01293,11-01-2023,Trichy,Location_70,19:01,Car,SH,Clear,Drunk drive,3,2,0,Male,59,Yes,Yes,499666,12.80421961,79.8072967
TN-2023-01294,22-08-2023,Salem,Location_59,18:37,Bicycle,Urban Street,Clear,Reckless driving,1,1,0,Female,34,Yes,Yes,180996,9.945151301,77.19178449
TN-2023-01295,14-07-2023,Madurai,Location_89,09:40,Lorry,SH,Cloudy,Poor road,2,3,0,Male,64,Yes,Yes,284176,9.332037729,79.05651485
TN-2023-01296,29-04-2023,Erode,Location_64,07:25,Two Wheeler,NH,Rain,Weather,2,0,0,Male,47,Yes,Yes,241269,10.62082989,79.15684125
TN-2023-01297,20-01-2023,Madurai,Location_24,10:40,Two Wheeler,NH,Fog,Over speed,3,1,0,Female,60,Yes,Yes,115872,11.78032407,79.91644095
TN-2023-01298,18-09-2023,Vellore,Location_89,19:19,Car,SH,Cloudy,Brake failure,3,3,0,Female,25,No,Yes,477024,11.09041831,80.49238437
TN-2023-01299,20-10-2023,Thoothukudi,Location_16,08:07,Bus,Rural Road,Rain,Drunk drive,3,3,0,Male,57,No,Yes,460117,8.760136696,78.50898082
TN-2023-01300,13-09-2023,Trichy,Location_52,14:33,Car,Rural Road,Sunny,Brake failure,1,2,0,Male,24,No,Yes,50342,9.913403964,78.17986268
TN-2023-01301,10-08-2023,Thoothukudi,Location_80,00:40,Lorry,SH,Clear,Brake failure,1,2,0,Male,37,No,No,128532,8.350821699,78.70307454
TN-2023-01302,14-08-2023,Tirunelveli,Location_6,08:44,Two Wheeler,Rural Road,Fog,Poor road,4,0,1,Female,29,No,Yes,292552,12.06629472,78.96404927
TN-2023-01303,22-02-2023,Madurai,Location_37,07:26,Two Wheeler,NH,Rain,Over speed,2,1,0,Male,38,Yes,Yes,20005,12.85621578,79.20842901
TN-2023-01304,21-12-2023,Tirunelveli,Location_85,20:04,Two Wheeler,Rural Road,Sunny,Poor road,1,1,0,Male,45,Yes,Yes,439376,8.251201527,77.26549253
TN-2023-01305,08-12-2023,Chennai,Location_4,02:20,Car,SH,Clear,Brake failure,5,2,0,Female,45,Yes,Yes,39279,10.8898512,78.19164575
TN-2023-01306,30-12-2023,Madurai,Location_98,03:48,Bus,Rural Road,Sunny,Reckless driving,2,2,0,Female,33,Yes,Yes,163236,11.11289018,77.66914261
TN-2023-01307,07-10-2023,Erode,Location_92,15:15,Two Wheeler,SH,Sunny,Weather,4,2,0,Male,27,No,Yes,357350,10.41355335,76.17447977
TN-2023-01308,22-03-2023,Trichy,Location_38,19:34,Car,NH,Cloudy,Over speed,3,0,0,Male,39,Yes,Yes,379033,10.76503555,78.74285546
TN-2023-01309,21-07-2023,Tirunelveli,Location_41,05:32,Two Wheeler,Urban Street,Sunny,Over speed,4,1,1,Male,24,Yes,Yes,136202,11.90696203,79.93666535
TN-2023-01310,07-06-2023,Madurai,Location_92,20:15,Two Wheeler,NH,Cloudy,Reckless driving,2,0,0,Male,21,Yes,No,197246,10.66049102,80.14662716
TN-2023-01311,30-04-2023,Chennai,Location_81,14:38,Bus,NH,Cloudy,Brake failure,3,1,0,Male,41,Yes,No,278954,13.05808674,78.32840644
TN-2023-01312,28-02-2023,Thoothukudi,Location_14,01:41,Two Wheeler,SH,Sunny,Poor road,4,2,0,Male,51,Yes,Yes,165705,10.97480589,79.4464806
TN-2023-01313,03-08-2023,Erode,Location_71,14:05,Bus,NH,Rain,Reckless driving,4,0,0,Male,58,No,Yes,364555,8.394881628,79.20585733
TN-2023-01314,08-05-2023,Vellore,Location_86,01:23,Auto Rickshaw,NH,Sunny,Weather,2,3,0,Female,64,Yes,Yes,182448,13.24328563,77.03004089
TN-2023-01315,12-08-2023,Madurai,Location_51,16:27,Auto Rickshaw,Rural Road,Sunny,Drunk drive,1,0,0,Female,31,Yes,Yes,250070,8.807458859,76.28309745
TN-2023-01316,28-07-2023,Vellore,Location_65,00:00,Two Wheeler,SH,Rain,Poor road,5,0,0,Female,61,Yes,Yes,472057,12.31452945,79.36535382
TN-2023-01317,25-04-2023,Coimbatore,Location_93,03:19,Car,Rural Road,Clear,Over speed,4,3,0,Male,34,Yes,No,52568,10.89798128,77.27212476
TN-2023-01318,28-07-2023,Trichy,Location_52,15:07,Bus,SH,Fog,Reckless driving,5,3,0,Male,62,Yes,Yes,319457,12.0749085,78.47222103
TN-2023-01319,14-01-2023,Madurai,Location_95,00:25,Lorry,Rural Road,Clear,Poor road,2,2,0,Male,25,Yes,Yes,381030,10.82386436,78.35828969
TN-2023-01320,09-01-2023,Tiruppur,Location_30,18:42,Lorry,Rural Road,Sunny,Drunk drive,2,3,0,Male,59,Yes,Yes,220837,8.324336102,79.68043258
TN-2023-01321,09-02-2023,Chennai,Location_57,16:24,Two Wheeler,Urban Street,Clear,Weather,1,3,0,Male,30,Yes,Yes,196062,10.06209261,78.90090547
TN-2023-01322,25-08-2023,Tirunelveli,Location_79,09:11,Two Wheeler,NH,Fog,Reckless driving,3,0,0,Male,24,Yes,Yes,112741,11.4137729,79.81216291
TN-2023-01323,08-10-2023,Tiruppur,Location_82,08:06,Car,Rural Road,Clear,Weather,5,0,0,Male,20,Yes,Yes,96402,11.4588522,79.38506192
TN-2023-01324,25-12-2023,Coimbatore,Location_99,11:46,Bus,Urban Street,Fog,Drunk drive,4,2,0,Male,41,No,Yes,176552,13.35174443,80.49924093
TN-2023-01325,20-07-2023,Trichy,Location_30,07:16,Two Wheeler,Rural Road,Clear,Drunk drive,3,3,0,Male,64,Yes,Yes,184493,11.33478584,79.88743736
TN-2023-01326,03-09-2023,Thoothukudi,Location_98,04:13,Two Wheeler,Rural Road,Cloudy,Brake failure,5,1,0,Female,41,No,Yes,364661,9.575415223,76.9498447
TN-2023-01327,05-10-2023,Erode,Location_42,01:47,Bus,Urban Street,Sunny,Over speed,5,0,1,Male,24,No,Yes,188812,8.238840195,80.32625014
TN-2023-01328,23-08-2023,Vellore,Location_11,16:34,Two Wheeler,Urban Street,Fog,Brake failure,3,2,0,Male,47,Yes,Yes,390722,12.33628361,77.53060439
TN-2023-01329,04-01-2023,Coimbatore,Location_27,22:00,Two Wheeler,Urban Street,Sunny,Poor road,3,0,0,Male,22,No,Yes,334975,12.89109751,78.73528011
TN-2023-01330,03-06-2023,Tirunelveli,Location_24,17:49,Two Wheeler,NH,Cloudy,Drunk drive,1,0,0,Male,57,Yes,Yes,329146,11.37500922,80.23607825
TN-2023-01331,29-01-2023,Erode,Location_99,03:14,Two Wheeler,NH,Clear,Brake failure,4,1,0,Male,38,Yes,Yes,178632,10.65307315,76.96374378
TN-2023-01332,19-04-2023,Thoothukudi,Location_39,18:50,Car,Rural Road,Sunny,Over speed,4,2,0,Male,25,Yes,Yes,8267,12.73542585,79.85784533
TN-2023-01333,08-04-2023,Tirunelveli,Location_72,09:04,Two Wheeler,NH,Clear,Over speed,4,1,0,Male,24,Yes,Yes,372161,9.321958435,80.28918672
TN-2023-01334,03-08-2023,Chennai,Location_18,18:42,Two Wheeler,Urban Street,Clear,Drunk drive,3,1,0,Male,56,Yes,Yes,494647,10.19302646,79.84187567
TN-2023-01335,20-10-2023,Vellore,Location_77,06:04,Two Wheeler,SH,Sunny,Reckless driving,1,2,0,Male,19,Yes,Yes,342081,10.79211105,79.68627098
TN-2023-01336,16-03-2023,Tiruppur,Location_45,19:11,Two Wheeler,NH,Fog,Brake failure,2,3,0,Male,60,Yes,Yes,341357,8.271549393,77.19076465
TN-2023-01337,22-11-2023,Madurai,Location_88,18:46,Bus,Urban Street,Fog,Weather,1,1,0,Male,29,No,Yes,464428,11.78718447,77.83194847
TN-2023-01338,26-05-2023,Coimbatore,Location_87,11:35,Two Wheeler,Urban Street,Sunny,Drunk drive,3,3,1,Male,45,Yes,No,476174,9.037079264,79.42150315
TN-2023-01339,08-05-2023,Madurai,Location_12,11:17,Car,Urban Street,Fog,Poor road,1,0,0,Male,61,Yes,Yes,178054,9.832342517,76.53174439
TN-2023-01340,07-12-2023,Erode,Location_49,16:50,Two Wheeler,Urban Street,Rain,Brake failure,3,2,0,Male,36,No,Yes,95683,10.27971048,79.99767639
TN-2023-01341,11-02-2023,Madurai,Location_94,15:42,Two Wheeler,Rural Road,Clear,Brake failure,5,2,0,Male,45,Yes,Yes,405698,11.51180681,76.94615635
TN-2023-01342,22-12-2023,Tiruppur,Location_31,01:47,Two Wheeler,Urban Street,Sunny,Drunk drive,5,0,0,Male,52,Yes,Yes,305425,8.360162208,78.54163006
TN-2023-01343,10-02-2023,Salem,Location_92,00:48,Two Wheeler,Urban Street,Cloudy,Reckless driving,2,0,0,Female,29,Yes,Yes,448168,9.874739552,76.47276778
TN-2023-01344,03-02-2023,Erode,Location_22,17:56,Bus,Rural Road,Sunny,Brake failure,5,0,1,Female,45,Yes,Yes,245306,9.508989551,76.83335476
TN-2023-01345,17-01-2023,Vellore,Location_44,12:04,Car,NH,Sunny,Brake failure,2,1,0,Female,43,Yes,Yes,128002,8.008356822,78.63475028
TN-2023-01346,14-06-2023,Tirunelveli,Location_92,05:32,Auto Rickshaw,SH,Clear,Poor road,4,1,0,Male,55,No,Yes,334549,11.80409393,78.85588973
TN-2023-01347,02-06-2023,Vellore,Location_64,09:36,Two Wheeler,Rural Road,Cloudy,Reckless driving,3,1,0,Female,23,Yes,Yes,415531,9.297642147,77.21388184
TN-2023-01348,17-03-2023,Madurai,Location_77,00:22,Two Wheeler,Rural Road,Clear,Poor road,4,1,1,Male,36,No,No,461046,8.915410996,76.53593792
TN-2023-01349,28-03-2023,Trichy,Location_25,10:23,Two Wheeler,NH,Fog,Weather,4,1,0,Male,44,No,Yes,202413,12.38880895,78.47300168
TN-2023-01350,27-04-2023,Erode,Location_51,06:49,Lorry,NH,Sunny,Poor road,2,3,0,Female,26,Yes,Yes,198779,8.215590689,79.78287028
TN-2023-01351,28-12-2023,Tirunelveli,Location_7,20:19,Two Wheeler,Urban Street,Clear,Weather,3,3,1,Male,58,Yes,Yes,146110,12.95131971,76.90650516
TN-2023-01352,08-12-2023,Thoothukudi,Location_6,20:09,Two Wheeler,NH,Rain,Poor road,2,1,0,Male,27,No,Yes,151845,11.77795914,79.11204389
TN-2023-01353,27-01-2023,Chennai,Location_24,14:35,Two Wheeler,SH,Sunny,Weather,1,2,0,Female,27,Yes,Yes,62113,8.944604911,77.73646481
TN-2023-01354,09-11-2023,Vellore,Location_19,15:46,Two Wheeler,Rural Road,Fog,Reckless driving,4,2,0,Female,50,No,Yes,347366,9.925566646,80.24389628
TN-2023-01355,14-10-2023,Vellore,Location_83,14:43,Truck,SH,Clear,Poor road,3,3,0,Male,35,Yes,Yes,311985,13.22490723,76.37157917
TN-2023-01356,14-05-2023,Erode,Location_9,07:39,Car,Urban Street,Clear,Poor road,4,3,0,Male,27,No,Yes,179510,11.4036452,76.17985759
TN-2023-01357,07-08-2023,Trichy,Location_36,17:05,Lorry,SH,Rain,Drunk drive,1,2,1,Male,24,Yes,Yes,369434,11.347947,76.55938718
TN-2023-01358,17-06-2023,Madurai,Location_40,04:01,Bus,Urban Street,Fog,Poor road,1,2,1,Male,57,No,Yes,393967,11.59189101,79.52100178
TN-2023-01359,08-04-2023,Madurai,Location_93,11:57,Car,SH,Rain,Weather,3,2,0,Female,49,Yes,Yes,355796,10.54505766,80.1524638
TN-2023-01360,25-09-2023,Erode,Location_24,03:22,Two Wheeler,Rural Road,Sunny,Drunk drive,3,3,0,Female,60,Yes,Yes,429914,8.920168773,79.7011449
TN-2023-01361,25-08-2023,Vellore,Location_48,12:16,Car,SH,Cloudy,Weather,1,3,1,Male,23,Yes,No,399831,8.829901114,79.23024405
TN-2023-01362,05-11-2023,Tirunelveli,Location_63,15:40,Two Wheeler,NH,Clear,Poor road,4,2,0,Male,36,Yes,Yes,366880,11.78020854,76.25913096
TN-2023-01363,22-06-2023,Chennai,Location_69,00:46,Two Wheeler,SH,Rain,Poor road,5,3,0,Male,58,Yes,Yes,438532,12.86167725,76.96215216
TN-2023-01364,09-07-2023,Erode,Location_53,11:36,Car,Rural Road,Clear,Weather,4,1,0,Female,60,Yes,No,432481,9.651159877,80.20920578
TN-2023-01365,02-05-2023,Tirunelveli,Location_54,22:55,Lorry,Urban Street,Clear,Reckless driving,5,2,0,Female,51,No,No,269060,10.76871963,78.80256877
TN-2023-01366,15-02-2023,Tirunelveli,Location_42,17:19,Bus,SH,Rain,Reckless driving,2,0,0,Male,60,Yes,Yes,390108,13.45730814,78.10745893
TN-2023-01367,05-03-2023,Thoothukudi,Location_45,01:35,Bus,SH,Clear,Reckless driving,3,2,0,Male,22,Yes,Yes,327321,9.41438658,78.93540448
TN-2023-01368,10-05-2023,Tiruppur,Location_90,14:37,Two Wheeler,NH,Fog,Brake failure,1,3,0,Male,36,Yes,Yes,469648,10.14617661,76.80367192
TN-2023-01369,06-11-2023,Salem,Location_14,21:43,Two Wheeler,Urban Street,Fog,Drunk drive,2,0,0,Male,31,No,Yes,149855,9.999368778,80.01791033
TN-2023-01370,29-12-2023,Chennai,Location_29,17:31,Two Wheeler,Urban Street,Cloudy,Drunk drive,4,0,0,Male,27,Yes,Yes,178678,8.179222099,78.95336633
TN-2023-01371,12-07-2023,Coimbatore,Location_6,19:35,Bus,Urban Street,Fog,Reckless driving,5,2,0,Male,28,Yes,Yes,228591,10.80234336,78.12060014
TN-2023-01372,03-11-2023,Trichy,Location_7,00:14,Truck,Rural Road,Rain,Poor road,3,1,0,Male,48,Yes,Yes,227992,9.147728376,78.05819016
TN-2023-01373,30-06-2023,Salem,Location_37,17:45,Two Wheeler,Rural Road,Fog,Drunk drive,5,1,0,Male,19,No,Yes,101093,8.707286784,79.70069892
TN-2023-01374,19-10-2023,Thoothukudi,Location_53,02:28,Two Wheeler,NH,Cloudy,Weather,4,3,0,Female,27,Yes,Yes,176907,11.907288,77.38540843
TN-2023-01375,09-10-2023,Chennai,Location_18,14:26,Car,SH,Sunny,Poor road,4,0,0,Male,38,Yes,Yes,165054,12.21168244,76.61709311
TN-2023-01376,29-01-2023,Madurai,Location_87,04:58,Auto Rickshaw,Rural Road,Sunny,Drunk drive,1,1,0,Male,18,No,Yes,193725,12.88890344,76.83551295
TN-2023-01377,29-05-2023,Salem,Location_38,21:34,Car,Urban Street,Rain,Over speed,2,3,0,Male,63,Yes,Yes,426787,13.13772816,76.36511197
TN-2023-01378,24-09-2023,Madurai,Location_59,21:06,Two Wheeler,SH,Cloudy,Drunk drive,3,0,0,Male,48,No,No,245744,12.77986278,78.28538317
TN-2023-01379,23-10-2023,Trichy,Location_1,05:25,Truck,SH,Fog,Reckless driving,1,3,0,Male,28,Yes,Yes,302982,8.673720689,79.04766187
TN-2023-01380,11-01-2023,Madurai,Location_68,21:00,Lorry,SH,Cloudy,Weather,5,1,1,Male,60,Yes,Yes,194863,9.229958587,80.20293341
TN-2023-01381,13-06-2023,Trichy,Location_44,18:06,Two Wheeler,NH,Clear,Drunk drive,2,3,0,Male,27,Yes,Yes,93840,8.673614121,79.37866738
TN-2023-01382,23-04-2023,Chennai,Location_47,03:11,Auto Rickshaw,Rural Road,Cloudy,Brake failure,3,3,0,Male,37,No,Yes,183851,9.94438492,78.62399822
TN-2023-01383,06-07-2023,Vellore,Location_35,19:22,Car,Rural Road,Fog,Reckless driving,5,1,1,Male,38,Yes,Yes,331279,8.682395151,79.88779271
TN-2023-01384,22-10-2023,Trichy,Location_87,17:40,Two Wheeler,SH,Rain,Brake failure,3,1,0,Male,54,Yes,Yes,20549,11.59302513,80.01495877
TN-2023-01385,20-08-2023,Tirunelveli,Location_91,18:53,Car,NH,Clear,Poor road,3,3,0,Male,54,Yes,Yes,173187,11.94193521,79.20573539
TN-2023-01386,15-08-2023,Coimbatore,Location_60,03:00,Auto Rickshaw,NH,Cloudy,Brake failure,2,1,0,Male,31,Yes,Yes,233565,8.877765311,76.25328067
TN-2023-01387,06-11-2023,Coimbatore,Location_90,08:58,Bus,Rural Road,Sunny,Weather,5,2,0,Male,22,Yes,Yes,272736,11.41866828,77.31293041
TN-2023-01388,08-04-2023,Erode,Location_52,14:53,Two Wheeler,Rural Road,Fog,Over speed,1,2,0,Male,23,No,Yes,50872,8.126441736,77.51283681
TN-2023-01389,24-02-2023,Coimbatore,Location_8,07:14,Truck,NH,Rain,Over speed,1,2,0,Male,41,Yes,No,266445,10.38903648,80.48821636
TN-2023-01390,21-04-2023,Erode,Location_80,14:49,Two Wheeler,Urban Street,Fog,Poor road,1,0,0,Female,33,Yes,Yes,410721,9.569364797,78.08873159
TN-2023-01391,01-06-2023,Coimbatore,Location_41,06:21,Bus,NH,Cloudy,Poor road,3,2,0,Male,40,Yes,Yes,117809,13.49172182,79.42848361
TN-2023-01392,03-09-2023,Trichy,Location_3,17:15,Car,Urban Street,Rain,Brake failure,4,2,0,Male,64,Yes,Yes,10377,13.0753154,79.66208773
TN-2023-01393,10-03-2023,Tirunelveli,Location_96,01:35,Two Wheeler,Rural Road,Sunny,Weather,2,2,0,Male,55,No,Yes,343590,8.811610009,78.93967054
TN-2023-01394,08-11-2023,Vellore,Location_69,19:15,Two Wheeler,NH,Clear,Brake failure,1,1,0,Male,33,Yes,Yes,332755,13.04553935,76.08224409
TN-2023-01395,16-10-2023,Madurai,Location_84,02:55,Auto Rickshaw,NH,Cloudy,Weather,2,1,0,Male,30,No,Yes,90778,10.30334411,76.08707268
TN-2023-01396,07-09-2023,Thoothukudi,Location_14,22:01,Two Wheeler,NH,Rain,Weather,3,1,0,Male,62,No,Yes,123392,11.1715647,79.68450062
TN-2023-01397,05-02-2023,Coimbatore,Location_96,02:25,Bus,NH,Clear,Over speed,2,1,0,Male,25,No,Yes,191724,10.93570434,79.32657988
TN-2023-01398,27-08-2023,Vellore,Location_26,04:01,Car,SH,Rain,Weather,1,1,1,Male,55,Yes,Yes,373996,11.99386103,78.41252438
TN-2023-01399,28-05-2023,Vellore,Location_70,18:55,Bus,SH,Cloudy,Drunk drive,1,2,0,Male,49,No,Yes,199112,9.842262365,77.11989572
TN-2023-01400,15-08-2023,Trichy,Location_58,19:33,Car,Rural Road,Rain,Weather,3,2,0,Male,39,No,Yes,383825,8.383254224,76.39021165
TN-2023-01401,01-09-2023,Chennai,Location_40,01:53,Two Wheeler,Rural Road,Sunny,Over speed,3,1,2,Female,34,Yes,Yes,458563,10.29694817,76.73920765
TN-2023-01402,03-12-2023,Chennai,Location_51,22:19,Two Wheeler,NH,Rain,Reckless driving,5,3,0,Male,22,Yes,Yes,343237,10.99478053,78.61145698
TN-2023-01403,31-12-2023,Coimbatore,Location_5,17:24,Auto Rickshaw,SH,Cloudy,Brake failure,3,1,0,Male,25,Yes,Yes,332355,11.05202677,78.45621986
TN-2023-01404,20-07-2023,Thoothukudi,Location_77,19:24,Car,Rural Road,Rain,Weather,4,2,1,Male,47,No,No,79849,12.35928697,80.23570118
TN-2023-01405,03-06-2023,Coimbatore,Location_32,20:13,Two Wheeler,Urban Street,Clear,Drunk drive,4,2,0,Male,36,Yes,Yes,384663,8.243242172,80.30774523
TN-2023-01406,14-03-2023,Coimbatore,Location_80,14:43,Truck,SH,Clear,Poor road,1,1,0,Female,29,Yes,Yes,381936,13.43451899,78.59203081
TN-2023-01407,20-07-2023,Erode,Location_1,10:42,Lorry,SH,Fog,Brake failure,3,0,1,Male,42,Yes,Yes,60942,13.44810752,79.7864467
TN-2023-01408,23-10-2023,Tirunelveli,Location_77,06:11,Two Wheeler,SH,Fog,Poor road,4,3,0,Male,61,Yes,Yes,69332,8.544592522,79.65512282
TN-2023-01409,17-01-2023,Tirunelveli,Location_54,15:04,Bicycle,NH,Sunny,Drunk drive,4,1,0,Male,30,Yes,Yes,175179,9.89209617,79.38569455
TN-2023-01410,09-05-2023,Thoothukudi,Location_11,01:53,Bus,Urban Street,Clear,Over speed,5,2,0,Male,21,No,Yes,481902,11.24670872,77.96802107
TN-2023-01411,05-08-2023,Erode,Location_53,15:54,Two Wheeler,NH,Fog,Reckless driving,3,3,1,Male,27,Yes,Yes,319334,10.05329206,77.75232841
TN-2023-01412,02-03-2023,Vellore,Location_8,14:42,Two Wheeler,Rural Road,Rain,Over speed,5,0,0,Male,45,No,Yes,376401,10.68193578,77.18860288
TN-2023-01413,14-04-2023,Erode,Location_25,05:44,Bus,Urban Street,Sunny,Reckless driving,2,3,0,Male,22,Yes,Yes,321299,9.792605962,80.21692754
TN-2023-01414,11-02-2023,Coimbatore,Location_40,18:41,Lorry,NH,Cloudy,Brake failure,5,1,0,Male,45,No,Yes,65385,11.91673328,79.75491407
TN-2023-01415,25-01-2023,Chennai,Location_32,18:29,Two Wheeler,SH,Fog,Weather,2,2,0,Male,61,Yes,Yes,50659,10.00209484,76.79702099
TN-2023-01416,08-02-2023,Salem,Location_88,04:56,Two Wheeler,Urban Street,Fog,Weather,2,2,0,Female,48,Yes,Yes,371468,10.3643753,77.13608391
TN-2023-01417,18-10-2023,Thoothukudi,Location_28,20:38,Two Wheeler,SH,Clear,Poor road,3,2,0,Female,33,No,Yes,250083,11.16749255,78.6159742
TN-2023-01418,11-05-2023,Vellore,Location_78,10:13,Car,Rural Road,Sunny,Over speed,2,3,0,Male,40,No,No,230272,13.33060695,77.86119898
TN-2023-01419,17-08-2023,Trichy,Location_3,22:52,Two Wheeler,Urban Street,Clear,Weather,2,1,0,Male,46,Yes,Yes,248758,11.52992458,76.96253941
TN-2023-01420,18-04-2023,Salem,Location_91,15:49,Two Wheeler,Rural Road,Clear,Reckless driving,5,1,0,Female,64,Yes,Yes,113042,8.533066322,79.56020448
TN-2023-01421,21-06-2023,Salem,Location_84,20:54,Bus,Rural Road,Sunny,Weather,3,3,0,Male,38,Yes,Yes,364585,9.753953414,76.00698908
TN-2023-01422,12-04-2023,Erode,Location_79,22:03,Lorry,Rural Road,Rain,Over speed,3,3,0,Male,19,No,Yes,88406,10.30842999,77.5447444
TN-2023-01423,20-12-2023,Madurai,Location_62,00:53,Car,Urban Street,Fog,Over speed,2,0,0,Male,40,Yes,Yes,17850,12.07095601,80.18207461
TN-2023-01424,12-01-2023,Salem,Location_27,14:13,Two Wheeler,Rural Road,Clear,Drunk drive,5,2,0,Male,33,Yes,Yes,308620,10.45781553,79.42345599
TN-2023-01425,02-10-2023,Coimbatore,Location_45,18:58,Two Wheeler,NH,Fog,Poor road,5,3,0,Female,28,Yes,Yes,58551,11.62507321,77.8057824
TN-2023-01426,11-04-2023,Tiruppur,Location_92,04:35,Two Wheeler,NH,Sunny,Over speed,5,2,1,Male,26,Yes,Yes,89948,12.61722116,80.17927788
TN-2023-01427,13-02-2023,Chennai,Location_25,12:17,Truck,Rural Road,Rain,Drunk drive,5,0,0,Male,19,Yes,Yes,445743,8.57385671,80.05361443
TN-2023-01428,01-11-2023,Chennai,Location_61,11:30,Lorry,SH,Cloudy,Over speed,1,1,0,Male,35,Yes,Yes,386318,12.21156769,76.23662676
TN-2023-01429,17-01-2023,Tiruppur,Location_44,22:29,Two Wheeler,Rural Road,Rain,Brake failure,2,2,0,Male,30,Yes,Yes,188138,12.10068889,76.57573494
TN-2023-01430,26-11-2023,Tirunelveli,Location_97,20:46,Two Wheeler,Rural Road,Sunny,Reckless driving,2,3,0,Male,62,Yes,Yes,413660,12.50841809,77.74253634
TN-2023-01431,26-02-2023,Coimbatore,Location_46,22:40,Car,SH,Rain,Reckless driving,2,3,0,Male,25,No,Yes,423087,13.25836558,80.18228943
TN-2023-01432,07-11-2023,Trichy,Location_14,03:04,Car,Urban Street,Cloudy,Brake failure,3,0,0,Male,27,Yes,Yes,138060,9.702788865,79.79892326
TN-2023-01433,30-10-2023,Salem,Location_8,08:44,Car,Urban Street,Clear,Brake failure,3,2,0,Female,44,Yes,Yes,442645,10.35961271,76.21492771
TN-2023-01434,12-01-2023,Tirunelveli,Location_48,09:26,Lorry,Rural Road,Rain,Over speed,5,1,0,Male,34,Yes,Yes,353641,9.444750995,78.30548922
TN-2023-01435,14-11-2023,Coimbatore,Location_14,15:29,Lorry,NH,Sunny,Weather,3,1,0,Male,41,Yes,Yes,51857,9.799080949,79.24113983
TN-2023-01436,21-03-2023,Erode,Location_65,12:35,Car,NH,Rain,Weather,4,3,0,Male,38,No,Yes,75481,9.814042775,77.24165209
TN-2023-01437,04-08-2023,Chennai,Location_80,20:44,Auto Rickshaw,NH,Cloudy,Brake failure,2,0,0,Male,18,Yes,Yes,101720,12.7837626,79.25136025
TN-2023-01438,05-12-2023,Tirunelveli,Location_82,20:39,Lorry,Rural Road,Sunny,Poor road,2,3,1,Female,33,Yes,Yes,28781,8.345940747,77.6637647
TN-2023-01439,21-09-2023,Thoothukudi,Location_7,12:14,Lorry,NH,Rain,Reckless driving,1,3,0,Female,60,Yes,Yes,197304,9.114842332,77.23325425
TN-2023-01440,29-05-2023,Salem,Location_79,19:19,Truck,NH,Sunny,Drunk drive,1,3,0,Female,50,No,Yes,297855,11.35807018,77.76654172
TN-2023-01441,22-03-2023,Salem,Location_88,12:54,Two Wheeler,Urban Street,Cloudy,Brake failure,4,3,0,Female,23,Yes,Yes,291687,12.2085713,80.2786045
TN-2023-01442,03-08-2023,Trichy,Location_49,04:53,Two Wheeler,Rural Road,Clear,Reckless driving,1,0,0,Male,29,Yes,Yes,95256,11.8355738,80.07382469
TN-2023-01443,17-07-2023,Madurai,Location_55,21:31,Auto Rickshaw,Urban Street,Cloudy,Drunk drive,5,3,0,Male,49,No,Yes,82525,8.256166216,80.11278079
TN-2023-01444,19-07-2023,Thoothukudi,Location_13,05:29,Lorry,SH,Clear,Drunk drive,5,2,0,Male,28,Yes,Yes,483168,10.4958691,80.12820599
TN-2023-01445,25-01-2023,Salem,Location_73,04:12,Auto Rickshaw,Urban Street,Fog,Brake failure,2,3,1,Male,35,Yes,Yes,207674,9.014604735,76.80223341
TN-2023-01446,30-03-2023,Vellore,Location_56,04:24,Two Wheeler,Rural Road,Cloudy,Weather,5,3,0,Male,19,No,No,449623,13.43478214,80.0322763
TN-2023-01447,25-09-2023,Thoothukudi,Location_56,12:23,Car,NH,Clear,Poor road,1,1,0,Male,49,Yes,Yes,439621,13.4939058,76.95524396
TN-2023-01448,23-05-2023,Salem,Location_15,19:54,Two Wheeler,Rural Road,Fog,Reckless driving,4,1,0,Male,37,Yes,Yes,468261,8.279941986,79.77161028
TN-2023-01449,28-02-2023,Tiruppur,Location_57,07:08,Car,Urban Street,Fog,Brake failure,5,0,0,Male,38,Yes,Yes,196286,11.67248271,78.43854499
TN-2023-01450,31-12-2023,Thoothukudi,Location_58,20:50,Two Wheeler,Rural Road,Fog,Drunk drive,2,0,0,Male,53,Yes,No,109225,12.47185717,77.07983025
TN-2023-01451,26-01-2023,Coimbatore,Location_35,19:14,Two Wheeler,Rural Road,Sunny,Reckless driving,2,2,0,Male,55,Yes,Yes,133964,9.786289279,77.79334186
TN-2023-01452,16-02-2023,Thoothukudi,Location_88,21:41,Two Wheeler,Urban Street,Cloudy,Over speed,1,3,0,Male,44,Yes,Yes,45171,11.8150004,77.95020183
TN-2023-01453,15-10-2023,Trichy,Location_97,10:36,Car,Urban Street,Cloudy,Over speed,5,1,1,Female,64,Yes,Yes,131596,9.032176941,79.29927063
TN-2023-01454,23-09-2023,Erode,Location_16,08:10,Two Wheeler,SH,Cloudy,Reckless driving,1,2,0,Male,28,Yes,Yes,380911,8.703775343,78.72709662
TN-2023-01455,16-01-2023,Erode,Location_8,18:33,Two Wheeler,SH,Cloudy,Reckless driving,2,2,0,Female,35,Yes,Yes,444337,13.08915999,79.67551971
TN-2023-01456,18-07-2023,Erode,Location_93,05:22,Two Wheeler,Urban Street,Sunny,Drunk drive,4,0,0,Male,34,No,Yes,71690,11.53394648,77.78562244
TN-2023-01457,09-10-2023,Coimbatore,Location_87,20:00,Two Wheeler,Rural Road,Cloudy,Brake failure,5,1,0,Male,51,No,Yes,42566,12.49320982,79.34615741
TN-2023-01458,27-03-2023,Tirunelveli,Location_45,02:02,Truck,Urban Street,Clear,Weather,4,3,0,Male,62,Yes,Yes,426797,10.92992245,79.56762025
TN-2023-01459,07-09-2023,Erode,Location_95,13:51,Two Wheeler,NH,Fog,Brake failure,5,0,1,Male,43,Yes,Yes,352916,8.850989463,76.28414927
TN-2023-01460,27-09-2023,Chennai,Location_40,21:04,Two Wheeler,SH,Sunny,Poor road,2,2,0,Female,23,No,Yes,321147,10.07160352,77.69037175
TN-2023-01461,01-12-2023,Coimbatore,Location_54,16:14,Auto Rickshaw,NH,Sunny,Reckless driving,5,2,0,Male,60,Yes,Yes,27919,12.84911324,79.98695272
TN-2023-01462,27-04-2023,Tirunelveli,Location_14,05:13,Car,Rural Road,Cloudy,Over speed,2,1,0,Male,47,Yes,Yes,281540,8.085836177,79.17239163
TN-2023-01463,07-01-2023,Chennai,Location_59,13:56,Bus,NH,Fog,Drunk drive,3,1,0,Male,56,Yes,Yes,196133,9.139476976,77.88300856
TN-2023-01464,17-05-2023,Chennai,Location_94,16:07,Car,Urban Street,Clear,Weather,2,3,1,Male,49,No,Yes,417465,9.393076289,76.82338414
TN-2023-01465,25-06-2023,Chennai,Location_53,07:18,Truck,Urban Street,Fog,Brake failure,2,1,0,Male,34,Yes,No,272332,9.446476765,76.43474877
TN-2023-01466,24-11-2023,Vellore,Location_27,08:10,Two Wheeler,Urban Street,Rain,Poor road,5,1,0,Male,30,Yes,Yes,132269,8.542226822,77.03207864
TN-2023-01467,11-11-2023,Trichy,Location_47,12:12,Bicycle,NH,Fog,Brake failure,4,0,0,Male,63,Yes,Yes,291814,12.66520831,77.10111599
TN-2023-01468,03-08-2023,Trichy,Location_80,18:25,Auto Rickshaw,NH,Clear,Poor road,2,0,0,Male,58,Yes,Yes,484991,8.87732656,77.66797876
TN-2023-01469,23-03-2023,Coimbatore,Location_6,20:50,Car,NH,Clear,Brake failure,5,3,0,Male,30,Yes,No,251017,12.56320912,76.79614739
TN-2023-01470,11-08-2023,Chennai,Location_55,04:47,Bus,Urban Street,Clear,Weather,2,0,0,Male,23,Yes,Yes,479680,9.952839777,76.6572139
TN-2023-01471,13-04-2023,Tiruppur,Location_97,08:27,Car,Urban Street,Sunny,Weather,1,3,1,Male,39,Yes,Yes,356494,10.5152495,79.7980304
TN-2023-01472,30-09-2023,Thoothukudi,Location_44,19:53,Two Wheeler,Urban Street,Sunny,Drunk drive,1,0,0,Male,50,Yes,Yes,310359,10.54567962,77.12292209
TN-2023-01473,14-01-2023,Tirunelveli,Location_18,02:50,Two Wheeler,NH,Rain,Weather,1,2,0,Male,50,No,Yes,58641,11.92231852,78.52722416
TN-2023-01474,08-06-2023,Trichy,Location_16,04:07,Truck,NH,Fog,Poor road,1,0,0,Male,21,Yes,No,175524,12.02214909,76.89684797
TN-2023-01475,01-06-2023,Erode,Location_12,13:55,Car,Rural Road,Cloudy,Drunk drive,4,3,0,Male,31,Yes,Yes,468581,11.52378415,78.21289078
TN-2023-01476,18-04-2023,Coimbatore,Location_20,02:23,Two Wheeler,SH,Rain,Weather,2,0,0,Male,52,No,Yes,489307,12.25572666,77.24520406
TN-2023-01477,07-07-2023,Tirunelveli,Location_45,12:42,Lorry,Urban Street,Cloudy,Over speed,1,1,0,Female,44,Yes,Yes,312689,8.045667485,76.39059855
TN-2023-01478,28-10-2023,Coimbatore,Location_64,07:50,Car,NH,Cloudy,Poor road,5,2,0,Male,23,No,Yes,356393,10.77645737,80.41979123
TN-2023-01479,08-04-2023,Tiruppur,Location_59,09:30,Two Wheeler,SH,Rain,Drunk drive,1,0,0,Male,18,Yes,Yes,456015,10.88213939,78.06012752
TN-2023-01480,11-05-2023,Vellore,Location_93,17:57,Bus,NH,Fog,Poor road,3,2,0,Male,60,Yes,Yes,7017,9.316369125,77.76871329
TN-2023-01481,20-10-2023,Vellore,Location_94,17:56,Bus,NH,Cloudy,Drunk drive,3,2,0,Male,45,Yes,Yes,396265,11.06003999,76.89604959
TN-2023-01482,20-06-2023,Chennai,Location_90,06:47,Two Wheeler,Urban Street,Sunny,Poor road,4,2,0,Female,46,Yes,Yes,414772,10.56936553,78.22914646
TN-2023-01483,02-07-2023,Vellore,Location_22,05:47,Truck,SH,Sunny,Over speed,3,2,1,Female,49,Yes,Yes,265734,10.5966177,78.85848543
TN-2023-01484,30-12-2023,Coimbatore,Location_97,15:54,Two Wheeler,NH,Rain,Weather,5,1,0,Male,45,Yes,Yes,461184,8.651477921,77.37092535
TN-2023-01485,08-02-2023,Erode,Location_47,00:55,Car,SH,Cloudy,Brake failure,1,1,0,Female,44,Yes,Yes,248299,10.39394396,78.1618828
TN-2023-01486,15-01-2023,Chennai,Location_29,18:02,Two Wheeler,SH,Rain,Brake failure,3,3,0,Male,27,No,Yes,472526,12.21536901,77.0668647
TN-2023-01487,04-01-2023,Salem,Location_86,05:03,Car,Urban Street,Sunny,Brake failure,3,3,0,Female,35,No,Yes,155201,10.25494495,78.37470887
TN-2023-01488,15-12-2023,Tirunelveli,Location_45,03:03,Two Wheeler,SH,Rain,Drunk drive,4,3,0,Male,21,No,Yes,481493,10.68124133,79.54246516
TN-2023-01489,29-07-2023,Tiruppur,Location_77,09:08,Two Wheeler,Rural Road,Cloudy,Weather,3,3,0,Male,55,Yes,No,241115,13.32136226,76.27096051
TN-2023-01490,10-06-2023,Chennai,Location_9,07:50,Lorry,Rural Road,Cloudy,Reckless driving,1,2,0,Female,58,Yes,Yes,209004,12.79481356,78.33027535
TN-2023-01491,16-01-2023,Coimbatore,Location_24,16:16,Two Wheeler,Urban Street,Sunny,Drunk drive,2,2,0,Male,59,Yes,Yes,132776,13.10785087,77.79713387
TN-2023-01492,18-04-2023,Tirunelveli,Location_15,00:19,Lorry,Urban Street,Clear,Drunk drive,1,2,1,Male,49,No,Yes,67302,8.427221029,76.33318604
TN-2023-01493,07-11-2023,Erode,Location_36,13:21,Car,Rural Road,Clear,Drunk drive,3,1,0,Male,22,Yes,Yes,100481,11.40219372,80.23229079
TN-2023-01494,15-08-2023,Madurai,Location_13,19:26,Bicycle,Urban Street,Fog,Reckless driving,3,1,0,Female,39,Yes,Yes,264680,9.22876531,77.16929343
TN-2023-01495,19-06-2023,Tiruppur,Location_91,10:02,Car,SH,Sunny,Drunk drive,3,2,0,Male,39,Yes,Yes,94433,10.22334009,78.54075191
TN-2023-01496,03-02-2023,Coimbatore,Location_44,07:21,Two Wheeler,NH,Fog,Weather,4,2,0,Male,19,Yes,Yes,75361,11.73862595,77.67679113
TN-2023-01497,08-09-2023,Tiruppur,Location_71,09:48,Two Wheeler,Urban Street,Sunny,Brake failure,5,2,1,Male,58,Yes,Yes,410885,11.18403194,77.22009718
TN-2023-01498,04-09-2023,Trichy,Location_72,07:53,Auto Rickshaw,Rural Road,Cloudy,Poor road,1,2,0,Male,60,Yes,Yes,237370,10.78152773,78.37231293
TN-2023-01499,26-09-2023,Madurai,Location_78,00:51,Auto Rickshaw,NH,Sunny,Drunk drive,3,1,0,Male,51,Yes,Yes,200775,12.4794664,79.10062868
TN-2023-01500,21-05-2023,Tirunelveli,Location_76,20:38,Two Wheeler,SH,Rain,Weather,2,0,0,Male,19,Yes,Yes,83799,11.75429246,79.5349084
TN-2023-01501,01-10-2023,Vellore,Location_36,08:43,Car,NH,Fog,Over speed,4,3,0,Male,63,Yes,No,115603,12.51574809,78.85266014
TN-2023-01502,06-04-2023,Coimbatore,Location_61,21:25,Car,Rural Road,Sunny,Poor road,5,3,1,Male,53,No,No,316744,13.12562736,78.36833195
TN-2023-01503,15-08-2023,Tiruppur,Location_81,08:19,Truck,NH,Fog,Drunk drive,3,0,0,Male,57,Yes,Yes,70723,11.91583941,79.49767742
TN-2023-01504,08-02-2023,Tirunelveli,Location_40,02:35,Truck,Rural Road,Sunny,Drunk drive,1,1,1,Male,25,Yes,Yes,131955,10.17467478,78.32855155
TN-2023-01505,29-10-2023,Vellore,Location_93,09:35,Bicycle,Urban Street,Clear,Poor road,2,1,1,Male,50,No,Yes,147611,9.170280922,80.38402077
TN-2023-01506,29-01-2023,Erode,Location_27,21:08,Auto Rickshaw,Urban Street,Fog,Poor road,4,0,0,Female,50,No,Yes,67968,9.490034265,78.37033317
TN-2023-01507,14-11-2023,Erode,Location_1,21:00,Auto Rickshaw,Rural Road,Cloudy,Drunk drive,1,3,0,Male,21,Yes,Yes,230521,10.18146541,77.42761215
TN-2023-01508,02-09-2023,Tiruppur,Location_34,04:08,Two Wheeler,Urban Street,Cloudy,Weather,1,3,0,Male,35,No,Yes,331977,12.07050107,78.00862896
TN-2023-01509,24-08-2023,Chennai,Location_68,04:37,Auto Rickshaw,SH,Sunny,Over speed,4,0,0,Male,36,Yes,Yes,480102,8.220850702,78.20495535
TN-2023-01510,04-07-2023,Trichy,Location_88,18:07,Bus,NH,Cloudy,Weather,1,0,0,Male,27,No,Yes,150937,12.47854811,77.27568739
TN-2023-01511,29-09-2023,Chennai,Location_21,09:42,Truck,Rural Road,Cloudy,Reckless driving,2,2,0,Female,59,Yes,Yes,463665,12.16974212,76.71434271
TN-2023-01512,24-08-2023,Trichy,Location_33,12:19,Car,Rural Road,Fog,Brake failure,2,0,1,Male,58,Yes,Yes,9553,10.74679159,77.94122536
TN-2023-01513,27-08-2023,Coimbatore,Location_7,03:42,Two Wheeler,Rural Road,Sunny,Brake failure,1,0,0,Male,47,Yes,Yes,8446,10.19816755,80.03664769
TN-2023-01514,23-09-2023,Salem,Location_65,11:36,Car,SH,Fog,Brake failure,3,3,0,Female,39,Yes,No,229758,8.619833787,77.14989028
TN-2023-01515,25-12-2023,Tiruppur,Location_3,09:30,Bus,SH,Sunny,Drunk drive,1,2,0,Female,56,Yes,Yes,89741,9.593358668,77.62818399
TN-2023-01516,06-12-2023,Thoothukudi,Location_51,06:20,Two Wheeler,SH,Cloudy,Over speed,3,2,0,Male,55,Yes,Yes,224201,8.602954403,79.40975357
TN-2023-01517,06-03-2023,Tiruppur,Location_79,08:08,Two Wheeler,Rural Road,Sunny,Over speed,1,3,0,Male,18,Yes,No,330071,12.50386483,76.37022981
TN-2023-01518,26-06-2023,Madurai,Location_95,09:41,Car,SH,Sunny,Reckless driving,5,3,0,Male,47,No,Yes,178124,10.80135825,79.71281748
TN-2023-01519,03-01-2023,Vellore,Location_54,01:03,Two Wheeler,Urban Street,Rain,Drunk drive,2,1,0,Male,22,Yes,Yes,263686,9.35732729,79.24125468
TN-2023-01520,22-05-2023,Madurai,Location_80,07:31,Two Wheeler,NH,Sunny,Drunk drive,1,2,0,Male,64,No,Yes,311300,8.099491417,78.47393863
TN-2023-01521,07-06-2023,Erode,Location_74,13:48,Two Wheeler,Urban Street,Rain,Drunk drive,2,0,0,Male,43,No,Yes,382957,10.88156533,76.94265457
TN-2023-01522,20-11-2023,Trichy,Location_93,12:20,Truck,Urban Street,Fog,Over speed,4,2,0,Male,63,Yes,Yes,82525,12.13647903,76.41705353
TN-2023-01523,26-05-2023,Vellore,Location_59,17:17,Lorry,SH,Rain,Drunk drive,5,1,0,Male,48,Yes,Yes,338177,12.21571582,77.04273599
TN-2023-01524,20-10-2023,Erode,Location_6,12:39,Two Wheeler,Rural Road,Fog,Poor road,3,0,0,Male,56,Yes,Yes,409629,9.179344123,79.42672858
TN-2023-01525,02-06-2023,Vellore,Location_29,11:56,Lorry,Urban Street,Sunny,Poor road,4,1,0,Female,58,Yes,Yes,468358,13.47284106,80.20072579
TN-2023-01526,12-07-2023,Chennai,Location_17,22:55,Bus,NH,Fog,Poor road,5,3,0,Female,29,Yes,Yes,368925,11.12828954,79.32049686
TN-2023-01527,14-03-2023,Erode,Location_60,20:32,Two Wheeler,SH,Cloudy,Drunk drive,4,1,1,Male,34,Yes,Yes,78280,9.826038702,78.3742766
TN-2023-01528,01-11-2023,Chennai,Location_22,19:30,Two Wheeler,Urban Street,Sunny,Poor road,2,3,0,Male,35,Yes,Yes,188291,10.16044261,80.27807232
TN-2023-01529,10-12-2023,Chennai,Location_24,17:34,Car,SH,Rain,Reckless driving,5,1,0,Female,19,No,Yes,282731,8.684402671,79.72855303
TN-2023-01530,20-05-2023,Vellore,Location_81,11:50,Car,NH,Clear,Drunk drive,4,3,0,Male,41,Yes,Yes,13112,10.71345717,78.95126794
TN-2023-01531,06-07-2023,Tirunelveli,Location_85,12:30,Lorry,SH,Sunny,Reckless driving,3,2,0,Male,45,Yes,Yes,348628,12.14312491,76.17057114
TN-2023-01532,20-10-2023,Madurai,Location_51,09:46,Two Wheeler,Rural Road,Cloudy,Poor road,5,3,0,Male,56,Yes,Yes,296518,10.25175554,77.29480079
TN-2023-01533,02-03-2023,Erode,Location_50,19:33,Two Wheeler,Urban Street,Fog,Drunk drive,5,2,2,Male,27,No,Yes,70164,12.76768962,77.38694541
TN-2023-01534,17-07-2023,Thoothukudi,Location_11,18:02,Truck,Urban Street,Rain,Weather,4,3,0,Male,64,Yes,No,75258,10.62213808,77.56260368
TN-2023-01535,22-10-2023,Tirunelveli,Location_56,13:38,Two Wheeler,Rural Road,Rain,Brake failure,1,1,0,Male,50,No,Yes,315779,12.95335403,77.75223546
TN-2023-01536,15-11-2023,Madurai,Location_71,07:31,Bus,NH,Cloudy,Weather,3,1,0,Female,41,Yes,Yes,188930,11.86762071,80.22716172
TN-2023-01537,29-10-2023,Erode,Location_42,10:28,Two Wheeler,NH,Cloudy,Brake failure,3,1,1,Female,28,Yes,Yes,214135,8.302553359,79.33842584
TN-2023-01538,10-12-2023,Trichy,Location_39,21:19,Two Wheeler,SH,Sunny,Brake failure,4,3,0,Male,25,No,Yes,129986,8.368596056,79.11370744
TN-2023-01539,11-01-2023,Madurai,Location_69,05:42,Two Wheeler,Urban Street,Clear,Poor road,2,3,0,Male,44,Yes,Yes,246546,12.4005852,77.91931731
TN-2023-01540,03-03-2023,Thoothukudi,Location_48,16:28,Two Wheeler,NH,Clear,Brake failure,2,1,0,Male,43,Yes,Yes,170489,9.962530419,77.51897324
TN-2023-01541,29-11-2023,Tiruppur,Location_57,09:55,Two Wheeler,Rural Road,Fog,Brake failure,1,2,0,Male,29,Yes,Yes,187865,9.040847906,76.53810186
TN-2023-01542,14-08-2023,Coimbatore,Location_21,16:30,Two Wheeler,Rural Road,Rain,Weather,1,3,0,Male,52,Yes,Yes,417373,12.75926265,78.04072963
TN-2023-01543,02-06-2023,Chennai,Location_82,20:33,Car,Rural Road,Sunny,Brake failure,4,2,0,Female,32,Yes,Yes,451208,13.40818666,76.92404069
TN-2023-01544,18-07-2023,Coimbatore,Location_99,05:56,Bus,NH,Rain,Drunk drive,2,3,0,Female,38,Yes,Yes,87243,12.44811529,77.75954682
TN-2023-01545,21-02-2023,Tirunelveli,Location_20,04:03,Two Wheeler,Rural Road,Sunny,Reckless driving,3,1,0,Male,54,Yes,Yes,412560,11.98821233,76.70376067
TN-2023-01546,17-09-2023,Tiruppur,Location_15,01:11,Auto Rickshaw,Urban Street,Cloudy,Reckless driving,2,2,0,Female,47,Yes,No,252298,8.005272079,77.5479816
TN-2023-01547,28-02-2023,Chennai,Location_69,02:05,Two Wheeler,NH,Fog,Drunk drive,4,0,0,Male,22,Yes,Yes,54607,8.582856594,76.19340716
TN-2023-01548,13-03-2023,Erode,Location_77,13:07,Two Wheeler,NH,Cloudy,Poor road,2,3,0,Female,34,Yes,Yes,175760,11.69019086,76.0271044
TN-2023-01549,28-05-2023,Tirunelveli,Location_51,20:52,Bus,Urban Street,Rain,Weather,5,2,0,Female,43,Yes,Yes,39129,10.25260477,79.9145915
TN-2023-01550,15-12-2023,Thoothukudi,Location_76,13:34,Car,Rural Road,Fog,Over speed,4,1,1,Female,51,Yes,Yes,258252,8.107114284,78.88568848
TN-2023-01551,04-03-2023,Vellore,Location_62,15:14,Car,NH,Sunny,Reckless driving,5,2,0,Male,50,Yes,Yes,268957,12.07478317,78.64449994
TN-2023-01552,06-11-2023,Erode,Location_85,06:14,Two Wheeler,Urban Street,Sunny,Weather,4,0,0,Female,35,No,No,87532,10.30320792,78.31207307
TN-2023-01553,31-08-2023,Madurai,Location_37,12:05,Lorry,Urban Street,Fog,Reckless driving,3,0,0,Male,42,Yes,Yes,379901,11.62353766,79.2702813
TN-2023-01554,26-11-2023,Vellore,Location_6,14:16,Car,SH,Cloudy,Over speed,4,2,0,Male,58,Yes,Yes,363852,10.5758466,79.31274522
TN-2023-01555,17-04-2023,Tirunelveli,Location_71,03:21,Two Wheeler,Rural Road,Fog,Brake failure,4,0,0,Male,47,Yes,No,114700,8.145737429,80.20863116
TN-2023-01556,14-08-2023,Madurai,Location_26,21:26,Two Wheeler,Rural Road,Cloudy,Over speed,4,3,0,Male,54,Yes,Yes,12652,11.49758512,77.09984725
TN-2023-01557,09-11-2023,Thoothukudi,Location_8,13:14,Lorry,Urban Street,Fog,Brake failure,4,0,0,Male,37,Yes,No,204147,12.33447291,79.53339464
TN-2023-01558,06-08-2023,Coimbatore,Location_73,11:50,Car,NH,Cloudy,Reckless driving,1,2,0,Male,62,Yes,Yes,388526,8.857872339,80.46020983
TN-2023-01559,29-08-2023,Madurai,Location_91,21:27,Two Wheeler,SH,Clear,Weather,5,2,0,Female,19,No,Yes,411018,12.90095186,76.13059837
TN-2023-01560,16-09-2023,Coimbatore,Location_4,09:37,Two Wheeler,SH,Fog,Weather,4,3,0,Female,30,Yes,Yes,93601,8.998589697,77.68293442
TN-2023-01561,19-09-2023,Chennai,Location_21,08:33,Two Wheeler,NH,Cloudy,Poor road,4,3,0,Male,57,No,Yes,194430,10.32560149,77.9621614
TN-2023-01562,05-01-2023,Trichy,Location_31,03:08,Car,SH,Rain,Reckless driving,1,2,0,Female,59,Yes,Yes,467087,10.89952863,79.69824549
TN-2023-01563,18-09-2023,Salem,Location_21,14:44,Auto Rickshaw,NH,Rain,Poor road,2,1,2,Female,37,No,Yes,47452,9.726261668,76.06184537
TN-2023-01564,23-02-2023,Erode,Location_25,19:07,Two Wheeler,SH,Fog,Reckless driving,1,3,0,Male,23,Yes,Yes,366523,10.75251459,78.69378789
TN-2023-01565,16-02-2023,Salem,Location_15,18:18,Two Wheeler,NH,Fog,Brake failure,1,1,1,Male,28,Yes,Yes,429913,11.95096014,80.01660465
TN-2023-01566,03-08-2023,Chennai,Location_35,15:10,Auto Rickshaw,Urban Street,Sunny,Reckless driving,1,0,0,Male,63,Yes,Yes,445004,11.9295036,76.66432176
TN-2023-01567,26-06-2023,Madurai,Location_49,09:07,Car,Urban Street,Cloudy,Reckless driving,4,0,0,Male,42,Yes,Yes,315661,13.072555,76.52008128
TN-2023-01568,09-01-2023,Chennai,Location_43,00:09,Car,SH,Fog,Brake failure,1,3,2,Male,59,No,Yes,289541,12.74150012,80.49903897
TN-2023-01569,09-04-2023,Salem,Location_41,17:34,Two Wheeler,SH,Rain,Drunk drive,1,3,0,Male,27,Yes,Yes,344098,13.4180807,79.71681521
TN-2023-01570,20-01-2023,Salem,Location_37,10:49,Car,Urban Street,Rain,Drunk drive,1,2,1,Female,48,Yes,Yes,457821,11.2745887,79.13838332
TN-2023-01571,29-08-2023,Erode,Location_57,02:39,Car,Rural Road,Rain,Reckless driving,4,0,1,Male,60,Yes,Yes,438557,10.20283065,77.79541555
TN-2023-01572,02-03-2023,Vellore,Location_42,13:05,Two Wheeler,NH,Cloudy,Drunk drive,3,3,0,Male,21,No,No,450925,9.320539629,79.84283338
TN-2023-01573,27-06-2023,Tiruppur,Location_47,14:13,Bicycle,Rural Road,Clear,Weather,3,2,0,Male,42,Yes,Yes,466367,9.341831537,80.15247852
TN-2023-01574,04-12-2023,Chennai,Location_92,06:09,Auto Rickshaw,SH,Fog,Reckless driving,2,1,1,Male,45,Yes,Yes,36205,8.830081993,79.29583847
TN-2023-01575,03-03-2023,Trichy,Location_61,14:30,Bus,Urban Street,Clear,Over speed,4,2,0,Male,41,No,Yes,142770,11.99666836,77.79142651
TN-2023-01576,25-05-2023,Tiruppur,Location_14,09:53,Car,SH,Cloudy,Brake failure,1,0,0,Male,52,No,Yes,51106,11.59833263,78.62591699
TN-2023-01577,04-08-2023,Chennai,Location_68,16:58,Car,Rural Road,Fog,Poor road,1,2,0,Female,58,Yes,Yes,371124,9.607618079,76.44332768
TN-2023-01578,03-01-2023,Thoothukudi,Location_53,18:28,Two Wheeler,Urban Street,Sunny,Brake failure,1,2,0,Male,22,No,Yes,243893,12.90675616,76.71109214
TN-2023-01579,09-06-2023,Tirunelveli,Location_84,16:43,Two Wheeler,Urban Street,Fog,Reckless driving,3,3,0,Male,50,No,Yes,62200,11.0375749,79.52366804
TN-2023-01580,15-08-2023,Tirunelveli,Location_34,14:25,Lorry,Urban Street,Fog,Over speed,1,2,0,Male,28,Yes,Yes,447400,8.379604661,76.13191962
TN-2023-01581,26-09-2023,Salem,Location_76,11:24,Car,NH,Fog,Brake failure,1,0,0,Male,25,No,Yes,26630,8.337980087,76.22138199
TN-2023-01582,30-04-2023,Tirunelveli,Location_97,08:04,Auto Rickshaw,SH,Fog,Poor road,3,2,0,Female,38,Yes,Yes,217457,8.787528225,78.28610571
TN-2023-01583,30-03-2023,Coimbatore,Location_24,03:43,Two Wheeler,Rural Road,Fog,Poor road,1,2,0,Male,49,No,No,244198,9.161948524,76.76738174
TN-2023-01584,25-11-2023,Trichy,Location_20,15:40,Car,NH,Cloudy,Over speed,2,0,0,Female,22,No,Yes,204451,12.88090538,77.32166835
TN-2023-01585,09-03-2023,Tirunelveli,Location_69,02:52,Car,Rural Road,Fog,Poor road,5,1,0,Male,51,Yes,Yes,433381,12.28146609,77.79474141
TN-2023-01586,23-12-2023,Madurai,Location_30,02:25,Car,NH,Cloudy,Weather,2,1,0,Female,26,Yes,Yes,143081,9.109482765,78.3501493
TN-2023-01587,08-04-2023,Coimbatore,Location_88,17:16,Auto Rickshaw,Urban Street,Fog,Poor road,4,0,0,Male,55,No,Yes,197108,9.366707937,77.27590625
TN-2023-01588,24-09-2023,Tiruppur,Location_7,09:01,Bicycle,NH,Fog,Over speed,2,1,0,Male,60,Yes,Yes,389080,11.50233413,78.17595911
TN-2023-01589,15-04-2023,Coimbatore,Location_36,10:23,Two Wheeler,SH,Cloudy,Over speed,2,2,0,Male,49,Yes,Yes,7738,12.7933769,77.66808061
TN-2023-01590,19-11-2023,Chennai,Location_38,02:22,Two Wheeler,SH,Fog,Brake failure,3,3,0,Male,27,No,Yes,83527,9.74201018,76.36463999
TN-2023-01591,03-05-2023,Salem,Location_80,22:33,Two Wheeler,Rural Road,Rain,Poor road,4,0,0,Male,29,Yes,Yes,454058,10.89023115,79.90207322
TN-2023-01592,29-01-2023,Erode,Location_52,08:18,Bus,Urban Street,Fog,Poor road,2,2,0,Male,52,Yes,Yes,228651,12.89707652,77.26614656
TN-2023-01593,17-05-2023,Erode,Location_15,01:50,Two Wheeler,Urban Street,Sunny,Reckless driving,5,3,0,Male,56,Yes,Yes,52365,12.23847472,78.7421797
TN-2023-01594,14-07-2023,Thoothukudi,Location_46,01:14,Bus,Rural Road,Cloudy,Reckless driving,2,2,0,Male,35,Yes,No,185716,12.90330202,78.56410097
TN-2023-01595,14-08-2023,Trichy,Location_23,20:34,Two Wheeler,SH,Fog,Over speed,1,0,0,Male,40,Yes,Yes,456292,9.529406179,76.89625052
TN-2023-01596,28-11-2023,Chennai,Location_12,04:42,Car,SH,Fog,Reckless driving,3,2,0,Male,29,Yes,Yes,143367,11.80013781,76.13481177
TN-2023-01597,19-06-2023,Erode,Location_93,06:05,Lorry,Rural Road,Cloudy,Brake failure,1,0,1,Male,48,Yes,Yes,324382,8.627069266,79.85619137
TN-2023-01598,09-01-2023,Salem,Location_44,13:32,Car,Urban Street,Clear,Brake failure,4,2,2,Male,28,Yes,Yes,431253,11.38914322,78.23960435
TN-2023-01599,09-02-2023,Tiruppur,Location_15,16:16,Car,Rural Road,Rain,Weather,4,3,0,Male,51,No,Yes,99408,9.672140451,77.86510382
TN-2023-01600,25-01-2023,Erode,Location_93,13:41,Two Wheeler,Rural Road,Rain,Weather,3,3,0,Male,44,Yes,Yes,188095,11.85814173,79.43309732
TN-2023-01601,18-09-2023,Madurai,Location_49,07:39,Two Wheeler,NH,Fog,Over speed,2,3,0,Male,38,Yes,Yes,149974,8.780310151,76.14921515
TN-2023-01602,14-08-2023,Coimbatore,Location_21,13:06,Car,Rural Road,Cloudy,Brake failure,4,1,0,Male,27,Yes,Yes,381037,11.66069148,79.44346878
TN-2023-01603,04-05-2023,Erode,Location_15,05:03,Car,SH,Sunny,Brake failure,5,2,0,Male,30,Yes,No,321312,11.89685524,77.84011509
TN-2023-01604,07-02-2023,Chennai,Location_14,00:14,Auto Rickshaw,Rural Road,Fog,Weather,3,2,1,Male,62,Yes,Yes,116763,12.71435974,78.48230667
TN-2023-01605,24-11-2023,Tirunelveli,Location_42,14:32,Auto Rickshaw,Urban Street,Rain,Reckless driving,1,3,0,Male,64,No,Yes,385394,11.77892125,79.38597658
TN-2023-01606,08-09-2023,Tirunelveli,Location_80,19:34,Lorry,Urban Street,Fog,Weather,5,0,0,Male,42,Yes,Yes,263261,10.87575355,78.46064766
TN-2023-01607,25-06-2023,Tiruppur,Location_15,22:04,Two Wheeler,SH,Cloudy,Over speed,3,1,2,Male,30,No,Yes,324430,12.31287809,76.27797501
TN-2023-01608,31-03-2023,Tirunelveli,Location_63,04:35,Bus,Urban Street,Sunny,Brake failure,5,2,2,Male,58,No,Yes,329497,9.564382473,79.27870401
TN-2023-01609,06-02-2023,Tiruppur,Location_68,16:52,Two Wheeler,Rural Road,Clear,Over speed,3,2,1,Female,23,Yes,Yes,115203,11.72606567,79.53853735
TN-2023-01610,12-11-2023,Chennai,Location_27,19:13,Two Wheeler,SH,Sunny,Weather,1,1,0,Female,52,Yes,Yes,379416,11.9849025,78.07851921
TN-2023-01611,25-06-2023,Trichy,Location_87,07:33,Two Wheeler,Urban Street,Fog,Poor road,2,1,0,Male,45,Yes,Yes,89109,10.15897661,77.97576733
TN-2023-01612,11-10-2023,Tirunelveli,Location_93,07:00,Two Wheeler,Rural Road,Rain,Weather,3,3,0,Male,37,Yes,Yes,55713,13.43931585,77.13366502
TN-2023-01613,22-03-2023,Thoothukudi,Location_53,03:50,Two Wheeler,Urban Street,Cloudy,Brake failure,4,1,0,Male,37,Yes,Yes,284271,9.95849343,78.89873241
TN-2023-01614,24-04-2023,Salem,Location_52,04:28,Car,NH,Fog,Over speed,1,3,0,Male,58,Yes,Yes,109095,8.464701432,79.96894831
TN-2023-01615,09-02-2023,Coimbatore,Location_63,04:52,Truck,Urban Street,Clear,Reckless driving,1,1,1,Male,21,Yes,Yes,424164,9.669109087,78.95185933
TN-2023-01616,28-10-2023,Tirunelveli,Location_73,19:23,Two Wheeler,SH,Cloudy,Reckless driving,5,1,0,Male,37,Yes,No,154735,8.54690426,79.470962
TN-2023-01617,12-08-2023,Tiruppur,Location_53,18:11,Auto Rickshaw,Rural Road,Cloudy,Brake failure,4,2,0,Male,22,Yes,Yes,449858,9.866172866,79.7685504
TN-2023-01618,14-11-2023,Chennai,Location_57,19:00,Two Wheeler,Rural Road,Cloudy,Weather,5,3,0,Male,39,Yes,No,403918,8.703300858,77.01764887
TN-2023-01619,15-12-2023,Tirunelveli,Location_52,06:16,Two Wheeler,SH,Fog,Weather,1,1,0,Male,41,No,Yes,79040,10.41744175,77.8094695
TN-2023-01620,25-04-2023,Erode,Location_43,01:42,Car,NH,Clear,Drunk drive,3,1,0,Male,61,Yes,No,29776,12.27886509,77.96181827
TN-2023-01621,05-07-2023,Tirunelveli,Location_7,06:16,Bus,Rural Road,Fog,Weather,4,2,0,Male,34,Yes,Yes,426131,8.370936792,78.51505164
TN-2023-01622,19-11-2023,Tiruppur,Location_42,02:28,Two Wheeler,SH,Cloudy,Brake failure,1,0,1,Male,22,Yes,No,95114,11.09709359,76.22131955
TN-2023-01623,25-02-2023,Madurai,Location_4,21:37,Two Wheeler,Urban Street,Cloudy,Over speed,4,2,0,Male,43,No,Yes,209703,8.241051711,78.64783227
TN-2023-01624,09-02-2023,Madurai,Location_69,21:42,Car,NH,Rain,Over speed,3,3,0,Male,53,Yes,Yes,99560,12.86535043,76.39834668
TN-2023-01625,20-12-2023,Tirunelveli,Location_5,17:49,Two Wheeler,SH,Sunny,Drunk drive,2,0,0,Male,25,Yes,Yes,256022,13.06760455,79.62956451
TN-2023-01626,09-02-2023,Coimbatore,Location_75,21:41,Bus,Urban Street,Fog,Reckless driving,5,1,0,Female,26,Yes,Yes,406544,10.70796814,80.33359894
TN-2023-01627,13-12-2023,Chennai,Location_92,04:29,Car,Rural Road,Clear,Brake failure,5,3,0,Male,34,Yes,Yes,424888,12.2307714,77.30391553
TN-2023-01628,25-08-2023,Thoothukudi,Location_80,22:54,Two Wheeler,Rural Road,Cloudy,Weather,1,0,0,Male,25,Yes,Yes,374835,11.26101014,78.27976806
TN-2023-01629,16-10-2023,Thoothukudi,Location_41,20:55,Auto Rickshaw,NH,Fog,Poor road,1,3,0,Female,22,Yes,Yes,45528,9.873645829,79.70434395
TN-2023-01630,19-09-2023,Tirunelveli,Location_94,21:46,Two Wheeler,Urban Street,Sunny,Over speed,3,2,0,Male,27,Yes,Yes,448547,9.348274387,77.41594303
TN-2023-01631,04-08-2023,Tirunelveli,Location_4,20:19,Bus,SH,Fog,Brake failure,1,0,0,Male,31,No,Yes,161668,12.17227699,76.70999962
TN-2023-01632,27-05-2023,Madurai,Location_2,22:03,Lorry,Rural Road,Sunny,Drunk drive,1,0,0,Male,44,Yes,No,449332,10.3648912,79.32578136
TN-2023-01633,02-12-2023,Tiruppur,Location_67,20:20,Truck,SH,Fog,Poor road,1,0,0,Male,44,Yes,No,367252,13.06131152,79.1426273
TN-2023-01634,17-06-2023,Coimbatore,Location_21,00:14,Car,SH,Rain,Reckless driving,4,1,1,Male,22,No,No,179894,13.36630571,78.56475457
TN-2023-01635,02-04-2023,Tirunelveli,Location_70,16:50,Car,SH,Fog,Brake failure,4,2,0,Male,32,Yes,Yes,479132,9.157159688,80.24996558
TN-2023-01636,19-12-2023,Thoothukudi,Location_43,13:58,Two Wheeler,NH,Rain,Weather,2,0,0,Male,45,Yes,No,480185,11.08584818,80.29805037
TN-2023-01637,28-02-2023,Chennai,Location_82,18:49,Bus,SH,Sunny,Reckless driving,4,3,0,Male,22,Yes,Yes,429110,10.95313833,79.87697244
TN-2023-01638,28-02-2023,Trichy,Location_69,01:05,Car,NH,Cloudy,Over speed,5,1,0,Male,39,No,No,477324,12.77454374,77.31859038
TN-2023-01639,31-10-2023,Erode,Location_9,12:48,Two Wheeler,NH,Cloudy,Weather,2,2,0,Female,29,Yes,Yes,165518,11.80041728,77.01414669
TN-2023-01640,18-06-2023,Tirunelveli,Location_84,05:52,Auto Rickshaw,Urban Street,Fog,Drunk drive,1,2,0,Female,59,Yes,No,387373,11.34057629,79.76083312
TN-2023-01641,26-09-2023,Tiruppur,Location_28,21:04,Two Wheeler,Rural Road,Clear,Over speed,5,2,0,Male,25,Yes,Yes,112300,11.7346368,78.93112401
TN-2023-01642,29-12-2023,Tirunelveli,Location_26,06:32,Auto Rickshaw,SH,Fog,Poor road,2,2,0,Male,18,Yes,Yes,346330,10.14201636,77.78256714
TN-2023-01643,14-02-2023,Tiruppur,Location_82,12:50,Auto Rickshaw,Urban Street,Rain,Over speed,2,1,1,Female,52,Yes,Yes,389488,13.28160322,77.84390414
TN-2023-01644,11-12-2023,Coimbatore,Location_83,21:00,Car,Urban Street,Rain,Weather,5,2,0,Male,33,No,Yes,308519,8.316941018,79.83999482
TN-2023-01645,30-06-2023,Trichy,Location_3,12:42,Car,Urban Street,Sunny,Reckless driving,2,3,0,Male,47,Yes,Yes,307519,8.160209422,76.73461268
TN-2023-01646,19-06-2023,Salem,Location_73,06:51,Two Wheeler,Urban Street,Fog,Brake failure,5,3,0,Male,60,Yes,Yes,84101,10.28574355,80.24788034
TN-2023-01647,22-12-2023,Chennai,Location_95,02:57,Bicycle,Urban Street,Sunny,Brake failure,2,3,0,Male,58,Yes,Yes,311602,8.850167711,78.84946882
TN-2023-01648,10-07-2023,Chennai,Location_49,00:39,Two Wheeler,SH,Clear,Brake failure,2,0,0,Male,27,No,Yes,425418,10.99640178,79.5611098
TN-2023-01649,04-06-2023,Tiruppur,Location_17,16:44,Car,Urban Street,Cloudy,Drunk drive,2,2,0,Male,51,No,Yes,449006,8.049554471,77.66889949
TN-2023-01650,07-07-2023,Madurai,Location_63,13:36,Bus,Rural Road,Cloudy,Drunk drive,5,3,0,Male,28,Yes,Yes,217834,10.52825636,78.64103362
TN-2023-01651,07-01-2023,Tiruppur,Location_55,21:22,Truck,NH,Fog,Brake failure,2,2,0,Male,37,Yes,Yes,359277,9.622085099,79.37495722
TN-2023-01652,13-05-2023,Madurai,Location_23,05:58,Lorry,NH,Sunny,Poor road,4,1,0,Female,60,No,Yes,341434,9.112981906,77.95808487
TN-2023-01653,23-08-2023,Vellore,Location_34,21:26,Car,Rural Road,Sunny,Weather,4,3,1,Male,24,No,Yes,24119,10.44557246,78.19571354
TN-2023-01654,14-02-2023,Thoothukudi,Location_69,05:52,Two Wheeler,SH,Clear,Poor road,4,0,0,Male,38,Yes,Yes,373455,12.70001929,78.61935923
TN-2023-01655,10-11-2023,Chennai,Location_15,07:44,Two Wheeler,NH,Sunny,Brake failure,4,0,1,Male,28,Yes,Yes,279674,11.60467076,76.28533146
TN-2023-01656,06-09-2023,Coimbatore,Location_47,17:22,Two Wheeler,Rural Road,Rain,Weather,4,1,0,Male,54,No,Yes,15420,8.879679074,79.88433935
TN-2023-01657,31-01-2023,Tiruppur,Location_3,03:16,Auto Rickshaw,Rural Road,Rain,Drunk drive,1,3,1,Male,40,Yes,Yes,404058,10.74380182,79.90005071
TN-2023-01658,23-01-2023,Coimbatore,Location_83,04:02,Bus,Urban Street,Rain,Over speed,2,1,0,Male,61,No,Yes,305381,13.12419115,77.26637953
TN-2023-01659,09-06-2023,Trichy,Location_28,03:54,Lorry,NH,Fog,Over speed,3,0,0,Male,48,Yes,Yes,147567,10.41573652,79.95920142
TN-2023-01660,29-12-2023,Coimbatore,Location_3,04:45,Bus,Urban Street,Rain,Weather,1,0,0,Male,35,Yes,Yes,456337,10.58800428,79.35337663
TN-2023-01661,07-06-2023,Tirunelveli,Location_4,14:51,Car,SH,Rain,Poor road,5,2,0,Male,41,Yes,Yes,206309,13.17746713,78.17436134
TN-2023-01662,08-02-2023,Thoothukudi,Location_88,16:05,Two Wheeler,NH,Cloudy,Weather,1,1,0,Female,39,Yes,Yes,12560,8.746945006,77.56493811
TN-2023-01663,23-03-2023,Tirunelveli,Location_31,09:53,Two Wheeler,NH,Fog,Poor road,3,0,0,Male,54,No,No,221047,12.04272817,77.79720514
TN-2023-01664,22-12-2023,Erode,Location_45,22:47,Two Wheeler,Rural Road,Rain,Reckless driving,1,3,0,Male,64,Yes,Yes,213126,9.6453877,78.40488512
TN-2023-01665,15-09-2023,Tiruppur,Location_59,16:45,Bus,NH,Clear,Poor road,2,3,0,Male,61,Yes,Yes,201693,12.76240412,77.85634316
TN-2023-01666,25-07-2023,Chennai,Location_45,19:43,Two Wheeler,SH,Rain,Over speed,4,0,0,Male,18,No,Yes,451558,8.298993668,77.89107246
TN-2023-01667,18-03-2023,Tiruppur,Location_75,08:14,Bus,SH,Fog,Drunk drive,2,1,0,Female,23,No,Yes,340917,13.44720862,76.91405518
TN-2023-01668,12-01-2023,Thoothukudi,Location_37,11:45,Bus,NH,Sunny,Brake failure,1,1,1,Female,55,Yes,Yes,138155,12.22734851,79.18515402
TN-2023-01669,22-10-2023,Salem,Location_65,21:49,Car,Rural Road,Cloudy,Drunk drive,3,3,0,Male,46,Yes,Yes,373649,9.563831404,78.74316208
TN-2023-01670,12-08-2023,Salem,Location_9,19:05,Two Wheeler,SH,Cloudy,Brake failure,5,0,0,Female,60,Yes,No,180347,12.18470742,80.46355669
TN-2023-01671,13-01-2023,Erode,Location_17,03:57,Two Wheeler,Urban Street,Fog,Reckless driving,2,3,0,Male,28,Yes,Yes,21372,13.07633371,76.63559892
TN-2023-01672,15-02-2023,Thoothukudi,Location_65,22:43,Two Wheeler,SH,Rain,Over speed,3,1,0,Male,33,Yes,Yes,352003,8.621045651,76.51182257
TN-2023-01673,04-06-2023,Vellore,Location_3,12:18,Bus,NH,Clear,Brake failure,5,0,0,Male,23,Yes,Yes,210850,13.02468102,78.32169535
TN-2023-01674,23-04-2023,Vellore,Location_26,21:44,Two Wheeler,Urban Street,Rain,Reckless driving,4,3,2,Male,18,Yes,Yes,325078,9.980959327,76.68395844
TN-2023-01675,21-08-2023,Vellore,Location_53,11:51,Lorry,NH,Rain,Poor road,2,0,0,Male,52,Yes,Yes,313626,8.03552618,78.74779518
TN-2023-01676,17-01-2023,Chennai,Location_31,02:27,Lorry,NH,Clear,Weather,2,2,0,Female,41,Yes,Yes,344594,8.618315338,76.88251799
TN-2023-01677,26-12-2023,Chennai,Location_26,02:13,Two Wheeler,NH,Cloudy,Brake failure,4,3,0,Male,55,Yes,No,422823,12.86636661,78.17349324
TN-2023-01678,11-08-2023,Vellore,Location_23,17:26,Bus,Rural Road,Rain,Drunk drive,4,3,0,Male,20,Yes,Yes,279067,13.40466557,78.75090152
TN-2023-01679,20-12-2023,Salem,Location_30,18:09,Bus,Rural Road,Sunny,Over speed,1,2,1,Female,57,Yes,Yes,222133,12.92454607,78.06118355
TN-2023-01680,07-07-2023,Thoothukudi,Location_10,16:14,Bus,SH,Sunny,Over speed,5,1,0,Male,19,Yes,Yes,71107,10.42845148,77.43993387
TN-2023-01681,10-12-2023,Coimbatore,Location_72,18:08,Two Wheeler,NH,Fog,Reckless driving,3,3,1,Female,32,Yes,Yes,493910,13.28775557,79.52042237
TN-2023-01682,31-12-2023,Thoothukudi,Location_89,03:14,Two Wheeler,Urban Street,Fog,Weather,4,3,0,Male,39,Yes,Yes,274379,10.23767621,79.84596111
TN-2023-01683,12-06-2023,Vellore,Location_64,18:47,Two Wheeler,Urban Street,Clear,Poor road,1,1,0,Male,63,Yes,Yes,78744,8.625328381,77.25122425
TN-2023-01684,22-11-2023,Thoothukudi,Location_22,07:48,Two Wheeler,Urban Street,Clear,Poor road,5,0,0,Female,63,No,Yes,20936,9.87517823,79.66027181
TN-2023-01685,15-03-2023,Trichy,Location_15,20:00,Lorry,Rural Road,Fog,Over speed,5,2,0,Female,21,Yes,Yes,296000,13.4913164,77.76235309
TN-2023-01686,21-08-2023,Chennai,Location_56,06:52,Bus,Rural Road,Rain,Poor road,2,1,0,Male,41,Yes,Yes,130714,11.44270079,78.19430637
TN-2023-01687,12-08-2023,Chennai,Location_74,17:11,Auto Rickshaw,NH,Cloudy,Reckless driving,1,0,1,Male,36,No,Yes,252300,9.869992908,77.0428736
TN-2023-01688,15-11-2023,Salem,Location_20,15:29,Two Wheeler,Urban Street,Sunny,Weather,1,2,0,Male,47,Yes,Yes,15833,11.43298503,78.81575699
TN-2023-01689,01-03-2023,Coimbatore,Location_47,00:58,Two Wheeler,Urban Street,Clear,Over speed,2,0,0,Male,39,Yes,Yes,238424,10.36024706,76.45417023
TN-2023-01690,01-12-2023,Vellore,Location_87,14:06,Bus,Rural Road,Fog,Poor road,3,3,0,Male,56,Yes,Yes,38846,8.272517256,78.66236887
TN-2023-01691,10-08-2023,Tiruppur,Location_53,16:02,Two Wheeler,Rural Road,Sunny,Brake failure,4,2,0,Male,57,Yes,No,252145,9.106201967,80.45373137
TN-2023-01692,06-02-2023,Salem,Location_53,10:05,Two Wheeler,Urban Street,Clear,Brake failure,2,0,0,Male,44,Yes,Yes,445808,8.105794359,79.39059838
TN-2023-01693,05-10-2023,Salem,Location_1,05:14,Car,Urban Street,Clear,Reckless driving,4,2,0,Female,32,Yes,Yes,232331,9.401357226,80.02767689
TN-2023-01694,15-07-2023,Coimbatore,Location_2,06:42,Two Wheeler,SH,Rain,Poor road,1,0,0,Female,54,Yes,No,200763,12.06760768,78.08887993
TN-2023-01695,18-12-2023,Tirunelveli,Location_58,16:54,Car,Rural Road,Clear,Brake failure,2,0,0,Male,18,Yes,Yes,280474,9.063252269,76.63947403
TN-2023-01696,30-08-2023,Vellore,Location_19,17:21,Two Wheeler,NH,Cloudy,Weather,3,3,0,Male,29,Yes,Yes,431114,10.90431008,77.29807852
TN-2023-01697,20-11-2023,Tiruppur,Location_62,20:25,Car,NH,Clear,Drunk drive,4,1,0,Male,26,Yes,Yes,155001,11.85882045,76.22063353
TN-2023-01698,07-08-2023,Chennai,Location_78,18:26,Auto Rickshaw,Urban Street,Cloudy,Weather,4,2,2,Male,36,Yes,Yes,224714,11.0177533,78.25814938
TN-2023-01699,11-07-2023,Coimbatore,Location_72,07:23,Two Wheeler,Rural Road,Rain,Reckless driving,4,3,0,Male,35,No,Yes,274596,8.08453796,78.92350092
TN-2023-01700,17-01-2023,Tiruppur,Location_12,19:07,Truck,NH,Cloudy,Weather,1,2,0,Male,56,No,Yes,396348,9.99838084,77.91017488
TN-2023-01701,12-01-2023,Trichy,Location_26,20:28,Car,Rural Road,Sunny,Poor road,4,1,0,Male,28,Yes,Yes,122111,10.42896775,78.53442205
TN-2023-01702,12-07-2023,Salem,Location_27,10:20,Auto Rickshaw,Urban Street,Clear,Weather,5,3,0,Male,28,No,Yes,173580,9.885143429,77.44316012
TN-2023-01703,22-01-2023,Coimbatore,Location_29,02:30,Two Wheeler,Urban Street,Fog,Poor road,4,1,2,Male,47,Yes,Yes,16327,11.00445077,76.38636142
TN-2023-01704,30-04-2023,Chennai,Location_15,22:26,Car,Urban Street,Fog,Over speed,1,3,0,Male,37,Yes,Yes,329062,10.82234525,77.94399547
TN-2023-01705,29-07-2023,Thoothukudi,Location_46,13:26,Two Wheeler,Rural Road,Cloudy,Poor road,2,3,0,Male,32,Yes,Yes,85410,9.030976325,78.46509008
TN-2023-01706,02-11-2023,Chennai,Location_1,08:56,Lorry,NH,Rain,Reckless driving,4,3,1,Male,42,Yes,Yes,428712,12.13585718,80.42185657
TN-2023-01707,27-09-2023,Trichy,Location_60,00:32,Car,SH,Cloudy,Poor road,4,3,2,Female,20,Yes,Yes,274625,8.886400428,77.56273032
TN-2023-01708,11-07-2023,Coimbatore,Location_92,11:42,Car,NH,Cloudy,Over speed,2,0,1,Male,60,Yes,No,47301,10.52430954,79.04996346
TN-2023-01709,24-06-2023,Trichy,Location_57,20:00,Auto Rickshaw,Rural Road,Cloudy,Drunk drive,5,2,1,Male,43,No,Yes,116441,12.1596621,79.70180999
TN-2023-01710,12-10-2023,Vellore,Location_3,19:11,Two Wheeler,NH,Sunny,Reckless driving,1,0,0,Male,62,Yes,Yes,279903,11.83494258,77.50925827
TN-2023-01711,23-07-2023,Vellore,Location_18,16:14,Two Wheeler,SH,Sunny,Over speed,2,0,1,Male,45,Yes,Yes,49766,10.37702237,80.18469058
TN-2023-01712,13-06-2023,Thoothukudi,Location_52,01:49,Car,NH,Cloudy,Poor road,1,0,1,Male,23,Yes,Yes,372885,12.33906225,77.52474079
TN-2023-01713,08-09-2023,Salem,Location_60,15:03,Car,SH,Rain,Reckless driving,2,3,0,Male,63,Yes,Yes,237920,11.92566843,80.36411939
TN-2023-01714,15-08-2023,Tirunelveli,Location_34,07:33,Two Wheeler,Rural Road,Clear,Brake failure,3,3,0,Male,49,Yes,Yes,156071,10.11494755,76.00970613
TN-2023-01715,07-01-2023,Madurai,Location_96,13:24,Car,Urban Street,Fog,Poor road,5,1,0,Male,28,Yes,No,25474,12.92532359,78.85377996
TN-2023-01716,29-01-2023,Tiruppur,Location_93,14:27,Truck,SH,Sunny,Over speed,3,2,0,Male,30,No,Yes,89454,8.780777369,79.55466811
TN-2023-01717,02-02-2023,Trichy,Location_89,08:01,Bus,Rural Road,Clear,Poor road,2,1,0,Female,34,Yes,Yes,433840,9.971651668,77.26027189
TN-2023-01718,14-05-2023,Tiruppur,Location_60,16:57,Two Wheeler,Urban Street,Sunny,Over speed,2,1,1,Male,63,Yes,Yes,100227,11.83795319,76.52672623
TN-2023-01719,20-03-2023,Thoothukudi,Location_26,09:08,Two Wheeler,SH,Sunny,Weather,1,2,0,Male,63,Yes,Yes,273024,12.80137598,76.10965798
TN-2023-01720,27-02-2023,Tiruppur,Location_72,01:23,Truck,Urban Street,Sunny,Drunk drive,2,2,0,Female,53,Yes,Yes,472597,9.774188513,76.33483121
TN-2023-01721,26-01-2023,Tiruppur,Location_19,18:16,Bus,NH,Cloudy,Drunk drive,1,1,0,Male,47,Yes,Yes,371639,11.0868332,78.44365319
TN-2023-01722,14-08-2023,Chennai,Location_22,10:48,Auto Rickshaw,Rural Road,Cloudy,Reckless driving,1,1,0,Male,21,Yes,Yes,451810,8.065118624,79.77625332
TN-2023-01723,12-10-2023,Coimbatore,Location_93,09:49,Two Wheeler,Rural Road,Sunny,Over speed,2,1,0,Male,31,Yes,Yes,164189,10.03963538,76.28408889
TN-2023-01724,04-01-2023,Salem,Location_33,22:27,Bus,Rural Road,Sunny,Drunk drive,1,3,0,Male,63,No,Yes,10413,9.820142537,76.5093117
TN-2023-01725,09-04-2023,Madurai,Location_38,05:47,Bus,Rural Road,Fog,Brake failure,5,2,0,Male,45,No,Yes,230158,12.63358999,76.02296351
TN-2023-01726,08-02-2023,Coimbatore,Location_35,17:51,Two Wheeler,SH,Clear,Reckless driving,3,2,1,Male,24,Yes,Yes,130984,8.406871798,77.27024829
TN-2023-01727,28-09-2023,Chennai,Location_67,17:00,Car,NH,Clear,Brake failure,2,0,1,Male,33,No,Yes,384242,8.341630147,80.14560874
TN-2023-01728,12-10-2023,Tiruppur,Location_83,02:14,Car,Urban Street,Rain,Drunk drive,1,3,0,Male,31,Yes,Yes,274800,10.43486121,77.24329599
TN-2023-01729,06-06-2023,Madurai,Location_10,19:09,Car,Rural Road,Rain,Over speed,1,3,0,Male,54,Yes,Yes,250344,10.24063952,77.98366501
TN-2023-01730,16-03-2023,Chennai,Location_91,20:36,Lorry,Rural Road,Rain,Reckless driving,1,2,0,Male,56,Yes,Yes,188833,8.888579618,76.80530828
TN-2023-01731,15-10-2023,Chennai,Location_15,14:22,Auto Rickshaw,SH,Cloudy,Brake failure,1,3,0,Male,44,Yes,Yes,148409,9.448393073,76.52328041
TN-2023-01732,10-05-2023,Chennai,Location_11,13:14,Auto Rickshaw,SH,Cloudy,Drunk drive,5,1,0,Male,47,No,Yes,366129,13.35806968,76.82077501
TN-2023-01733,24-06-2023,Vellore,Location_90,09:55,Lorry,SH,Fog,Poor road,2,2,0,Female,32,Yes,Yes,268262,10.8225041,76.94694775
TN-2023-01734,25-03-2023,Madurai,Location_24,08:43,Car,NH,Cloudy,Brake failure,2,2,0,Male,56,No,Yes,279650,8.483191927,76.58629972
TN-2023-01735,22-01-2023,Chennai,Location_77,06:04,Two Wheeler,Urban Street,Rain,Weather,5,3,0,Female,59,No,Yes,321044,8.273607523,79.56198855
TN-2023-01736,27-01-2023,Tirunelveli,Location_96,09:56,Auto Rickshaw,NH,Sunny,Reckless driving,5,2,0,Male,35,Yes,Yes,368422,8.230658283,78.14760537
TN-2023-01737,14-07-2023,Tiruppur,Location_4,07:21,Car,Rural Road,Rain,Brake failure,5,3,0,Male,28,Yes,Yes,322151,10.13960472,78.42896242
TN-2023-01738,03-12-2023,Madurai,Location_13,19:24,Two Wheeler,SH,Fog,Reckless driving,2,3,0,Male,39,Yes,No,120990,12.76089555,77.68592759
TN-2023-01739,24-08-2023,Vellore,Location_73,15:11,Car,Rural Road,Sunny,Drunk drive,4,3,0,Male,63,Yes,Yes,223276,12.58104126,76.94834278
TN-2023-01740,02-04-2023,Trichy,Location_57,08:09,Two Wheeler,Urban Street,Cloudy,Drunk drive,3,1,0,Female,21,Yes,Yes,168815,10.02337518,76.42255749
TN-2023-01741,21-01-2023,Trichy,Location_98,15:09,Bus,Urban Street,Sunny,Reckless driving,5,3,0,Female,20,Yes,Yes,39668,12.25932972,76.34166566
TN-2023-01742,30-10-2023,Salem,Location_37,08:25,Two Wheeler,NH,Fog,Drunk drive,5,3,0,Male,41,No,Yes,300994,12.13736651,76.83313912
TN-2023-01743,23-12-2023,Erode,Location_48,02:26,Two Wheeler,NH,Cloudy,Over speed,2,0,0,Male,31,No,Yes,226625,10.65647494,79.82579287
TN-2023-01744,25-03-2023,Tirunelveli,Location_71,18:42,Truck,SH,Clear,Reckless driving,2,0,0,Male,20,Yes,Yes,82583,10.22413214,76.97445335
TN-2023-01745,19-09-2023,Trichy,Location_1,05:05,Lorry,SH,Rain,Over speed,3,1,0,Male,48,Yes,Yes,113326,8.993017416,77.59668816
TN-2023-01746,27-05-2023,Vellore,Location_60,14:28,Lorry,Rural Road,Rain,Reckless driving,1,1,0,Female,52,Yes,Yes,418383,9.533240431,78.5773824
TN-2023-01747,14-09-2023,Erode,Location_12,14:44,Car,SH,Fog,Poor road,2,3,0,Female,48,No,Yes,56793,9.862824899,78.30135897
TN-2023-01748,27-02-2023,Chennai,Location_21,21:04,Auto Rickshaw,SH,Fog,Poor road,3,0,1,Male,29,Yes,Yes,392321,12.46994812,78.99619283
TN-2023-01749,15-01-2023,Chennai,Location_11,13:52,Lorry,Rural Road,Rain,Brake failure,2,1,0,Male,27,No,No,293602,11.04124133,76.87441673
TN-2023-01750,11-06-2023,Thoothukudi,Location_44,01:22,Car,Urban Street,Sunny,Drunk drive,2,2,0,Male,37,No,Yes,154256,9.105029898,78.35822018
TN-2023-01751,12-06-2023,Tiruppur,Location_58,11:51,Truck,SH,Clear,Poor road,2,2,1,Male,35,Yes,Yes,381255,8.52705186,79.45487122
TN-2023-01752,16-11-2023,Erode,Location_44,13:18,Two Wheeler,SH,Clear,Drunk drive,4,3,0,Female,61,No,Yes,49123,10.73165105,77.7437813
TN-2023-01753,08-10-2023,Tiruppur,Location_78,19:46,Truck,Rural Road,Fog,Brake failure,4,0,2,Female,53,Yes,Yes,286877,11.66474131,80.37352479
TN-2023-01754,07-10-2023,Vellore,Location_98,19:23,Two Wheeler,Rural Road,Fog,Over speed,5,2,0,Male,36,Yes,Yes,78525,12.50385987,78.60077245
TN-2023-01755,12-01-2023,Tirunelveli,Location_34,16:24,Car,Rural Road,Sunny,Poor road,4,0,0,Male,34,Yes,Yes,337693,12.38523068,79.03671951
TN-2023-01756,01-10-2023,Erode,Location_25,13:54,Two Wheeler,Rural Road,Fog,Weather,3,1,1,Female,57,Yes,Yes,407416,12.53285645,78.06589483
TN-2023-01757,28-09-2023,Trichy,Location_4,17:58,Car,Rural Road,Clear,Weather,2,0,0,Male,28,Yes,Yes,194453,10.46316042,79.8603288
TN-2023-01758,27-07-2023,Tirunelveli,Location_64,21:55,Car,SH,Rain,Weather,4,3,0,Male,22,No,Yes,313161,12.76111629,78.03169116
TN-2023-01759,27-01-2023,Thoothukudi,Location_90,04:53,Bicycle,NH,Clear,Weather,2,0,0,Male,54,Yes,Yes,366550,10.44534538,80.24026141
TN-2023-01760,13-03-2023,Tiruppur,Location_16,11:41,Truck,NH,Sunny,Weather,1,2,0,Male,62,Yes,Yes,316729,8.924667098,77.38370744
TN-2023-01761,01-03-2023,Tiruppur,Location_10,07:37,Truck,NH,Rain,Weather,5,0,0,Male,53,No,Yes,262668,10.18558202,79.89618733
TN-2023-01762,25-05-2023,Tirunelveli,Location_66,14:11,Two Wheeler,SH,Rain,Weather,4,0,0,Male,62,No,Yes,357732,9.870137926,78.87708928
TN-2023-01763,03-04-2023,Chennai,Location_35,05:43,Bicycle,Urban Street,Clear,Poor road,2,0,0,Male,61,Yes,Yes,310888,10.15697258,79.59574601
TN-2023-01764,05-11-2023,Tiruppur,Location_83,14:43,Car,SH,Rain,Weather,1,1,0,Male,31,Yes,Yes,33911,11.62240595,76.16965578
TN-2023-01765,08-01-2023,Thoothukudi,Location_6,08:50,Auto Rickshaw,NH,Rain,Reckless driving,5,3,0,Male,45,Yes,Yes,217331,11.61304084,77.24775843
TN-2023-01766,20-03-2023,Trichy,Location_19,20:33,Two Wheeler,NH,Fog,Reckless driving,5,2,1,Male,26,Yes,Yes,221925,9.236958357,79.81185484
TN-2023-01767,27-01-2023,Madurai,Location_59,12:12,Car,Rural Road,Rain,Weather,1,2,1,Male,55,Yes,Yes,496501,9.737618129,77.43250162
TN-2023-01768,23-06-2023,Trichy,Location_53,07:58,Truck,Rural Road,Sunny,Brake failure,4,0,0,Male,46,Yes,Yes,453912,11.27445193,79.20694909
TN-2023-01769,19-02-2023,Trichy,Location_8,12:35,Truck,Rural Road,Rain,Poor road,4,0,0,Male,42,Yes,Yes,94856,8.462706533,80.46484967
TN-2023-01770,18-07-2023,Tiruppur,Location_78,05:37,Bus,SH,Fog,Reckless driving,2,1,0,Female,25,No,Yes,319606,11.78765308,76.79725937
TN-2023-01771,15-12-2023,Coimbatore,Location_10,20:43,Lorry,Urban Street,Cloudy,Brake failure,3,3,1,Male,36,No,Yes,389566,8.983907679,77.87895673
TN-2023-01772,30-06-2023,Chennai,Location_67,11:48,Two Wheeler,Urban Street,Cloudy,Drunk drive,2,2,0,Male,19,No,Yes,188787,12.67891126,76.7430702
TN-2023-01773,24-01-2023,Tiruppur,Location_38,06:25,Bus,Rural Road,Sunny,Weather,2,3,0,Male,23,No,Yes,296344,10.20873212,76.69428905
TN-2023-01774,12-11-2023,Chennai,Location_29,14:55,Car,Urban Street,Sunny,Over speed,2,2,0,Male,47,Yes,Yes,212880,9.214432266,78.84869272
TN-2023-01775,15-02-2023,Vellore,Location_15,16:41,Two Wheeler,NH,Rain,Weather,1,0,0,Male,19,Yes,Yes,152839,11.67301225,76.86119217
TN-2023-01776,15-01-2023,Coimbatore,Location_87,22:51,Two Wheeler,NH,Rain,Weather,5,1,0,Female,36,Yes,Yes,390890,11.04716943,78.17194277
TN-2023-01777,02-06-2023,Tiruppur,Location_23,05:40,Two Wheeler,Rural Road,Cloudy,Brake failure,5,1,0,Male,30,Yes,Yes,480998,8.945645954,80.40073663
TN-2023-01778,10-08-2023,Salem,Location_82,14:47,Bus,Rural Road,Cloudy,Drunk drive,3,0,0,Female,25,Yes,Yes,62611,12.54938572,77.49908267
TN-2023-01779,25-07-2023,Trichy,Location_46,20:39,Two Wheeler,Rural Road,Clear,Brake failure,4,0,0,Female,26,Yes,Yes,182785,10.49308991,79.93133431
TN-2023-01780,30-09-2023,Vellore,Location_83,15:31,Car,Urban Street,Cloudy,Poor road,2,0,0,Male,40,Yes,Yes,475892,8.837346756,77.78364278
TN-2023-01781,24-08-2023,Coimbatore,Location_28,04:17,Two Wheeler,SH,Cloudy,Drunk drive,1,3,0,Male,54,No,Yes,473289,12.37900075,77.1828921
TN-2023-01782,06-12-2023,Tiruppur,Location_26,19:45,Car,Rural Road,Sunny,Reckless driving,1,0,0,Male,25,Yes,Yes,363389,8.73388965,77.51313266
TN-2023-01783,16-08-2023,Thoothukudi,Location_10,01:54,Bus,Urban Street,Clear,Drunk drive,2,3,0,Male,26,Yes,Yes,125206,13.32421176,76.57458915
TN-2023-01784,09-01-2023,Tirunelveli,Location_47,22:29,Bus,Rural Road,Clear,Drunk drive,1,0,0,Male,33,No,Yes,254249,10.42995395,79.0554332
TN-2023-01785,15-06-2023,Tirunelveli,Location_4,02:45,Car,SH,Rain,Brake failure,1,1,0,Female,33,Yes,Yes,442796,12.00522247,78.29058975
TN-2023-01786,15-11-2023,Chennai,Location_55,06:46,Car,Rural Road,Rain,Weather,2,3,0,Female,29,No,Yes,447164,10.48582251,78.76223708
TN-2023-01787,02-08-2023,Coimbatore,Location_66,16:00,Two Wheeler,NH,Clear,Weather,3,1,0,Male,42,No,Yes,168496,9.031594674,77.3639175
TN-2023-01788,27-04-2023,Trichy,Location_67,08:21,Auto Rickshaw,Rural Road,Clear,Weather,1,0,0,Male,28,Yes,Yes,370947,12.16962717,78.94059234
TN-2023-01789,10-12-2023,Trichy,Location_7,13:47,Two Wheeler,NH,Rain,Weather,5,0,0,Male,35,Yes,Yes,366437,9.591463617,76.740695
TN-2023-01790,13-03-2023,Madurai,Location_55,20:44,Two Wheeler,NH,Sunny,Weather,5,2,0,Male,30,No,Yes,44757,11.75329808,78.93612722
TN-2023-01791,05-03-2023,Tirunelveli,Location_80,05:53,Bus,Urban Street,Sunny,Poor road,5,3,0,Male,52,No,Yes,231796,9.415549951,76.36512171
TN-2023-01792,24-07-2023,Vellore,Location_31,00:20,Two Wheeler,Urban Street,Sunny,Over speed,2,3,0,Male,35,No,Yes,150667,9.326095529,77.8012292
TN-2023-01793,28-07-2023,Coimbatore,Location_74,03:02,Auto Rickshaw,NH,Sunny,Reckless driving,5,3,0,Male,60,Yes,Yes,28431,10.5159509,78.74388872
TN-2023-01794,13-03-2023,Trichy,Location_19,16:29,Two Wheeler,NH,Rain,Drunk drive,4,3,0,Male,47,No,Yes,231646,12.48931652,79.84892895
TN-2023-01795,04-10-2023,Madurai,Location_28,01:18,Bus,Rural Road,Fog,Over speed,1,1,0,Male,60,Yes,Yes,75214,11.37498179,79.65586762
TN-2023-01796,01-10-2023,Coimbatore,Location_81,19:22,Two Wheeler,Rural Road,Cloudy,Poor road,3,3,0,Male,54,No,Yes,66968,8.355678727,78.37127535
TN-2023-01797,16-11-2023,Erode,Location_28,21:58,Two Wheeler,NH,Cloudy,Weather,5,1,0,Male,47,Yes,Yes,312093,12.03625583,79.97516814
TN-2023-01798,04-12-2023,Trichy,Location_19,07:24,Two Wheeler,Urban Street,Cloudy,Poor road,2,0,0,Female,20,No,Yes,45037,11.18874051,78.27656334
TN-2023-01799,05-04-2023,Erode,Location_87,14:37,Lorry,Rural Road,Cloudy,Reckless driving,3,1,1,Female,46,Yes,Yes,409697,11.42961041,78.32725022
TN-2023-01800,15-06-2023,Coimbatore,Location_20,22:51,Truck,Rural Road,Rain,Reckless driving,2,3,0,Male,42,Yes,Yes,420623,9.944679884,79.24249141
TN-2023-01801,01-02-2023,Trichy,Location_13,01:56,Car,Rural Road,Fog,Poor road,3,1,0,Male,19,Yes,No,129693,11.05888908,79.95002045
TN-2023-01802,11-01-2023,Erode,Location_77,14:51,Lorry,Urban Street,Rain,Over speed,3,3,0,Male,64,Yes,No,303279,10.04538784,78.71222423
TN-2023-01803,28-10-2023,Salem,Location_43,11:34,Bus,NH,Fog,Drunk drive,1,1,0,Male,22,Yes,Yes,131700,8.448281191,80.2488629
TN-2023-01804,05-08-2023,Madurai,Location_11,09:13,Truck,Rural Road,Rain,Brake failure,3,2,0,Male,48,Yes,Yes,112413,12.64436654,77.0466373
TN-2023-01805,16-10-2023,Vellore,Location_48,21:13,Lorry,Urban Street,Clear,Brake failure,4,3,0,Male,22,Yes,Yes,442351,11.72914698,80.15939243
TN-2023-01806,12-04-2023,Tirunelveli,Location_15,02:32,Two Wheeler,Urban Street,Fog,Reckless driving,4,1,0,Female,38,Yes,Yes,346124,11.68741457,76.9974383
TN-2023-01807,24-09-2023,Madurai,Location_17,19:00,Bus,Urban Street,Cloudy,Drunk drive,4,3,0,Male,43,Yes,Yes,253328,9.065233205,78.36886974
TN-2023-01808,02-08-2023,Erode,Location_54,01:18,Car,Urban Street,Fog,Weather,2,0,0,Male,24,No,Yes,208835,11.64978111,79.58214308
TN-2023-01809,28-06-2023,Trichy,Location_50,09:03,Two Wheeler,Rural Road,Sunny,Poor road,1,1,0,Male,47,Yes,Yes,115867,9.276168431,79.60712875
TN-2023-01810,29-03-2023,Salem,Location_28,03:12,Two Wheeler,NH,Fog,Weather,2,1,0,Male,51,Yes,Yes,127709,11.78144078,77.25171668
TN-2023-01811,10-02-2023,Salem,Location_83,08:38,Auto Rickshaw,NH,Sunny,Reckless driving,5,2,0,Male,45,Yes,Yes,33794,9.834417665,80.43652849
TN-2023-01812,17-03-2023,Tirunelveli,Location_4,15:49,Auto Rickshaw,Urban Street,Sunny,Poor road,4,3,0,Male,31,No,Yes,125609,8.866325827,76.3627154
TN-2023-01813,15-02-2023,Salem,Location_22,02:51,Lorry,NH,Clear,Brake failure,1,1,0,Male,35,Yes,Yes,398186,12.98445392,76.15652236
TN-2023-01814,09-06-2023,Madurai,Location_86,19:09,Bicycle,Rural Road,Fog,Reckless driving,4,2,1,Female,61,Yes,Yes,224043,8.575576785,79.78688257
TN-2023-01815,21-03-2023,Tiruppur,Location_39,21:47,Lorry,NH,Clear,Reckless driving,1,2,0,Male,34,No,Yes,263514,12.18983299,79.6855851
TN-2023-01816,06-11-2023,Salem,Location_34,02:10,Two Wheeler,NH,Cloudy,Drunk drive,2,2,0,Male,42,Yes,No,440547,8.559766179,79.20767851
TN-2023-01817,27-03-2023,Tirunelveli,Location_97,09:47,Two Wheeler,SH,Fog,Over speed,2,3,0,Female,23,Yes,Yes,295428,11.76595804,79.82848311
TN-2023-01818,02-04-2023,Salem,Location_44,07:08,Two Wheeler,NH,Rain,Reckless driving,4,3,1,Male,22,Yes,Yes,254726,8.607120771,76.61901665
TN-2023-01819,28-05-2023,Salem,Location_42,14:31,Two Wheeler,NH,Rain,Over speed,3,1,0,Male,38,No,Yes,260558,10.79853459,76.43059395
TN-2023-01820,10-06-2023,Thoothukudi,Location_40,20:02,Two Wheeler,Urban Street,Rain,Drunk drive,1,3,0,Male,56,Yes,Yes,463216,9.033976305,80.36231185
TN-2023-01821,21-07-2023,Madurai,Location_97,03:29,Car,Urban Street,Sunny,Reckless driving,5,3,0,Male,37,Yes,Yes,29229,12.7661987,78.80907097
TN-2023-01822,30-08-2023,Erode,Location_12,12:43,Auto Rickshaw,SH,Rain,Reckless driving,3,0,0,Male,28,No,Yes,32586,10.20816513,80.13931036
TN-2023-01823,19-12-2023,Chennai,Location_2,20:40,Auto Rickshaw,Rural Road,Cloudy,Brake failure,2,3,0,Female,22,Yes,Yes,52135,8.084844922,80.07899451
TN-2023-01824,02-01-2023,Tiruppur,Location_28,13:18,Car,SH,Fog,Poor road,1,0,0,Male,55,No,No,279605,11.45488689,78.93912928
TN-2023-01825,13-08-2023,Salem,Location_74,06:47,Auto Rickshaw,NH,Fog,Over speed,3,1,0,Female,56,No,No,170726,10.44826526,78.82813531
TN-2023-01826,16-10-2023,Vellore,Location_86,21:19,Car,NH,Sunny,Brake failure,5,2,0,Male,52,Yes,Yes,342388,12.72856613,77.61975612
TN-2023-01827,21-08-2023,Salem,Location_81,04:30,Auto Rickshaw,Rural Road,Sunny,Reckless driving,3,0,0,Male,52,Yes,Yes,143776,10.38229298,76.67099525
TN-2023-01828,18-03-2023,Thoothukudi,Location_90,09:17,Car,Rural Road,Sunny,Drunk drive,5,1,0,Male,42,Yes,Yes,188103,10.26127264,79.08972229
TN-2023-01829,26-04-2023,Erode,Location_67,10:38,Two Wheeler,Urban Street,Cloudy,Weather,2,0,0,Male,47,Yes,Yes,283688,10.49751268,79.68037256
TN-2023-01830,03-06-2023,Vellore,Location_71,13:19,Auto Rickshaw,NH,Fog,Brake failure,1,3,0,Male,19,Yes,Yes,474806,12.7291971,78.45080688
TN-2023-01831,13-04-2023,Tiruppur,Location_72,17:10,Two Wheeler,NH,Clear,Brake failure,2,1,0,Female,37,No,Yes,406732,11.22752409,76.22891113
TN-2023-01832,13-07-2023,Vellore,Location_84,21:58,Car,NH,Sunny,Weather,1,2,0,Male,53,Yes,Yes,54789,11.68149331,76.65212968
TN-2023-01833,15-06-2023,Madurai,Location_76,11:17,Two Wheeler,NH,Rain,Reckless driving,3,0,0,Male,54,Yes,Yes,226468,11.96225987,76.45882152
TN-2023-01834,25-12-2023,Tirunelveli,Location_99,01:22,Bus,NH,Clear,Brake failure,2,3,0,Female,19,No,Yes,361538,13.15633537,78.96024242
TN-2023-01835,31-03-2023,Tirunelveli,Location_81,00:54,Bicycle,NH,Clear,Over speed,1,1,0,Male,61,Yes,Yes,400258,12.60636326,78.54155089
TN-2023-01836,23-06-2023,Tiruppur,Location_92,09:52,Two Wheeler,NH,Sunny,Reckless driving,5,3,0,Male,64,Yes,Yes,233510,13.10006344,78.09925132
TN-2023-01837,02-05-2023,Erode,Location_10,00:37,Auto Rickshaw,NH,Rain,Over speed,1,1,1,Male,44,Yes,Yes,65953,9.888177171,78.4453385
TN-2023-01838,23-05-2023,Tirunelveli,Location_86,06:48,Two Wheeler,Urban Street,Sunny,Over speed,2,0,1,Female,49,Yes,Yes,313798,9.181620232,77.24179679
TN-2023-01839,16-04-2023,Coimbatore,Location_57,08:30,Two Wheeler,SH,Sunny,Brake failure,2,1,0,Male,21,No,Yes,422209,9.118642316,79.62127227
TN-2023-01840,01-11-2023,Thoothukudi,Location_97,06:16,Two Wheeler,NH,Rain,Reckless driving,3,0,0,Female,44,Yes,Yes,447452,12.71790601,77.47845363
TN-2023-01841,26-12-2023,Tiruppur,Location_86,02:47,Lorry,Urban Street,Clear,Brake failure,5,1,0,Male,47,No,Yes,349801,12.56825177,78.89935537
TN-2023-01842,13-11-2023,Tiruppur,Location_37,04:51,Two Wheeler,NH,Clear,Brake failure,1,3,0,Male,20,Yes,Yes,115564,11.57726386,77.75893411
TN-2023-01843,03-05-2023,Chennai,Location_77,17:32,Car,Rural Road,Rain,Reckless driving,2,3,0,Male,63,No,Yes,206392,8.346183112,76.32474936
TN-2023-01844,09-01-2023,Chennai,Location_91,03:22,Two Wheeler,NH,Clear,Reckless driving,1,0,0,Male,62,Yes,Yes,463688,9.749264866,77.15628141
TN-2023-01845,19-09-2023,Madurai,Location_64,10:51,Two Wheeler,SH,Cloudy,Reckless driving,4,2,1,Male,44,Yes,No,329922,12.03810708,80.34294247
TN-2023-01846,14-03-2023,Madurai,Location_79,08:29,Lorry,Urban Street,Sunny,Reckless driving,5,0,1,Male,55,Yes,Yes,297285,9.367128256,76.85741704
TN-2023-01847,25-12-2023,Chennai,Location_86,07:39,Two Wheeler,Rural Road,Cloudy,Drunk drive,5,3,1,Female,53,Yes,Yes,299851,11.43232406,76.47217912
TN-2023-01848,11-08-2023,Tirunelveli,Location_94,04:11,Two Wheeler,Rural Road,Cloudy,Reckless driving,4,1,0,Male,18,No,Yes,175222,10.98507672,77.31018487
TN-2023-01849,10-02-2023,Trichy,Location_40,00:14,Two Wheeler,NH,Cloudy,Weather,5,2,2,Female,52,No,Yes,311222,9.444698057,79.95066659
TN-2023-01850,23-07-2023,Tiruppur,Location_98,17:37,Car,SH,Fog,Reckless driving,4,3,0,Male,29,No,Yes,329885,13.13885917,77.37711891
TN-2023-01851,21-09-2023,Coimbatore,Location_60,09:45,Bus,SH,Fog,Brake failure,1,2,1,Male,52,Yes,Yes,432471,9.412064771,77.87821063
TN-2023-01852,24-11-2023,Tiruppur,Location_98,20:25,Two Wheeler,NH,Cloudy,Weather,4,0,0,Male,35,No,Yes,41204,12.92135135,77.39534615
TN-2023-01853,27-06-2023,Salem,Location_48,07:58,Two Wheeler,NH,Sunny,Poor road,3,3,0,Male,63,No,Yes,284231,10.97512556,80.45038103
TN-2023-01854,14-12-2023,Erode,Location_99,02:53,Two Wheeler,Urban Street,Cloudy,Over speed,4,0,0,Male,54,No,Yes,156725,8.505054072,80.49943795
TN-2023-01855,14-11-2023,Thoothukudi,Location_19,21:25,Two Wheeler,Urban Street,Cloudy,Drunk drive,1,3,0,Female,40,Yes,Yes,12098,12.58493615,78.17247739
TN-2023-01856,25-03-2023,Trichy,Location_72,18:43,Auto Rickshaw,NH,Fog,Weather,5,3,0,Male,50,No,Yes,429607,12.35287624,79.53171569
TN-2023-01857,14-11-2023,Coimbatore,Location_33,11:46,Lorry,NH,Cloudy,Over speed,3,0,1,Male,31,Yes,Yes,462569,12.57035992,76.99026927
TN-2023-01858,21-04-2023,Salem,Location_44,06:58,Car,Rural Road,Sunny,Drunk drive,4,3,0,Female,61,No,Yes,431708,11.509817,77.68432816
TN-2023-01859,08-09-2023,Madurai,Location_92,03:20,Two Wheeler,SH,Sunny,Reckless driving,1,2,0,Male,18,No,Yes,168930,11.91388594,79.05702852
TN-2023-01860,07-01-2023,Coimbatore,Location_37,08:53,Bus,Urban Street,Cloudy,Over speed,3,2,0,Male,44,No,Yes,416369,12.98881889,77.2884778
TN-2023-01861,25-03-2023,Chennai,Location_89,15:25,Auto Rickshaw,NH,Sunny,Brake failure,3,0,0,Male,41,No,Yes,497196,8.702340909,77.01114434
TN-2023-01862,27-07-2023,Tiruppur,Location_36,12:35,Car,NH,Cloudy,Brake failure,3,1,0,Male,19,Yes,Yes,194762,8.456708144,80.15007047
TN-2023-01863,10-11-2023,Coimbatore,Location_81,08:25,Lorry,Urban Street,Fog,Reckless driving,4,2,0,Male,29,No,Yes,322866,8.687916014,77.09934134
TN-2023-01864,22-01-2023,Erode,Location_88,20:17,Bus,Rural Road,Cloudy,Over speed,1,3,0,Male,30,Yes,Yes,173044,12.78539403,76.26675019
TN-2023-01865,03-01-2023,Vellore,Location_21,14:14,Car,Rural Road,Clear,Reckless driving,1,0,1,Female,44,Yes,Yes,224681,11.09613808,79.37989606
TN-2023-01866,07-05-2023,Madurai,Location_2,05:42,Two Wheeler,NH,Fog,Reckless driving,1,1,1,Male,37,Yes,No,206404,8.968359047,77.0947073
TN-2023-01867,24-10-2023,Thoothukudi,Location_31,07:28,Bus,SH,Sunny,Drunk drive,2,0,0,Male,64,No,Yes,89294,8.779416376,78.02582866
TN-2023-01868,07-07-2023,Thoothukudi,Location_97,20:16,Two Wheeler,SH,Sunny,Over speed,5,2,2,Male,54,No,Yes,260708,10.44982955,76.50200665
TN-2023-01869,28-12-2023,Coimbatore,Location_30,16:23,Lorry,NH,Fog,Poor road,1,3,0,Male,51,No,Yes,385354,12.48653731,76.3083201
TN-2023-01870,14-01-2023,Vellore,Location_76,17:35,Lorry,Urban Street,Clear,Reckless driving,2,2,0,Female,23,Yes,No,271924,12.42847196,78.07200552
TN-2023-01871,12-01-2023,Tiruppur,Location_44,14:33,Lorry,SH,Fog,Drunk drive,2,0,0,Male,25,Yes,No,267117,12.68189188,77.51689754
TN-2023-01872,28-03-2023,Salem,Location_12,01:41,Car,Urban Street,Rain,Drunk drive,3,3,0,Male,38,Yes,Yes,407088,12.22919603,78.27666352
TN-2023-01873,12-01-2023,Trichy,Location_51,02:29,Two Wheeler,Urban Street,Clear,Over speed,5,1,0,Male,56,Yes,Yes,396030,8.338908953,80.34602465
TN-2023-01874,25-01-2023,Tiruppur,Location_49,07:51,Two Wheeler,Urban Street,Fog,Weather,3,2,1,Male,38,Yes,Yes,240443,11.96091797,77.83324729
TN-2023-01875,28-10-2023,Salem,Location_24,06:11,Bus,Rural Road,Rain,Reckless driving,5,0,0,Female,62,No,Yes,380361,10.8542871,78.71195697
TN-2023-01876,31-08-2023,Trichy,Location_24,18:25,Auto Rickshaw,SH,Cloudy,Reckless driving,3,3,0,Male,23,No,Yes,268435,11.99526717,76.43917922
TN-2023-01877,02-05-2023,Vellore,Location_60,14:13,Bus,Rural Road,Clear,Over speed,4,0,2,Male,58,Yes,Yes,361622,10.66355507,79.98662922
TN-2023-01878,27-05-2023,Trichy,Location_11,15:58,Two Wheeler,SH,Cloudy,Weather,5,1,0,Male,61,No,No,450053,10.65946478,79.62637497
TN-2023-01879,24-02-2023,Tiruppur,Location_13,13:02,Truck,NH,Rain,Drunk drive,2,1,0,Male,47,Yes,Yes,277118,8.693740635,78.35083153
TN-2023-01880,26-08-2023,Erode,Location_91,17:28,Bicycle,Urban Street,Sunny,Brake failure,2,2,1,Female,27,Yes,Yes,425343,12.97873883,76.82519593
TN-2023-01881,22-12-2023,Coimbatore,Location_72,21:05,Two Wheeler,SH,Sunny,Reckless driving,5,1,1,Male,28,Yes,Yes,187543,10.06041966,77.91677464
TN-2023-01882,22-06-2023,Salem,Location_74,16:22,Car,SH,Sunny,Brake failure,3,1,2,Male,18,No,Yes,222346,11.20305751,77.33822798
TN-2023-01883,09-08-2023,Erode,Location_72,13:13,Lorry,NH,Cloudy,Reckless driving,4,2,0,Female,27,Yes,Yes,175906,9.139359465,80.4753254
TN-2023-01884,29-04-2023,Salem,Location_64,19:12,Bus,Rural Road,Clear,Over speed,4,0,0,Male,42,Yes,Yes,210037,10.02888894,78.2087723
TN-2023-01885,05-11-2023,Coimbatore,Location_20,02:44,Truck,SH,Cloudy,Reckless driving,1,2,0,Male,33,No,Yes,460062,12.78817583,77.90004897
TN-2023-01886,02-07-2023,Tirunelveli,Location_72,01:40,Two Wheeler,SH,Cloudy,Weather,5,2,0,Female,36,Yes,Yes,316200,9.152796509,76.76076242
TN-2023-01887,15-10-2023,Trichy,Location_73,12:39,Car,Rural Road,Sunny,Reckless driving,4,3,0,Male,27,No,Yes,447671,9.133580873,77.07599027
TN-2023-01888,03-11-2023,Vellore,Location_71,15:23,Bus,Rural Road,Cloudy,Over speed,3,1,1,Male,64,No,Yes,55778,9.432745106,79.20214471
TN-2023-01889,27-10-2023,Tirunelveli,Location_78,02:44,Auto Rickshaw,SH,Rain,Poor road,3,1,1,Male,31,Yes,Yes,21087,11.16063598,78.407092
TN-2023-01890,23-03-2023,Tirunelveli,Location_28,03:49,Auto Rickshaw,Rural Road,Fog,Over speed,2,0,0,Female,20,Yes,Yes,166206,10.86378522,77.61114091
TN-2023-01891,30-07-2023,Thoothukudi,Location_2,01:19,Truck,NH,Fog,Over speed,4,1,0,Male,21,Yes,Yes,301165,8.96427101,77.33656159
TN-2023-01892,30-05-2023,Chennai,Location_43,21:52,Car,NH,Fog,Over speed,4,0,0,Female,57,No,Yes,152098,11.80582961,76.90333111
TN-2023-01893,06-02-2023,Tiruppur,Location_8,14:48,Auto Rickshaw,Urban Street,Sunny,Over speed,3,3,0,Male,50,Yes,Yes,326838,12.99147016,76.15254052
TN-2023-01894,18-12-2023,Erode,Location_13,09:00,Two Wheeler,SH,Sunny,Weather,2,0,0,Male,37,Yes,Yes,407334,9.093558825,80.39717486
TN-2023-01895,08-11-2023,Erode,Location_85,05:34,Two Wheeler,NH,Fog,Reckless driving,4,0,0,Male,32,No,Yes,203606,11.70124604,79.38899658
TN-2023-01896,27-12-2023,Erode,Location_92,18:06,Two Wheeler,NH,Clear,Weather,3,3,0,Male,24,Yes,Yes,276778,11.22511525,80.17541867
TN-2023-01897,28-02-2023,Erode,Location_35,12:12,Lorry,NH,Fog,Weather,2,2,0,Male,61,Yes,Yes,91179,9.809164283,77.8564789
TN-2023-01898,11-05-2023,Tiruppur,Location_23,16:00,Bicycle,Urban Street,Cloudy,Poor road,2,3,0,Male,20,Yes,Yes,411423,11.3980684,79.91222238
TN-2023-01899,21-07-2023,Tirunelveli,Location_46,13:28,Two Wheeler,Rural Road,Fog,Poor road,3,1,0,Female,44,Yes,Yes,446488,9.154498885,77.15312465
TN-2023-01900,31-08-2023,Tiruppur,Location_15,02:45,Two Wheeler,Urban Street,Fog,Reckless driving,2,1,0,Male,54,Yes,Yes,234164,12.58675158,78.29425666
TN-2023-01901,04-02-2023,Erode,Location_2,00:47,Lorry,Urban Street,Clear,Reckless driving,2,3,0,Male,46,No,Yes,236777,8.122166476,76.91115748
TN-2023-01902,03-04-2023,Chennai,Location_61,09:12,Car,Urban Street,Sunny,Over speed,1,0,0,Female,43,No,Yes,351813,11.11884637,79.46651724
TN-2023-01903,26-07-2023,Madurai,Location_76,03:08,Truck,Urban Street,Sunny,Weather,2,3,0,Male,44,Yes,No,405512,9.753291,78.23920903
TN-2023-01904,19-12-2023,Coimbatore,Location_64,13:35,Two Wheeler,SH,Cloudy,Poor road,4,1,0,Male,42,Yes,Yes,458395,12.84748396,78.41322822
TN-2023-01905,28-11-2023,Erode,Location_52,09:39,Two Wheeler,SH,Fog,Brake failure,2,3,0,Male,57,No,Yes,255821,10.74651447,79.86754583
TN-2023-01906,01-11-2023,Vellore,Location_36,22:34,Car,NH,Rain,Over speed,4,0,0,Male,60,Yes,Yes,306764,12.41368422,79.32647838
TN-2023-01907,16-12-2023,Madurai,Location_67,22:06,Two Wheeler,Urban Street,Cloudy,Drunk drive,3,1,1,Male,47,Yes,Yes,328263,13.0810119,80.34819681
TN-2023-01908,01-08-2023,Tiruppur,Location_69,09:34,Two Wheeler,Urban Street,Sunny,Weather,2,2,0,Female,61,Yes,Yes,333540,9.838922533,77.824012
TN-2023-01909,08-06-2023,Vellore,Location_67,01:14,Two Wheeler,NH,Clear,Over speed,3,3,0,Male,37,Yes,Yes,485069,12.84188021,78.07654625
TN-2023-01910,24-01-2023,Vellore,Location_47,08:46,Two Wheeler,Rural Road,Sunny,Reckless driving,5,3,0,Male,24,No,Yes,231225,11.9945341,78.76902409
TN-2023-01911,20-10-2023,Salem,Location_83,16:38,Two Wheeler,SH,Sunny,Over speed,2,3,0,Male,46,Yes,Yes,309382,8.594959184,78.03990603
TN-2023-01912,04-01-2023,Vellore,Location_2,19:17,Truck,Urban Street,Clear,Drunk drive,3,3,0,Male,63,Yes,Yes,330172,8.571559718,77.88826921
TN-2023-01913,08-08-2023,Erode,Location_44,14:17,Two Wheeler,Rural Road,Fog,Reckless driving,5,1,1,Female,51,Yes,Yes,415080,12.49539965,77.53257284
TN-2023-01914,30-12-2023,Salem,Location_64,22:11,Two Wheeler,Rural Road,Fog,Brake failure,4,0,0,Male,43,Yes,Yes,444916,10.57573849,79.74347899
TN-2023-01915,20-01-2023,Thoothukudi,Location_81,22:20,Auto Rickshaw,Urban Street,Sunny,Poor road,4,2,1,Female,44,No,Yes,150829,10.72332649,78.40070214
TN-2023-01916,01-06-2023,Tirunelveli,Location_78,07:29,Bus,Urban Street,Cloudy,Poor road,4,3,0,Female,61,No,Yes,105275,12.90185596,78.73331408
TN-2023-01917,19-02-2023,Vellore,Location_28,01:01,Car,Rural Road,Rain,Drunk drive,4,1,0,Male,26,Yes,Yes,30436,12.97091835,76.9183399
TN-2023-01918,26-06-2023,Chennai,Location_91,04:30,Bus,SH,Cloudy,Drunk drive,4,3,0,Male,39,Yes,Yes,324595,8.619882916,77.13299416
TN-2023-01919,06-04-2023,Coimbatore,Location_54,00:53,Lorry,SH,Cloudy,Poor road,1,2,1,Male,29,No,Yes,207428,10.05506578,77.52906944
TN-2023-01920,15-04-2023,Vellore,Location_74,03:05,Auto Rickshaw,Urban Street,Sunny,Brake failure,3,3,0,Male,23,No,Yes,385745,12.92374723,78.09416039
TN-2023-01921,07-09-2023,Thoothukudi,Location_67,22:44,Car,Urban Street,Sunny,Brake failure,5,0,0,Male,23,Yes,No,67431,12.50919892,76.19767287
TN-2023-01922,27-04-2023,Trichy,Location_36,18:42,Auto Rickshaw,NH,Rain,Over speed,5,3,0,Female,44,No,Yes,151712,11.96554852,79.99776113
TN-2023-01923,20-12-2023,Tiruppur,Location_63,12:07,Car,NH,Rain,Drunk drive,2,3,0,Male,36,Yes,No,113507,8.560819621,80.06670515
TN-2023-01924,16-08-2023,Tiruppur,Location_25,06:12,Two Wheeler,SH,Rain,Drunk drive,3,3,0,Male,23,No,Yes,457636,11.41657011,78.97755964
TN-2023-01925,07-03-2023,Thoothukudi,Location_86,00:05,Auto Rickshaw,NH,Sunny,Drunk drive,1,0,1,Male,34,Yes,Yes,72698,11.20018271,77.42223775
TN-2023-01926,01-12-2023,Trichy,Location_48,06:47,Car,Rural Road,Sunny,Reckless driving,1,1,0,Male,46,No,Yes,185770,8.919418836,77.73393237
TN-2023-01927,19-09-2023,Tiruppur,Location_39,14:51,Auto Rickshaw,Rural Road,Cloudy,Poor road,3,0,0,Male,40,Yes,No,409270,12.25622334,79.30322949
TN-2023-01928,22-10-2023,Tiruppur,Location_47,01:57,Two Wheeler,Rural Road,Sunny,Poor road,4,1,0,Male,34,Yes,Yes,162624,9.715873417,77.28830952
TN-2023-01929,31-08-2023,Tiruppur,Location_94,22:47,Two Wheeler,Rural Road,Fog,Poor road,4,0,0,Male,38,Yes,Yes,290343,11.41344148,78.7401311
TN-2023-01930,05-07-2023,Thoothukudi,Location_21,16:23,Truck,Urban Street,Fog,Brake failure,3,0,0,Male,27,Yes,Yes,302598,9.990095172,80.07821985
TN-2023-01931,03-09-2023,Tirunelveli,Location_30,14:34,Two Wheeler,Rural Road,Rain,Poor road,5,3,0,Male,60,Yes,Yes,58037,8.464173672,77.84701524
TN-2023-01932,05-05-2023,Coimbatore,Location_92,03:43,Truck,SH,Sunny,Over speed,4,0,0,Male,25,Yes,No,61867,10.88637191,78.64171944
TN-2023-01933,25-09-2023,Thoothukudi,Location_31,04:16,Truck,NH,Fog,Reckless driving,2,1,0,Male,31,No,Yes,318414,9.686537246,80.17865404
TN-2023-01934,11-05-2023,Trichy,Location_26,05:09,Auto Rickshaw,SH,Cloudy,Poor road,1,1,0,Female,48,No,Yes,275729,8.392221518,77.53261705
TN-2023-01935,25-08-2023,Vellore,Location_22,21:49,Car,Urban Street,Clear,Reckless driving,4,1,2,Male,35,No,Yes,31413,9.091799039,79.41837885
TN-2023-01936,18-01-2023,Tirunelveli,Location_21,09:05,Car,NH,Cloudy,Reckless driving,5,1,1,Male,64,No,Yes,48616,11.40370673,79.39804835
TN-2023-01937,09-02-2023,Tirunelveli,Location_1,05:51,Auto Rickshaw,NH,Clear,Brake failure,4,0,0,Male,47,Yes,Yes,402849,8.557600997,80.17822837
TN-2023-01938,21-01-2023,Vellore,Location_37,14:03,Lorry,NH,Cloudy,Drunk drive,4,3,0,Male,35,No,No,51255,8.481064876,79.86365194
TN-2023-01939,13-08-2023,Chennai,Location_77,15:53,Car,Rural Road,Fog,Reckless driving,1,2,0,Male,42,No,Yes,185399,13.19211863,79.36972683
TN-2023-01940,21-12-2023,Salem,Location_85,07:06,Bicycle,Urban Street,Sunny,Over speed,2,1,0,Male,54,Yes,Yes,42533,8.591378585,78.86431943
TN-2023-01941,09-10-2023,Coimbatore,Location_46,18:57,Bus,SH,Clear,Brake failure,2,0,0,Male,42,Yes,Yes,402535,10.06832851,77.08534731
TN-2023-01942,08-01-2023,Coimbatore,Location_9,16:52,Truck,Rural Road,Sunny,Weather,5,3,0,Male,47,Yes,No,397416,8.733759898,79.01791903
TN-2023-01943,10-04-2023,Chennai,Location_17,12:46,Two Wheeler,NH,Sunny,Reckless driving,3,0,0,Female,47,No,Yes,368973,13.16598001,77.2439956
TN-2023-01944,28-08-2023,Salem,Location_47,01:27,Two Wheeler,SH,Fog,Reckless driving,3,1,2,Male,53,Yes,Yes,103787,10.6463877,77.98008822
TN-2023-01945,28-03-2023,Coimbatore,Location_85,09:12,Car,SH,Rain,Drunk drive,3,1,0,Female,28,Yes,No,207945,8.611155832,79.19364387
TN-2023-01946,25-10-2023,Trichy,Location_95,17:29,Two Wheeler,SH,Rain,Poor road,5,3,0,Male,56,Yes,Yes,230404,12.22849043,79.03702411
TN-2023-01947,14-01-2023,Madurai,Location_59,22:10,Lorry,Urban Street,Clear,Brake failure,4,0,1,Male,44,Yes,Yes,230798,12.29432623,77.80539592
TN-2023-01948,30-11-2023,Madurai,Location_54,12:50,Two Wheeler,Rural Road,Fog,Weather,2,1,1,Male,33,No,Yes,79039,12.95659705,76.82204059
TN-2023-01949,02-01-2023,Coimbatore,Location_86,21:04,Truck,Urban Street,Sunny,Brake failure,2,1,0,Male,55,No,Yes,403621,11.88110463,78.17864104
TN-2023-01950,20-10-2023,Erode,Location_12,02:18,Two Wheeler,NH,Cloudy,Poor road,4,2,0,Male,49,Yes,No,168565,8.300939506,77.21487814
TN-2023-01951,21-11-2023,Coimbatore,Location_64,22:12,Two Wheeler,NH,Cloudy,Brake failure,2,2,0,Female,46,Yes,Yes,484961,11.02671351,77.14945515
TN-2023-01952,10-02-2023,Vellore,Location_6,04:43,Two Wheeler,SH,Clear,Weather,2,1,0,Male,27,Yes,Yes,206944,10.11221922,77.47057113
TN-2023-01953,14-11-2023,Vellore,Location_53,13:37,Car,SH,Clear,Brake failure,3,2,0,Male,47,Yes,Yes,84264,12.11719578,79.17806991
TN-2023-01954,12-11-2023,Salem,Location_16,21:08,Two Wheeler,SH,Clear,Over speed,3,2,0,Male,28,Yes,Yes,423985,11.25010955,78.23778624
TN-2023-01955,21-04-2023,Tiruppur,Location_90,16:39,Two Wheeler,Urban Street,Fog,Over speed,1,1,1,Male,32,No,Yes,300429,11.98860286,77.6792694
TN-2023-01956,14-01-2023,Tirunelveli,Location_5,12:04,Bus,Rural Road,Cloudy,Poor road,1,0,0,Female,61,Yes,Yes,242831,8.992441548,80.05267666
TN-2023-01957,19-08-2023,Trichy,Location_73,21:21,Two Wheeler,Urban Street,Fog,Weather,2,0,0,Male,40,Yes,Yes,370384,10.40389047,79.18051303
TN-2023-01958,25-03-2023,Chennai,Location_46,16:02,Two Wheeler,NH,Fog,Weather,3,0,0,Male,40,Yes,Yes,492039,10.3765738,78.22593772
TN-2023-01959,10-05-2023,Coimbatore,Location_14,05:13,Lorry,SH,Sunny,Weather,1,3,0,Female,24,Yes,Yes,99794,13.39536036,77.89579763
TN-2023-01960,19-08-2023,Tiruppur,Location_44,14:13,Two Wheeler,SH,Fog,Weather,1,0,0,Male,31,Yes,Yes,177247,8.105105895,79.68503574
TN-2023-01961,22-11-2023,Tiruppur,Location_63,10:10,Two Wheeler,Urban Street,Fog,Weather,3,3,0,Male,26,No,Yes,371917,12.48823618,76.77816022
TN-2023-01962,25-05-2023,Trichy,Location_94,08:37,Two Wheeler,NH,Sunny,Drunk drive,1,3,1,Male,45,Yes,Yes,138671,8.534114036,78.98869266
TN-2023-01963,11-12-2023,Chennai,Location_52,14:43,Two Wheeler,Rural Road,Rain,Brake failure,4,2,1,Male,23,No,Yes,294463,8.442079307,76.09456885
TN-2023-01964,28-01-2023,Vellore,Location_26,05:00,Bus,SH,Sunny,Reckless driving,4,3,0,Male,60,No,Yes,288215,9.804970712,76.03132321
TN-2023-01965,07-03-2023,Thoothukudi,Location_53,15:51,Two Wheeler,SH,Clear,Weather,3,3,1,Male,62,No,Yes,47768,11.85421792,80.19302662
TN-2023-01966,12-06-2023,Trichy,Location_29,14:33,Auto Rickshaw,NH,Rain,Reckless driving,3,3,0,Male,39,Yes,Yes,248590,11.73145478,78.3129486
TN-2023-01967,17-08-2023,Tiruppur,Location_19,16:02,Auto Rickshaw,SH,Cloudy,Over speed,1,3,0,Male,35,Yes,Yes,223919,11.45334354,77.41802842
TN-2023-01968,18-09-2023,Madurai,Location_47,02:36,Two Wheeler,Rural Road,Fog,Reckless driving,2,2,0,Female,61,Yes,Yes,38895,12.26003106,79.57613292
TN-2023-01969,13-06-2023,Coimbatore,Location_8,16:54,Bicycle,Urban Street,Rain,Reckless driving,5,1,0,Male,55,Yes,Yes,15747,9.278079293,80.43172603
TN-2023-01970,28-10-2023,Salem,Location_23,16:51,Two Wheeler,NH,Cloudy,Brake failure,4,3,1,Female,39,Yes,Yes,23745,11.48614445,76.15486206
TN-2023-01971,30-10-2023,Madurai,Location_35,05:00,Two Wheeler,SH,Sunny,Reckless driving,4,1,0,Male,26,Yes,Yes,293701,11.5092065,76.17082312
TN-2023-01972,14-10-2023,Tiruppur,Location_95,06:25,Two Wheeler,SH,Sunny,Poor road,3,0,0,Female,35,Yes,Yes,480482,11.59884532,79.84651924
TN-2023-01973,10-01-2023,Tirunelveli,Location_53,14:38,Two Wheeler,Rural Road,Clear,Poor road,2,0,0,Male,38,No,Yes,159569,11.26949499,78.5052166
TN-2023-01974,14-07-2023,Erode,Location_99,18:51,Car,Urban Street,Clear,Weather,3,1,0,Male,32,Yes,Yes,306877,9.218375911,79.97233784
TN-2023-01975,28-04-2023,Chennai,Location_96,21:29,Two Wheeler,Rural Road,Rain,Drunk drive,1,1,0,Male,26,Yes,No,281488,13.02864394,79.12589385
TN-2023-01976,27-09-2023,Vellore,Location_58,10:54,Auto Rickshaw,Urban Street,Fog,Drunk drive,2,0,0,Male,59,Yes,Yes,470714,13.36802546,78.11763543
TN-2023-01977,21-03-2023,Coimbatore,Location_5,13:12,Bus,Rural Road,Sunny,Brake failure,1,2,0,Male,19,Yes,Yes,161297,11.79052692,76.72605666
TN-2023-01978,03-04-2023,Salem,Location_16,19:25,Two Wheeler,Urban Street,Rain,Drunk drive,4,2,1,Male,31,Yes,Yes,67000,10.44243845,77.75437516
TN-2023-01979,23-09-2023,Thoothukudi,Location_17,08:40,Bus,SH,Rain,Reckless driving,3,3,1,Male,38,Yes,Yes,491045,10.95454926,79.54215292
TN-2023-01980,28-11-2023,Vellore,Location_32,15:11,Truck,SH,Rain,Poor road,3,2,0,Male,60,Yes,Yes,144528,8.596043349,77.05262897
TN-2023-01981,16-12-2023,Coimbatore,Location_96,09:05,Two Wheeler,SH,Clear,Weather,5,2,0,Male,62,No,Yes,147509,9.99867744,79.20564922
TN-2023-01982,27-12-2023,Thoothukudi,Location_52,17:33,Two Wheeler,NH,Sunny,Over speed,2,3,1,Male,51,No,Yes,251137,13.36873895,77.11305061
TN-2023-01983,14-09-2023,Salem,Location_20,19:40,Car,Urban Street,Clear,Reckless driving,4,3,0,Male,24,No,Yes,450309,11.01247244,78.0859047
TN-2023-01984,13-05-2023,Tiruppur,Location_66,18:05,Car,NH,Clear,Poor road,5,2,0,Male,32,No,Yes,110241,11.08345149,76.38444402
TN-2023-01985,03-10-2023,Erode,Location_84,01:14,Car,Urban Street,Rain,Poor road,5,1,0,Female,56,No,No,197191,13.24688928,78.04749306
TN-2023-01986,21-09-2023,Madurai,Location_82,16:15,Two Wheeler,SH,Cloudy,Brake failure,3,3,0,Male,29,Yes,Yes,257065,12.87494799,78.75716145
TN-2023-01987,20-06-2023,Madurai,Location_1,20:07,Bus,NH,Cloudy,Reckless driving,2,1,0,Male,24,Yes,Yes,270954,11.12794008,78.53493119
TN-2023-01988,01-01-2023,Tiruppur,Location_58,09:09,Car,NH,Cloudy,Drunk drive,3,0,1,Male,22,Yes,Yes,376839,9.479449669,77.82909931
TN-2023-01989,09-11-2023,Vellore,Location_93,17:09,Car,Rural Road,Rain,Over speed,2,3,0,Male,64,No,Yes,170914,8.643122784,77.66362874
TN-2023-01990,05-03-2023,Tiruppur,Location_93,08:27,Two Wheeler,Urban Street,Fog,Over speed,5,1,0,Female,56,No,Yes,180187,12.75008284,77.23929441
TN-2023-01991,11-10-2023,Tiruppur,Location_83,18:32,Car,Rural Road,Sunny,Drunk drive,1,3,0,Male,40,Yes,Yes,243807,13.06050334,79.4519683
TN-2023-01992,01-05-2023,Coimbatore,Location_44,03:55,Two Wheeler,NH,Rain,Weather,4,3,0,Female,45,No,No,97058,10.71856707,79.52187144
TN-2023-01993,17-04-2023,Coimbatore,Location_6,02:41,Car,NH,Rain,Drunk drive,5,3,0,Male,51,Yes,Yes,395312,8.520017114,78.17362397
TN-2023-01994,24-06-2023,Salem,Location_50,11:17,Auto Rickshaw,SH,Clear,Weather,3,3,0,Male,42,Yes,Yes,451034,11.33423602,77.72152794
TN-2023-01995,23-07-2023,Erode,Location_72,22:19,Car,Rural Road,Cloudy,Over speed,4,1,0,Male,19,Yes,Yes,450745,10.02103769,78.86840338
TN-2023-01996,14-06-2023,Coimbatore,Location_88,05:52,Two Wheeler,Rural Road,Rain,Reckless driving,5,1,0,Male,26,Yes,Yes,88754,8.868233634,78.50979545
TN-2023-01997,01-11-2023,Salem,Location_20,01:41,Two Wheeler,Rural Road,Fog,Brake failure,2,1,0,Male,51,Yes,Yes,147376,13.05528864,79.0026496
TN-2023-01998,30-04-2023,Tirunelveli,Location_14,01:29,Lorry,Urban Street,Sunny,Poor road,3,0,2,Male,63,Yes,Yes,390895,9.316969786,77.37706989
TN-2023-01999,13-02-2023,Tiruppur,Location_5,08:26,Lorry,NH,Fog,Reckless driving,5,3,0,Male,64,Yes,Yes,359321,11.91138834,79.54757302
TN-2023-02000,08-11-2023,Tiruppur,Location_41,09:33,Car,Rural Road,Rain,Over speed,2,3,0,Male,49,Yes,No,228420,10.36157823,77.42534265
TN-2023-02001,05-06-2023,Vellore,Location_40,07:23,Two Wheeler,SH,Rain,Over speed,2,1,0,Male,29,No,Yes,486479,12.55356477,77.88425472
TN-2023-02002,26-07-2023,Tirunelveli,Location_34,16:16,Car,NH,Clear,Over speed,2,1,0,Male,36,Yes,Yes,413931,11.85459197,76.59590228
TN-2023-02003,18-04-2023,Vellore,Location_80,03:49,Car,SH,Fog,Poor road,4,3,0,Female,64,Yes,No,167277,8.677380163,79.84916195
TN-2023-02004,08-09-2023,Thoothukudi,Location_45,11:30,Bicycle,NH,Clear,Weather,3,3,0,Male,55,No,Yes,339900,10.47286454,78.89923186
TN-2023-02005,30-11-2023,Salem,Location_71,16:08,Car,SH,Fog,Brake failure,2,0,0,Female,27,Yes,Yes,484311,9.428837054,77.05879176
TN-2023-02006,10-05-2023,Salem,Location_80,18:45,Bus,Rural Road,Cloudy,Reckless driving,5,3,1,Male,27,Yes,Yes,262332,11.92471459,79.83273124
TN-2023-02007,20-10-2023,Tiruppur,Location_71,13:16,Car,Rural Road,Cloudy,Reckless driving,2,1,0,Male,52,Yes,No,407700,10.99578855,79.17156854
TN-2023-02008,20-01-2023,Trichy,Location_27,01:39,Two Wheeler,SH,Fog,Brake failure,3,0,0,Male,58,Yes,Yes,206497,9.870996698,77.98981115
TN-2023-02009,09-10-2023,Thoothukudi,Location_78,04:58,Lorry,Urban Street,Clear,Brake failure,4,2,0,Female,54,No,Yes,31223,9.812030808,80.45429274
TN-2023-02010,12-10-2023,Salem,Location_78,06:53,Car,SH,Cloudy,Weather,2,2,0,Male,49,Yes,Yes,145889,8.629678461,77.51744388
TN-2023-02011,01-01-2023,Coimbatore,Location_44,15:15,Bicycle,NH,Rain,Reckless driving,5,3,0,Male,24,Yes,Yes,322495,9.176020084,76.44797305
TN-2023-02012,29-04-2023,Tiruppur,Location_33,16:53,Car,SH,Sunny,Drunk drive,3,1,1,Male,27,Yes,Yes,164572,11.92406436,79.30056572
TN-2023-02013,04-02-2023,Vellore,Location_33,06:51,Two Wheeler,SH,Clear,Drunk drive,2,3,0,Male,60,No,Yes,144452,11.35447464,79.40672068
TN-2023-02014,17-07-2023,Tirunelveli,Location_44,07:07,Bus,NH,Fog,Brake failure,4,1,0,Male,55,Yes,Yes,242043,9.955777703,76.26534298
TN-2023-02015,02-09-2023,Vellore,Location_20,22:31,Two Wheeler,Rural Road,Sunny,Over speed,1,1,0,Male,44,No,Yes,336185,12.59863583,79.68738605
TN-2023-02016,28-02-2023,Madurai,Location_36,10:46,Two Wheeler,NH,Sunny,Over speed,5,1,0,Female,49,Yes,Yes,466972,10.66427068,79.49173681
TN-2023-02017,21-11-2023,Trichy,Location_7,17:37,Two Wheeler,SH,Rain,Poor road,2,2,0,Male,24,Yes,Yes,478351,12.36938785,80.18318367
TN-2023-02018,10-06-2023,Salem,Location_32,21:11,Bus,NH,Clear,Drunk drive,2,3,0,Male,43,No,No,452200,12.29649083,76.53347105
TN-2023-02019,28-06-2023,Erode,Location_67,14:27,Car,SH,Sunny,Over speed,1,3,0,Male,39,Yes,Yes,216909,12.66399423,78.70364301
TN-2023-02020,25-07-2023,Chennai,Location_39,22:37,Two Wheeler,Rural Road,Clear,Brake failure,3,2,0,Male,29,Yes,Yes,284231,12.67374439,76.98740144
TN-2023-02021,12-01-2023,Trichy,Location_93,17:55,Car,SH,Rain,Poor road,1,1,0,Female,41,Yes,Yes,414009,11.73484429,77.79748879
TN-2023-02022,03-10-2023,Tiruppur,Location_24,19:08,Two Wheeler,SH,Fog,Drunk drive,3,0,0,Male,63,No,No,14601,12.12182921,77.19290873
TN-2023-02023,30-06-2023,Salem,Location_86,07:45,Auto Rickshaw,Rural Road,Sunny,Poor road,2,0,0,Male,46,Yes,Yes,464591,12.27298958,78.02183966
TN-2023-02024,30-08-2023,Tirunelveli,Location_70,18:50,Car,NH,Sunny,Over speed,1,2,0,Female,49,Yes,Yes,114125,8.930376701,76.50794348
TN-2023-02025,04-08-2023,Salem,Location_88,07:33,Bus,Urban Street,Sunny,Brake failure,2,0,0,Male,33,Yes,Yes,155021,9.651346556,77.36581979
TN-2023-02026,08-09-2023,Chennai,Location_87,03:30,Two Wheeler,Urban Street,Clear,Brake failure,1,1,1,Male,43,No,Yes,71069,8.57331856,76.31913428
TN-2023-02027,26-10-2023,Tirunelveli,Location_54,05:02,Lorry,SH,Sunny,Brake failure,2,1,0,Male,23,Yes,Yes,410976,9.041542493,78.21324395
TN-2023-02028,06-05-2023,Vellore,Location_38,02:18,Bus,SH,Clear,Over speed,2,3,0,Male,18,Yes,Yes,315957,12.28057989,77.33507444
TN-2023-02029,05-08-2023,Tirunelveli,Location_74,10:28,Auto Rickshaw,Rural Road,Cloudy,Weather,2,1,0,Male,30,Yes,Yes,443878,13.20910739,78.65638848
TN-2023-02030,02-11-2023,Trichy,Location_80,09:11,Two Wheeler,NH,Cloudy,Reckless driving,4,1,0,Male,55,No,Yes,364100,11.70499507,78.05400782
TN-2023-02031,12-10-2023,Vellore,Location_75,13:29,Two Wheeler,Urban Street,Clear,Reckless driving,1,1,0,Male,23,No,Yes,84778,12.87326239,77.0973389
TN-2023-02032,04-07-2023,Salem,Location_32,17:23,Bus,Urban Street,Cloudy,Brake failure,4,0,0,Male,55,Yes,Yes,244601,9.748871751,76.46323098
TN-2023-02033,08-02-2023,Tiruppur,Location_45,08:46,Two Wheeler,Rural Road,Rain,Reckless driving,2,0,0,Female,29,Yes,Yes,6341,12.65187569,79.3899251
TN-2023-02034,11-08-2023,Thoothukudi,Location_61,02:22,Two Wheeler,Rural Road,Rain,Weather,5,2,0,Male,26,No,Yes,458188,9.863322647,78.84909649
TN-2023-02035,03-07-2023,Tiruppur,Location_70,10:09,Truck,Urban Street,Cloudy,Brake failure,3,2,0,Male,37,No,Yes,235997,12.91791699,76.14818498
TN-2023-02036,27-06-2023,Salem,Location_88,17:35,Two Wheeler,NH,Fog,Weather,1,0,0,Male,56,No,Yes,425408,12.38925211,80.45214502
TN-2023-02037,21-10-2023,Chennai,Location_97,12:28,Bicycle,NH,Clear,Drunk drive,1,3,0,Male,44,Yes,No,221687,13.40978452,78.89120624
TN-2023-02038,06-12-2023,Thoothukudi,Location_53,05:58,Two Wheeler,NH,Cloudy,Reckless driving,3,3,0,Female,20,Yes,Yes,224800,12.54999991,76.93231354
TN-2023-02039,31-05-2023,Salem,Location_51,20:12,Bus,SH,Clear,Drunk drive,4,0,0,Female,41,Yes,Yes,401753,10.19015312,79.78223593
TN-2023-02040,06-05-2023,Erode,Location_76,19:04,Car,NH,Cloudy,Brake failure,3,2,0,Male,32,Yes,Yes,223952,8.605438791,79.96945325
TN-2023-02041,28-10-2023,Trichy,Location_56,19:13,Car,SH,Rain,Poor road,5,3,0,Male,51,No,Yes,130080,12.80850205,78.58158429
TN-2023-02042,04-11-2023,Erode,Location_27,12:13,Truck,SH,Fog,Poor road,2,1,0,Male,49,Yes,No,28413,11.14155035,79.98507489
TN-2023-02043,02-12-2023,Vellore,Location_38,07:47,Two Wheeler,Rural Road,Clear,Over speed,3,3,0,Male,38,No,Yes,300584,12.71977852,76.13127294
TN-2023-02044,22-08-2023,Madurai,Location_62,12:23,Auto Rickshaw,SH,Fog,Drunk drive,3,3,0,Female,18,Yes,Yes,218354,10.12920903,80.2532502
TN-2023-02045,08-01-2023,Salem,Location_18,14:50,Bus,SH,Rain,Drunk drive,2,3,0,Male,50,Yes,Yes,401295,8.159220784,76.25741626
TN-2023-02046,07-12-2023,Coimbatore,Location_64,00:21,Two Wheeler,Rural Road,Sunny,Poor road,1,2,1,Female,28,Yes,Yes,170223,8.28829123,78.89075529
TN-2023-02047,09-05-2023,Coimbatore,Location_77,01:49,Auto Rickshaw,NH,Sunny,Brake failure,5,2,2,Female,20,Yes,Yes,455167,11.68774164,77.55652587
TN-2023-02048,21-09-2023,Tirunelveli,Location_30,18:39,Two Wheeler,NH,Clear,Over speed,3,0,0,Male,39,No,Yes,390164,8.629544141,76.17690558
TN-2023-02049,06-06-2023,Tiruppur,Location_49,02:54,Lorry,Urban Street,Rain,Drunk drive,3,3,2,Male,27,Yes,Yes,453828,12.10004098,80.18179738
TN-2023-02050,18-12-2023,Tiruppur,Location_41,13:57,Two Wheeler,Urban Street,Clear,Over speed,1,2,0,Male,61,No,Yes,429327,10.30693434,76.60910947
TN-2023-02051,24-12-2023,Tiruppur,Location_13,08:07,Auto Rickshaw,SH,Clear,Drunk drive,5,2,0,Male,55,Yes,Yes,40055,11.09709355,79.84184884
TN-2023-02052,05-01-2023,Erode,Location_34,16:54,Car,Urban Street,Clear,Weather,2,0,0,Male,41,Yes,Yes,116097,12.40667357,77.48655254
TN-2023-02053,27-03-2023,Trichy,Location_94,22:55,Two Wheeler,Rural Road,Fog,Weather,2,1,0,Male,24,Yes,Yes,71164,9.391892944,79.33523801
TN-2023-02054,24-06-2023,Salem,Location_25,15:41,Car,Urban Street,Cloudy,Over speed,4,1,0,Male,53,No,Yes,104953,10.27096402,77.14399355
TN-2023-02055,17-10-2023,Chennai,Location_66,20:09,Two Wheeler,Urban Street,Rain,Poor road,5,3,0,Male,18,No,Yes,261872,12.01256524,78.62545272
TN-2023-02056,12-07-2023,Tirunelveli,Location_18,05:21,Two Wheeler,SH,Fog,Poor road,5,1,0,Male,18,No,Yes,99234,13.05135266,79.59799213
TN-2023-02057,07-11-2023,Vellore,Location_5,16:47,Two Wheeler,Rural Road,Cloudy,Drunk drive,3,0,0,Female,43,Yes,Yes,405693,9.596648688,78.54780924
TN-2023-02058,29-04-2023,Thoothukudi,Location_19,14:53,Two Wheeler,Urban Street,Clear,Reckless driving,4,2,0,Male,34,Yes,Yes,298762,11.42497619,77.37948654
TN-2023-02059,06-08-2023,Vellore,Location_42,13:03,Two Wheeler,NH,Sunny,Weather,2,1,0,Male,28,Yes,Yes,331432,13.23167677,77.0504608
TN-2023-02060,24-04-2023,Salem,Location_18,03:29,Car,Rural Road,Fog,Weather,5,3,0,Male,20,No,Yes,299622,11.56868704,76.78662519
TN-2023-02061,25-05-2023,Madurai,Location_32,01:28,Car,Rural Road,Rain,Over speed,5,3,0,Female,27,Yes,Yes,291875,12.91034007,79.77465635
TN-2023-02062,26-01-2023,Tiruppur,Location_21,10:35,Car,SH,Rain,Reckless driving,1,2,0,Male,19,No,Yes,222300,13.16851418,78.74924181
TN-2023-02063,16-05-2023,Thoothukudi,Location_10,20:20,Two Wheeler,Rural Road,Cloudy,Over speed,2,3,0,Male,49,Yes,Yes,359483,13.11138442,78.28905066
TN-2023-02064,30-10-2023,Erode,Location_37,15:20,Bus,Rural Road,Fog,Poor road,1,0,1,Male,33,Yes,Yes,40612,12.17162396,77.12311308
TN-2023-02065,20-08-2023,Salem,Location_49,03:00,Bus,Rural Road,Clear,Poor road,4,1,0,Female,43,No,Yes,310244,11.03652517,77.95188962
TN-2023-02066,17-03-2023,Madurai,Location_86,18:01,Two Wheeler,Rural Road,Cloudy,Reckless driving,5,3,0,Female,57,Yes,Yes,41028,8.532140608,78.79028264
TN-2023-02067,24-11-2023,Erode,Location_13,08:54,Auto Rickshaw,Rural Road,Rain,Reckless driving,4,1,0,Female,56,Yes,Yes,335995,9.224883773,76.32346744
TN-2023-02068,11-12-2023,Madurai,Location_55,12:17,Car,Rural Road,Fog,Poor road,1,2,0,Male,27,No,Yes,102084,9.406719196,77.62321721
TN-2023-02069,29-10-2023,Tiruppur,Location_17,15:47,Bus,Rural Road,Sunny,Brake failure,2,1,0,Male,53,Yes,Yes,99869,8.182927651,77.07776643
TN-2023-02070,16-10-2023,Erode,Location_9,09:40,Two Wheeler,NH,Clear,Weather,5,0,0,Male,47,Yes,Yes,139855,8.560578578,78.90931708
TN-2023-02071,01-01-2023,Trichy,Location_88,10:24,Two Wheeler,Rural Road,Rain,Weather,2,2,0,Male,26,No,Yes,115392,9.621161841,78.72821054
TN-2023-02072,27-05-2023,Coimbatore,Location_44,03:41,Auto Rickshaw,SH,Fog,Over speed,4,3,0,Male,22,No,Yes,357300,8.499075182,77.34736973
TN-2023-02073,14-10-2023,Vellore,Location_78,02:37,Lorry,NH,Sunny,Weather,3,2,1,Male,24,No,Yes,349656,8.932442543,76.18733825
TN-2023-02074,22-05-2023,Trichy,Location_46,02:58,Two Wheeler,Rural Road,Rain,Over speed,2,1,0,Male,53,Yes,Yes,28254,8.299296786,76.82265738
TN-2023-02075,22-02-2023,Thoothukudi,Location_8,08:34,Two Wheeler,Urban Street,Sunny,Reckless driving,2,1,0,Female,18,No,Yes,64110,10.29092957,76.72027934
TN-2023-02076,31-10-2023,Tirunelveli,Location_37,17:39,Bus,SH,Rain,Reckless driving,2,1,0,Male,44,Yes,Yes,263589,12.5173001,78.55777451
TN-2023-02077,10-03-2023,Coimbatore,Location_19,21:07,Bus,NH,Cloudy,Brake failure,5,1,0,Male,29,No,Yes,334678,12.46734114,76.76181155
TN-2023-02078,27-12-2023,Trichy,Location_63,14:44,Auto Rickshaw,SH,Cloudy,Reckless driving,4,2,0,Male,33,Yes,Yes,123925,12.97689736,78.17050459
TN-2023-02079,31-03-2023,Salem,Location_92,06:18,Two Wheeler,NH,Cloudy,Poor road,4,2,0,Male,25,Yes,Yes,61024,12.10079726,78.76537977
TN-2023-02080,08-08-2023,Madurai,Location_46,07:41,Two Wheeler,Urban Street,Fog,Brake failure,5,1,1,Male,42,No,Yes,227543,9.344430762,79.95804512
TN-2023-02081,11-07-2023,Thoothukudi,Location_94,16:00,Two Wheeler,SH,Cloudy,Poor road,2,3,0,Male,30,No,Yes,434040,11.86314443,77.10262403
TN-2023-02082,04-03-2023,Salem,Location_71,12:28,Two Wheeler,SH,Fog,Poor road,2,2,1,Male,58,Yes,No,342839,12.14602043,76.83660821
TN-2023-02083,14-03-2023,Coimbatore,Location_26,12:55,Two Wheeler,NH,Clear,Over speed,3,0,1,Male,27,Yes,Yes,485401,10.98709148,76.77964225
TN-2023-02084,10-06-2023,Madurai,Location_46,15:28,Auto Rickshaw,NH,Cloudy,Poor road,2,2,0,Male,57,No,Yes,180775,12.43855828,77.62193189
TN-2023-02085,18-06-2023,Thoothukudi,Location_46,08:41,Car,Urban Street,Fog,Brake failure,1,0,1,Male,50,Yes,Yes,345845,8.391962134,78.92131549
TN-2023-02086,30-03-2023,Tirunelveli,Location_75,05:04,Auto Rickshaw,Rural Road,Rain,Drunk drive,2,3,0,Male,52,Yes,Yes,63533,11.27129323,79.02338089
TN-2023-02087,25-06-2023,Coimbatore,Location_14,01:10,Two Wheeler,NH,Fog,Reckless driving,3,0,0,Male,54,Yes,Yes,374267,10.63941359,76.94932855
TN-2023-02088,26-09-2023,Thoothukudi,Location_85,08:37,Two Wheeler,NH,Fog,Over speed,1,0,0,Male,56,Yes,Yes,426940,12.42866498,76.59055053
TN-2023-02089,14-03-2023,Trichy,Location_63,07:40,Two Wheeler,NH,Rain,Reckless driving,3,3,0,Male,45,Yes,Yes,447510,8.703783276,78.0190507
TN-2023-02090,02-09-2023,Thoothukudi,Location_72,08:07,Two Wheeler,Urban Street,Fog,Poor road,3,1,0,Male,33,No,Yes,258860,9.169431872,76.63536077
TN-2023-02091,18-03-2023,Coimbatore,Location_3,11:57,Lorry,Rural Road,Rain,Poor road,4,2,0,Male,25,Yes,Yes,66305,11.0728058,79.65814335
TN-2023-02092,08-06-2023,Tiruppur,Location_28,07:02,Two Wheeler,Rural Road,Sunny,Weather,5,3,0,Male,50,Yes,Yes,424632,13.20962927,76.37746651
TN-2023-02093,20-11-2023,Trichy,Location_29,12:18,Two Wheeler,Urban Street,Cloudy,Over speed,3,0,0,Female,52,Yes,Yes,129960,8.457599462,79.38441995
TN-2023-02094,08-04-2023,Salem,Location_87,01:31,Two Wheeler,Rural Road,Clear,Over speed,2,1,0,Male,55,Yes,Yes,377492,12.08857363,76.19191562
TN-2023-02095,12-04-2023,Coimbatore,Location_18,16:15,Two Wheeler,SH,Fog,Brake failure,4,2,0,Male,29,Yes,Yes,426574,9.129695611,79.63142852
TN-2023-02096,12-05-2023,Tiruppur,Location_35,03:17,Lorry,Urban Street,Rain,Drunk drive,1,3,0,Male,32,No,Yes,175687,8.579968774,78.82218254
TN-2023-02097,12-04-2023,Chennai,Location_77,13:29,Two Wheeler,NH,Cloudy,Brake failure,5,2,0,Male,34,Yes,Yes,346138,10.17121363,77.45067898
TN-2023-02098,19-01-2023,Tirunelveli,Location_76,01:12,Bus,Rural Road,Fog,Brake failure,4,1,0,Female,44,No,Yes,383452,11.20679058,77.82483323
TN-2023-02099,23-03-2023,Tiruppur,Location_47,20:51,Bus,SH,Cloudy,Brake failure,3,2,2,Male,38,Yes,Yes,380351,12.54859868,79.03127758
TN-2023-02100,06-10-2023,Chennai,Location_5,16:30,Two Wheeler,Urban Street,Sunny,Drunk drive,4,1,0,Male,38,Yes,Yes,323756,11.49080518,76.83532665
TN-2023-02101,05-12-2023,Vellore,Location_75,14:56,Two Wheeler,Urban Street,Fog,Brake failure,2,3,1,Male,34,Yes,Yes,106945,10.70416929,80.00644301
TN-2023-02102,31-12-2023,Madurai,Location_59,19:04,Lorry,NH,Rain,Reckless driving,2,1,0,Male,44,Yes,Yes,236432,9.571170515,78.1729921
TN-2023-02103,27-11-2023,Tiruppur,Location_75,06:17,Bus,NH,Sunny,Over speed,2,3,0,Male,29,Yes,Yes,181259,9.609041738,79.42062772
TN-2023-02104,09-05-2023,Erode,Location_59,10:31,Two Wheeler,Urban Street,Fog,Drunk drive,5,1,0,Male,61,Yes,Yes,136038,12.23817257,78.28013212
TN-2023-02105,10-12-2023,Tirunelveli,Location_47,17:26,Two Wheeler,SH,Cloudy,Poor road,4,2,1,Male,53,Yes,Yes,290254,8.627328213,78.03525653
TN-2023-02106,06-11-2023,Tiruppur,Location_95,04:44,Two Wheeler,NH,Sunny,Weather,4,1,0,Male,45,Yes,Yes,310036,8.805605721,78.11327003
TN-2023-02107,30-03-2023,Chennai,Location_95,17:01,Two Wheeler,Urban Street,Rain,Weather,3,1,0,Male,42,No,Yes,155718,11.95855008,77.6340612
TN-2023-02108,01-08-2023,Erode,Location_13,19:03,Two Wheeler,Urban Street,Fog,Reckless driving,1,2,0,Male,26,Yes,Yes,85999,13.28573116,79.29739388
TN-2023-02109,23-05-2023,Tirunelveli,Location_78,12:23,Two Wheeler,NH,Cloudy,Over speed,2,0,0,Male,64,Yes,Yes,412798,8.661288118,79.807686
TN-2023-02110,06-03-2023,Erode,Location_89,15:37,Two Wheeler,Rural Road,Cloudy,Weather,1,1,0,Male,54,Yes,Yes,242374,11.35184346,79.84478499
TN-2023-02111,17-03-2023,Trichy,Location_33,07:47,Two Wheeler,SH,Sunny,Reckless driving,1,3,0,Male,40,No,Yes,311236,9.31553613,76.54515571
TN-2023-02112,18-07-2023,Chennai,Location_97,12:54,Two Wheeler,Rural Road,Fog,Reckless driving,2,1,0,Male,28,Yes,Yes,60715,8.141667982,79.42615557
TN-2023-02113,23-05-2023,Thoothukudi,Location_62,03:01,Auto Rickshaw,Rural Road,Cloudy,Weather,2,0,0,Male,18,Yes,Yes,25743,12.57747211,76.89979579
TN-2023-02114,12-11-2023,Trichy,Location_79,08:17,Car,SH,Sunny,Weather,3,3,0,Male,33,Yes,Yes,480737,10.79732532,76.05480255
TN-2023-02115,03-04-2023,Tirunelveli,Location_16,16:07,Truck,SH,Clear,Reckless driving,5,2,0,Female,30,Yes,Yes,197282,8.131394734,77.23956566
TN-2023-02116,01-11-2023,Tirunelveli,Location_44,14:40,Two Wheeler,NH,Cloudy,Reckless driving,2,2,0,Male,37,Yes,Yes,420215,12.92499316,77.31790869
TN-2023-02117,12-08-2023,Coimbatore,Location_58,16:22,Bus,NH,Sunny,Poor road,1,2,0,Male,33,Yes,Yes,52001,10.94626882,79.64405074
TN-2023-02118,18-10-2023,Chennai,Location_6,01:05,Two Wheeler,NH,Clear,Weather,3,3,0,Male,33,Yes,Yes,333748,12.05387064,79.34078342
TN-2023-02119,12-04-2023,Vellore,Location_89,04:48,Car,SH,Sunny,Brake failure,4,1,1,Male,52,Yes,Yes,289585,10.32927646,76.38108057
TN-2023-02120,24-09-2023,Vellore,Location_15,01:17,Two Wheeler,Rural Road,Cloudy,Reckless driving,3,3,1,Female,49,No,No,337045,9.016858,77.46682589
TN-2023-02121,21-12-2023,Tirunelveli,Location_4,09:09,Two Wheeler,SH,Clear,Over speed,2,3,0,Female,40,No,Yes,263515,10.56065318,77.13084931
TN-2023-02122,20-04-2023,Vellore,Location_56,05:58,Truck,NH,Sunny,Over speed,2,0,0,Female,42,Yes,Yes,23281,9.582197927,78.67954835
TN-2023-02123,26-11-2023,Madurai,Location_64,11:16,Car,Rural Road,Fog,Reckless driving,5,3,0,Female,60,Yes,Yes,145780,9.632044913,78.43680388
TN-2023-02124,22-09-2023,Coimbatore,Location_68,12:51,Auto Rickshaw,NH,Clear,Over speed,3,2,0,Male,45,Yes,Yes,232291,11.54132967,79.05510763
TN-2023-02125,03-01-2023,Tirunelveli,Location_94,15:41,Two Wheeler,Rural Road,Sunny,Poor road,2,3,0,Male,62,No,Yes,331215,8.517438103,80.09828424
TN-2023-02126,26-03-2023,Vellore,Location_34,20:01,Two Wheeler,NH,Fog,Poor road,1,0,0,Female,19,Yes,Yes,122111,10.18357993,77.89483101
TN-2023-02127,09-10-2023,Chennai,Location_91,01:30,Two Wheeler,SH,Clear,Reckless driving,1,3,0,Male,20,Yes,Yes,443835,11.00654967,78.95165805
TN-2023-02128,24-11-2023,Tiruppur,Location_95,22:06,Bus,Urban Street,Sunny,Weather,3,3,1,Male,48,Yes,Yes,416588,11.9042161,80.13258621
TN-2023-02129,31-10-2023,Thoothukudi,Location_56,05:32,Car,Urban Street,Cloudy,Brake failure,5,2,0,Female,50,Yes,Yes,26172,11.48094594,78.43756263
TN-2023-02130,27-04-2023,Trichy,Location_32,11:44,Auto Rickshaw,Rural Road,Clear,Weather,3,3,0,Male,50,Yes,Yes,451258,12.87435614,77.38726441
TN-2023-02131,09-08-2023,Trichy,Location_9,11:18,Two Wheeler,SH,Clear,Over speed,5,1,0,Male,64,Yes,Yes,373588,13.45811355,77.81305069
TN-2023-02132,03-06-2023,Madurai,Location_63,08:09,Bus,NH,Fog,Brake failure,1,2,0,Male,52,Yes,Yes,210953,13.15582883,79.39576145
TN-2023-02133,02-06-2023,Erode,Location_72,16:49,Two Wheeler,Rural Road,Sunny,Over speed,2,0,0,Female,53,Yes,Yes,440759,12.20283805,79.24005021
TN-2023-02134,12-01-2023,Chennai,Location_78,07:38,Two Wheeler,Rural Road,Cloudy,Brake failure,4,0,0,Male,43,No,Yes,470840,11.7730839,79.36786931
TN-2023-02135,13-05-2023,Erode,Location_33,08:09,Car,NH,Fog,Reckless driving,2,0,0,Male,29,Yes,Yes,462402,8.194874263,79.34483601
TN-2023-02136,31-10-2023,Coimbatore,Location_87,11:14,Car,NH,Clear,Drunk drive,1,3,0,Female,61,Yes,Yes,367575,10.93424347,80.14206504
TN-2023-02137,20-10-2023,Thoothukudi,Location_21,14:27,Two Wheeler,NH,Fog,Poor road,1,1,0,Male,63,Yes,Yes,474128,11.65044296,79.43802316
TN-2023-02138,27-10-2023,Coimbatore,Location_55,03:35,Two Wheeler,SH,Fog,Poor road,2,2,0,Male,28,Yes,Yes,52718,10.27117026,79.84946689
TN-2023-02139,16-08-2023,Tirunelveli,Location_76,22:00,Two Wheeler,Urban Street,Fog,Reckless driving,2,1,0,Male,23,Yes,Yes,463753,10.11638137,78.58170243
TN-2023-02140,28-09-2023,Chennai,Location_57,11:56,Two Wheeler,Rural Road,Clear,Over speed,1,1,0,Male,42,Yes,Yes,336850,10.98389566,78.89877124
TN-2023-02141,12-02-2023,Tirunelveli,Location_2,01:46,Two Wheeler,Rural Road,Rain,Over speed,2,0,0,Male,63,No,Yes,239455,12.98651955,80.35473763
TN-2023-02142,09-12-2023,Salem,Location_13,16:38,Two Wheeler,Urban Street,Fog,Drunk drive,4,0,0,Male,51,Yes,No,362290,9.43510603,79.91635394
TN-2023-02143,22-11-2023,Vellore,Location_4,05:43,Two Wheeler,Rural Road,Rain,Weather,4,1,0,Male,52,No,Yes,354404,10.19480152,79.49812108
TN-2023-02144,29-10-2023,Trichy,Location_84,18:32,Truck,SH,Cloudy,Brake failure,3,1,0,Male,38,Yes,Yes,416405,11.59198294,79.08481589
TN-2023-02145,30-12-2023,Tiruppur,Location_50,20:25,Truck,NH,Cloudy,Reckless driving,4,2,0,Male,35,No,Yes,147319,9.02303993,77.61333207
TN-2023-02146,21-01-2023,Tirunelveli,Location_48,13:35,Car,Urban Street,Cloudy,Drunk drive,1,0,0,Male,25,Yes,Yes,234287,12.59196969,78.46656504
TN-2023-02147,17-04-2023,Erode,Location_78,04:32,Bicycle,SH,Sunny,Reckless driving,1,0,1,Male,51,No,Yes,381758,11.66336963,76.24807685
TN-2023-02148,02-12-2023,Salem,Location_30,00:52,Bus,NH,Clear,Drunk drive,3,3,0,Male,31,Yes,Yes,208003,9.937441328,77.87275037
TN-2023-02149,30-10-2023,Trichy,Location_29,05:36,Two Wheeler,Urban Street,Rain,Over speed,5,0,0,Male,36,No,Yes,109917,11.97191853,76.50353388
TN-2023-02150,27-04-2023,Tirunelveli,Location_8,01:56,Two Wheeler,SH,Sunny,Over speed,3,2,0,Male,37,Yes,Yes,78006,9.536405955,79.27887791
TN-2023-02151,04-05-2023,Salem,Location_12,20:58,Auto Rickshaw,Urban Street,Rain,Weather,5,3,0,Male,21,Yes,Yes,131319,12.25953493,80.01542937
TN-2023-02152,08-10-2023,Salem,Location_41,04:25,Car,Urban Street,Clear,Reckless driving,5,2,0,Male,55,No,Yes,309033,8.388784292,76.78337348
TN-2023-02153,19-10-2023,Chennai,Location_26,08:50,Auto Rickshaw,SH,Fog,Reckless driving,2,0,0,Male,49,Yes,Yes,277766,10.34713593,77.10557523
TN-2023-02154,22-07-2023,Coimbatore,Location_50,20:46,Auto Rickshaw,Rural Road,Sunny,Weather,4,0,0,Male,43,Yes,Yes,382727,9.439013718,79.85641424
TN-2023-02155,20-02-2023,Salem,Location_2,12:11,Two Wheeler,SH,Clear,Over speed,5,1,0,Male,45,No,Yes,232491,12.49185213,78.63624479
TN-2023-02156,28-09-2023,Madurai,Location_55,04:01,Two Wheeler,Urban Street,Sunny,Poor road,2,1,0,Male,29,Yes,Yes,237480,12.14010885,78.64738997
TN-2023-02157,20-11-2023,Coimbatore,Location_56,03:58,Two Wheeler,Urban Street,Cloudy,Weather,3,2,1,Male,27,Yes,Yes,301294,12.63023759,78.53294364
TN-2023-02158,04-10-2023,Trichy,Location_14,17:52,Two Wheeler,SH,Sunny,Drunk drive,3,3,0,Female,58,No,Yes,184390,11.58359673,76.98217342
TN-2023-02159,21-05-2023,Trichy,Location_6,09:12,Two Wheeler,NH,Fog,Over speed,5,0,1,Female,52,No,Yes,419442,12.3742733,77.09486357
TN-2023-02160,02-10-2023,Trichy,Location_95,11:01,Two Wheeler,NH,Fog,Reckless driving,2,1,0,Male,50,Yes,Yes,107417,10.41333548,80.27339402
TN-2023-02161,17-10-2023,Trichy,Location_81,14:45,Two Wheeler,NH,Rain,Reckless driving,1,1,0,Male,31,No,Yes,114973,11.72931579,79.25561568
TN-2023-02162,30-11-2023,Madurai,Location_89,09:21,Two Wheeler,NH,Sunny,Brake failure,4,0,0,Male,57,Yes,Yes,234592,8.17114718,76.40695519
TN-2023-02163,21-02-2023,Tirunelveli,Location_61,07:24,Two Wheeler,SH,Cloudy,Brake failure,5,0,0,Male,40,No,Yes,481516,12.84398535,77.00322222
TN-2023-02164,27-01-2023,Thoothukudi,Location_96,14:12,Two Wheeler,Rural Road,Fog,Poor road,1,3,2,Male,35,Yes,Yes,347020,11.76625508,78.82201985
TN-2023-02165,06-06-2023,Salem,Location_12,07:20,Car,NH,Rain,Reckless driving,4,1,0,Female,61,Yes,Yes,71847,12.76353052,77.27559424
TN-2023-02166,27-08-2023,Trichy,Location_13,20:21,Two Wheeler,Urban Street,Cloudy,Over speed,1,3,0,Female,29,Yes,Yes,97531,12.23972377,77.13280145
TN-2023-02167,05-06-2023,Coimbatore,Location_19,13:32,Car,NH,Cloudy,Reckless driving,2,3,1,Male,59,No,Yes,375352,9.575071745,76.91056597
TN-2023-02168,18-10-2023,Coimbatore,Location_44,12:26,Truck,Rural Road,Cloudy,Reckless driving,5,0,0,Male,53,Yes,Yes,155435,9.500841263,76.83577089
TN-2023-02169,16-05-2023,Salem,Location_89,07:49,Two Wheeler,SH,Clear,Drunk drive,1,3,0,Male,42,No,Yes,446928,12.39801328,78.75998762
TN-2023-02170,24-05-2023,Tirunelveli,Location_95,21:29,Two Wheeler,Rural Road,Fog,Poor road,1,0,0,Male,54,Yes,No,101525,9.015900555,80.07631971
TN-2023-02171,16-04-2023,Tiruppur,Location_59,08:44,Auto Rickshaw,Rural Road,Clear,Drunk drive,1,2,0,Male,57,No,Yes,320199,8.608636605,77.62509335
TN-2023-02172,07-06-2023,Tiruppur,Location_37,02:17,Car,Rural Road,Clear,Brake failure,5,3,0,Male,39,Yes,Yes,285095,8.082732127,76.54678871
TN-2023-02173,26-05-2023,Thoothukudi,Location_25,09:04,Lorry,NH,Fog,Drunk drive,2,1,0,Male,23,No,Yes,234000,9.641354253,76.55934704
TN-2023-02174,02-01-2023,Tirunelveli,Location_16,05:31,Two Wheeler,NH,Sunny,Brake failure,2,1,0,Male,33,No,Yes,292702,8.545957778,80.20160367
TN-2023-02175,18-03-2023,Salem,Location_38,07:55,Lorry,Rural Road,Rain,Weather,1,2,0,Male,40,Yes,Yes,106996,12.40927592,78.37930965
TN-2023-02176,12-05-2023,Tiruppur,Location_43,06:20,Auto Rickshaw,SH,Fog,Brake failure,2,2,0,Male,26,Yes,Yes,212663,10.66499107,78.0982848
TN-2023-02177,31-03-2023,Tiruppur,Location_87,17:13,Car,NH,Rain,Reckless driving,4,3,0,Male,60,No,Yes,11963,9.388833733,80.0083356
TN-2023-02178,11-12-2023,Tiruppur,Location_14,14:41,Two Wheeler,SH,Sunny,Brake failure,2,1,1,Male,52,No,Yes,101364,11.31147816,78.28200822
TN-2023-02179,16-12-2023,Erode,Location_6,20:43,Auto Rickshaw,NH,Fog,Reckless driving,1,1,0,Male,46,Yes,Yes,149340,8.38693831,78.16269502
TN-2023-02180,20-09-2023,Madurai,Location_89,06:27,Lorry,SH,Cloudy,Poor road,4,0,0,Female,31,Yes,Yes,235507,11.99366688,80.1699364
TN-2023-02181,17-12-2023,Salem,Location_23,06:42,Lorry,NH,Fog,Reckless driving,5,0,0,Male,22,Yes,Yes,485799,10.75766175,78.13506605
TN-2023-02182,18-04-2023,Vellore,Location_60,12:14,Two Wheeler,Rural Road,Sunny,Reckless driving,3,1,0,Male,38,No,Yes,216819,8.035620031,77.75932484
TN-2023-02183,15-03-2023,Chennai,Location_12,17:38,Lorry,Urban Street,Clear,Reckless driving,2,0,0,Male,23,Yes,Yes,499729,9.755694341,78.61747959
TN-2023-02184,08-02-2023,Chennai,Location_13,05:54,Two Wheeler,Urban Street,Fog,Poor road,4,0,1,Male,18,Yes,Yes,86500,12.12605805,80.39754189
TN-2023-02185,08-06-2023,Tirunelveli,Location_98,10:31,Two Wheeler,SH,Cloudy,Over speed,3,0,0,Male,48,No,Yes,342377,9.034633438,80.33723069
TN-2023-02186,12-03-2023,Salem,Location_6,07:19,Car,SH,Fog,Over speed,5,2,0,Male,62,Yes,No,296832,13.29032492,79.49020632
TN-2023-02187,08-11-2023,Salem,Location_63,00:39,Two Wheeler,Rural Road,Clear,Brake failure,3,1,0,Female,58,Yes,Yes,308829,12.93146029,78.24676387
TN-2023-02188,29-08-2023,Chennai,Location_38,07:50,Bus,Rural Road,Fog,Weather,5,1,0,Male,45,No,No,70604,12.28031301,79.96657769
TN-2023-02189,25-10-2023,Thoothukudi,Location_50,02:04,Car,SH,Cloudy,Over speed,1,1,0,Male,20,No,Yes,237202,8.432015972,77.8872234
TN-2023-02190,05-02-2023,Chennai,Location_52,02:46,Two Wheeler,Urban Street,Sunny,Brake failure,1,0,1,Male,55,No,Yes,57921,9.946105137,78.8806437
TN-2023-02191,25-03-2023,Salem,Location_40,13:20,Bus,Rural Road,Cloudy,Poor road,5,3,0,Male,40,Yes,Yes,453795,9.640085398,76.8074208
TN-2023-02192,20-09-2023,Tiruppur,Location_8,14:23,Auto Rickshaw,SH,Sunny,Over speed,3,3,0,Female,57,Yes,Yes,321759,8.756939251,78.97579441
TN-2023-02193,06-11-2023,Thoothukudi,Location_61,16:17,Two Wheeler,Rural Road,Cloudy,Over speed,2,0,0,Male,21,Yes,Yes,329769,13.49790392,77.24247662
TN-2023-02194,21-06-2023,Trichy,Location_8,01:11,Car,Rural Road,Rain,Reckless driving,3,2,0,Male,23,No,Yes,169276,8.809586992,79.47288842
TN-2023-02195,22-06-2023,Vellore,Location_97,15:03,Two Wheeler,NH,Fog,Reckless driving,3,2,0,Male,29,Yes,No,417265,9.734301506,77.86318073
TN-2023-02196,28-12-2023,Erode,Location_34,01:27,Car,Rural Road,Fog,Brake failure,2,1,0,Male,29,Yes,Yes,186031,12.84077799,77.79284403
TN-2023-02197,16-02-2023,Madurai,Location_79,13:10,Two Wheeler,SH,Clear,Reckless driving,3,3,0,Male,24,No,No,453191,8.794119484,79.35959941
TN-2023-02198,21-05-2023,Trichy,Location_60,12:30,Two Wheeler,Rural Road,Rain,Brake failure,3,2,1,Male,45,Yes,Yes,428795,10.58240385,77.91393388
TN-2023-02199,28-04-2023,Coimbatore,Location_57,06:09,Two Wheeler,SH,Clear,Drunk drive,4,3,0,Male,43,No,Yes,350737,13.36629572,79.21309611
TN-2023-02200,04-10-2023,Chennai,Location_99,00:52,Bicycle,NH,Fog,Drunk drive,5,3,0,Male,24,Yes,Yes,135329,9.360086656,79.84779502
TN-2023-02201,02-08-2023,Vellore,Location_46,03:17,Car,NH,Clear,Weather,1,2,0,Male,20,Yes,Yes,218546,11.86682019,76.61595386
TN-2023-02202,08-08-2023,Chennai,Location_22,05:01,Car,Urban Street,Sunny,Over speed,5,0,0,Male,30,Yes,Yes,361072,8.440218066,78.15560348
TN-2023-02203,26-01-2023,Chennai,Location_87,02:45,Two Wheeler,NH,Rain,Drunk drive,3,1,0,Female,58,Yes,No,247630,11.30479568,80.25210188
TN-2023-02204,09-01-2023,Trichy,Location_40,07:30,Car,NH,Cloudy,Brake failure,2,1,1,Male,28,Yes,Yes,144179,9.864772432,79.65481653
TN-2023-02205,28-09-2023,Tiruppur,Location_45,15:18,Two Wheeler,SH,Sunny,Reckless driving,2,2,1,Male,56,No,Yes,412878,11.84760493,80.3812552
TN-2023-02206,10-01-2023,Tiruppur,Location_55,17:05,Two Wheeler,Urban Street,Cloudy,Reckless driving,1,0,0,Male,40,Yes,Yes,218615,10.38089503,79.87138806
TN-2023-02207,01-05-2023,Erode,Location_51,13:02,Car,NH,Clear,Over speed,1,2,0,Male,64,No,Yes,291136,9.644492556,77.39598918
TN-2023-02208,05-05-2023,Thoothukudi,Location_86,15:00,Two Wheeler,Rural Road,Fog,Drunk drive,1,2,0,Male,18,No,Yes,413946,11.00304337,76.80618675
TN-2023-02209,19-06-2023,Chennai,Location_5,11:29,Two Wheeler,Urban Street,Sunny,Weather,2,3,0,Female,51,Yes,Yes,117047,8.768278021,76.94743812
TN-2023-02210,13-03-2023,Tirunelveli,Location_95,13:18,Car,NH,Rain,Weather,3,3,0,Male,48,Yes,Yes,339670,12.47937584,76.97601732
TN-2023-02211,01-06-2023,Tiruppur,Location_13,21:18,Auto Rickshaw,Urban Street,Cloudy,Weather,1,1,2,Female,50,No,Yes,307653,12.12890166,76.34081378
TN-2023-02212,27-07-2023,Salem,Location_28,08:06,Two Wheeler,NH,Sunny,Weather,1,3,0,Male,64,Yes,Yes,483573,10.99732494,80.08057792
TN-2023-02213,18-02-2023,Vellore,Location_84,13:36,Two Wheeler,SH,Fog,Reckless driving,2,3,0,Female,53,Yes,Yes,257140,10.01876566,78.26146865
TN-2023-02214,03-06-2023,Tirunelveli,Location_97,17:40,Two Wheeler,Urban Street,Rain,Reckless driving,3,0,0,Male,53,Yes,Yes,74052,13.03374388,76.45572039
TN-2023-02215,13-12-2023,Trichy,Location_80,20:06,Truck,Urban Street,Rain,Reckless driving,1,2,0,Male,31,No,Yes,67146,11.4895212,79.43188723
TN-2023-02216,20-10-2023,Trichy,Location_62,08:03,Lorry,NH,Cloudy,Brake failure,3,2,0,Male,54,Yes,Yes,25156,9.566400728,77.46538329
TN-2023-02217,09-03-2023,Erode,Location_93,16:11,Car,Urban Street,Sunny,Weather,4,0,0,Male,49,Yes,Yes,93281,12.43689735,76.31966879
TN-2023-02218,19-02-2023,Erode,Location_87,05:17,Auto Rickshaw,NH,Sunny,Poor road,1,3,0,Female,45,Yes,Yes,295177,11.49260836,76.85390451
TN-2023-02219,01-06-2023,Thoothukudi,Location_24,07:20,Two Wheeler,Rural Road,Rain,Reckless driving,1,3,0,Male,18,Yes,Yes,213073,8.698569391,78.95897421
TN-2023-02220,19-01-2023,Salem,Location_98,14:02,Bicycle,Urban Street,Clear,Weather,2,2,2,Male,64,Yes,Yes,171749,8.628282845,79.57302833
TN-2023-02221,10-04-2023,Vellore,Location_7,01:55,Two Wheeler,Urban Street,Rain,Drunk drive,4,1,0,Female,24,Yes,Yes,408502,13.15957761,77.1415452
TN-2023-02222,01-03-2023,Salem,Location_38,22:40,Two Wheeler,SH,Fog,Over speed,4,2,0,Male,33,No,Yes,213126,9.583515896,78.59676222
TN-2023-02223,16-06-2023,Coimbatore,Location_37,07:58,Car,SH,Sunny,Reckless driving,4,1,1,Female,49,Yes,Yes,386669,11.6491543,76.00392651
TN-2023-02224,21-07-2023,Erode,Location_68,03:31,Two Wheeler,Urban Street,Cloudy,Reckless driving,5,3,0,Male,41,Yes,Yes,373924,8.200386302,77.25274362
TN-2023-02225,11-12-2023,Thoothukudi,Location_98,01:45,Car,SH,Sunny,Drunk drive,2,1,0,Male,31,No,Yes,217158,11.06076065,76.8173522
TN-2023-02226,26-05-2023,Madurai,Location_42,01:33,Two Wheeler,Urban Street,Rain,Over speed,2,1,1,Male,64,Yes,Yes,316917,9.271207508,76.34445801
TN-2023-02227,13-06-2023,Chennai,Location_86,21:38,Car,NH,Fog,Brake failure,1,1,0,Male,32,Yes,Yes,311947,8.767944481,78.17752884
TN-2023-02228,30-08-2023,Chennai,Location_5,11:37,Two Wheeler,Urban Street,Clear,Reckless driving,2,1,0,Male,18,Yes,Yes,234806,12.25426719,78.83956982
TN-2023-02229,10-03-2023,Madurai,Location_64,17:35,Two Wheeler,Urban Street,Sunny,Over speed,1,1,0,Male,45,No,Yes,57804,12.45248461,76.20869359
TN-2023-02230,24-06-2023,Tiruppur,Location_50,18:26,Auto Rickshaw,Rural Road,Rain,Poor road,1,2,0,Male,36,Yes,Yes,290758,11.93366729,76.62051031
TN-2023-02231,18-02-2023,Salem,Location_87,12:19,Auto Rickshaw,SH,Rain,Reckless driving,5,0,0,Male,24,No,Yes,365197,8.061527648,80.1953103
TN-2023-02232,18-04-2023,Madurai,Location_15,20:22,Truck,SH,Rain,Weather,2,3,0,Male,35,No,Yes,402138,9.567000686,77.00400779
TN-2023-02233,14-08-2023,Thoothukudi,Location_95,01:07,Bus,Rural Road,Fog,Drunk drive,2,2,0,Male,64,Yes,Yes,346521,9.985286965,79.41994486
TN-2023-02234,10-06-2023,Vellore,Location_73,18:40,Bus,NH,Rain,Over speed,5,0,0,Male,30,Yes,Yes,118011,11.79967623,79.36480748
TN-2023-02235,29-04-2023,Madurai,Location_53,03:30,Car,NH,Rain,Drunk drive,5,2,0,Female,35,No,No,465133,12.15549025,77.44712126
TN-2023-02236,29-05-2023,Thoothukudi,Location_25,15:50,Two Wheeler,NH,Rain,Weather,2,0,0,Male,21,Yes,Yes,22955,11.45320207,76.91852605
TN-2023-02237,30-05-2023,Erode,Location_89,09:37,Two Wheeler,Rural Road,Sunny,Brake failure,2,2,1,Male,21,Yes,Yes,398547,12.3399859,77.09777749
TN-2023-02238,20-10-2023,Tirunelveli,Location_85,15:09,Two Wheeler,Urban Street,Rain,Weather,1,3,0,Male,44,No,Yes,303583,10.35014933,78.54654535
TN-2023-02239,23-05-2023,Trichy,Location_9,12:08,Auto Rickshaw,NH,Fog,Brake failure,3,3,0,Male,33,Yes,Yes,28224,10.98014744,77.71521559
TN-2023-02240,09-06-2023,Trichy,Location_38,06:35,Two Wheeler,NH,Sunny,Drunk drive,1,1,0,Male,31,Yes,Yes,354341,8.353375963,78.23004411
TN-2023-02241,11-01-2023,Coimbatore,Location_22,18:57,Auto Rickshaw,Rural Road,Rain,Brake failure,4,0,0,Female,31,Yes,Yes,35455,10.34939786,79.65225617
TN-2023-02242,18-05-2023,Salem,Location_87,03:18,Car,SH,Clear,Reckless driving,4,2,2,Male,24,Yes,Yes,28437,10.37948212,78.26033373
TN-2023-02243,19-03-2023,Vellore,Location_49,18:11,Bus,Rural Road,Fog,Brake failure,3,1,0,Female,62,Yes,Yes,385710,11.3633606,80.47853017
TN-2023-02244,18-03-2023,Tirunelveli,Location_68,12:24,Two Wheeler,SH,Clear,Brake failure,5,2,0,Male,31,Yes,Yes,476937,10.07842994,78.99625212
TN-2023-02245,11-09-2023,Tirunelveli,Location_93,03:24,Two Wheeler,NH,Fog,Reckless driving,4,3,0,Male,59,Yes,Yes,479489,9.311502429,76.93261446
TN-2023-02246,15-09-2023,Erode,Location_15,09:52,Truck,NH,Clear,Brake failure,5,3,0,Male,62,Yes,No,363177,9.306779591,78.24783452
TN-2023-02247,16-11-2023,Madurai,Location_65,06:29,Two Wheeler,Urban Street,Rain,Reckless driving,5,0,0,Male,23,Yes,Yes,413121,8.736300921,79.66037975
TN-2023-02248,18-10-2023,Salem,Location_54,04:16,Two Wheeler,Urban Street,Clear,Reckless driving,1,2,0,Male,60,Yes,Yes,268540,11.85562458,76.98235691
TN-2023-02249,20-09-2023,Chennai,Location_30,17:42,Two Wheeler,SH,Clear,Brake failure,5,2,0,Male,55,Yes,Yes,45147,11.4241261,79.28239962
TN-2023-02250,26-03-2023,Tirunelveli,Location_93,14:20,Two Wheeler,NH,Fog,Reckless driving,3,1,0,Male,44,Yes,Yes,448747,11.18587456,76.15052065
TN-2023-02251,26-05-2023,Thoothukudi,Location_20,21:38,Two Wheeler,NH,Rain,Over speed,1,3,0,Male,28,Yes,Yes,45307,10.92060796,80.24185224
TN-2023-02252,19-11-2023,Chennai,Location_33,17:57,Car,Rural Road,Fog,Brake failure,3,1,0,Male,48,Yes,Yes,300638,10.02145624,78.98512787
TN-2023-02253,11-02-2023,Coimbatore,Location_86,05:49,Car,NH,Rain,Brake failure,5,1,0,Male,20,Yes,Yes,404778,12.22794277,76.73156637
TN-2023-02254,05-05-2023,Madurai,Location_77,15:01,Car,NH,Cloudy,Weather,4,0,0,Male,18,Yes,Yes,211113,13.07113291,79.93432615
TN-2023-02255,16-06-2023,Madurai,Location_7,18:00,Two Wheeler,Rural Road,Sunny,Weather,5,1,1,Male,33,Yes,Yes,433500,10.41994054,76.36819306
TN-2023-02256,29-08-2023,Vellore,Location_8,10:51,Lorry,Rural Road,Sunny,Weather,3,0,0,Male,61,No,No,481540,10.24998733,77.82668034
TN-2023-02257,07-10-2023,Tirunelveli,Location_28,04:47,Lorry,NH,Fog,Brake failure,2,3,0,Male,44,Yes,Yes,434925,8.895001564,79.31627203
TN-2023-02258,07-07-2023,Erode,Location_45,22:00,Two Wheeler,Urban Street,Rain,Weather,2,1,0,Male,63,No,Yes,98677,11.68889843,80.21832982
TN-2023-02259,29-10-2023,Tiruppur,Location_73,18:45,Two Wheeler,Urban Street,Clear,Over speed,4,1,0,Male,20,Yes,Yes,458767,11.06950745,77.5696462
TN-2023-02260,19-01-2023,Tiruppur,Location_89,02:01,Two Wheeler,NH,Sunny,Drunk drive,3,1,0,Male,25,Yes,Yes,189106,13.43398898,79.73730054
TN-2023-02261,09-03-2023,Trichy,Location_80,04:16,Lorry,Urban Street,Fog,Weather,4,1,0,Male,33,Yes,Yes,30342,11.21377742,76.88538516
TN-2023-02262,06-08-2023,Thoothukudi,Location_74,17:32,Bus,Rural Road,Fog,Reckless driving,1,3,1,Male,64,Yes,Yes,259322,9.587359764,76.15799666
TN-2023-02263,12-04-2023,Chennai,Location_11,14:21,Auto Rickshaw,Urban Street,Fog,Weather,5,0,0,Male,19,Yes,Yes,347205,11.09617364,76.12942442
TN-2023-02264,11-02-2023,Coimbatore,Location_31,08:26,Two Wheeler,NH,Rain,Over speed,1,3,0,Female,46,No,Yes,120549,13.41582378,78.96176721
TN-2023-02265,15-10-2023,Trichy,Location_12,22:36,Car,Urban Street,Fog,Reckless driving,2,0,0,Male,33,No,Yes,372726,11.97834349,76.69393288
TN-2023-02266,16-06-2023,Madurai,Location_95,12:18,Two Wheeler,NH,Cloudy,Reckless driving,5,0,0,Male,46,Yes,Yes,246427,8.707175198,76.2264594
TN-2023-02267,19-04-2023,Chennai,Location_78,09:19,Two Wheeler,Urban Street,Clear,Reckless driving,1,1,0,Male,48,No,Yes,268347,9.887394401,80.39536387
TN-2023-02268,05-02-2023,Salem,Location_51,20:13,Car,NH,Fog,Reckless driving,2,1,0,Male,59,Yes,Yes,112091,9.642767286,77.08905521
TN-2023-02269,20-08-2023,Tirunelveli,Location_44,21:52,Two Wheeler,NH,Rain,Poor road,1,1,0,Male,28,Yes,Yes,85854,12.71253078,78.08149517
TN-2023-02270,17-08-2023,Coimbatore,Location_96,11:10,Bus,Urban Street,Clear,Poor road,5,0,0,Male,49,No,Yes,109531,11.36139566,78.75886513
TN-2023-02271,19-12-2023,Salem,Location_50,22:06,Car,Urban Street,Clear,Reckless driving,1,2,1,Male,41,Yes,Yes,333493,12.45556098,76.65005216
TN-2023-02272,13-06-2023,Erode,Location_17,16:17,Lorry,Rural Road,Sunny,Reckless driving,5,2,0,Male,36,Yes,Yes,395998,8.969353294,77.60725987
TN-2023-02273,14-03-2023,Tirunelveli,Location_35,06:55,Two Wheeler,SH,Fog,Reckless driving,1,2,1,Male,49,Yes,Yes,345355,12.99419198,78.9146808
TN-2023-02274,16-05-2023,Chennai,Location_1,19:37,Auto Rickshaw,NH,Fog,Over speed,4,3,0,Male,27,Yes,Yes,298437,8.320710484,78.87892773
TN-2023-02275,19-12-2023,Tirunelveli,Location_29,10:43,Bicycle,NH,Rain,Weather,1,0,0,Male,49,Yes,Yes,457990,10.06160453,79.78925789
TN-2023-02276,11-03-2023,Trichy,Location_51,15:50,Auto Rickshaw,NH,Cloudy,Drunk drive,1,2,0,Male,40,Yes,Yes,462353,8.077819744,77.96840095
TN-2023-02277,15-07-2023,Vellore,Location_64,22:26,Lorry,NH,Cloudy,Reckless driving,4,0,0,Male,50,Yes,Yes,129839,9.013537218,80.00422431
TN-2023-02278,26-09-2023,Trichy,Location_4,18:10,Lorry,Urban Street,Sunny,Weather,2,0,1,Male,47,Yes,No,179212,13.29224226,79.06986731
TN-2023-02279,18-02-2023,Erode,Location_87,15:22,Car,Urban Street,Cloudy,Over speed,5,3,0,Male,47,Yes,Yes,224999,8.431724323,78.52947338
TN-2023-02280,12-11-2023,Thoothukudi,Location_28,11:58,Two Wheeler,SH,Rain,Over speed,3,1,0,Male,24,Yes,Yes,50713,8.799736176,76.52711572
TN-2023-02281,10-05-2023,Salem,Location_16,07:02,Bus,NH,Sunny,Reckless driving,2,1,0,Male,33,Yes,Yes,448832,13.08666964,78.5861676
TN-2023-02282,05-01-2023,Trichy,Location_63,01:37,Bus,SH,Fog,Brake failure,5,3,0,Male,60,Yes,Yes,473286,11.9059601,78.67602408
TN-2023-02283,27-01-2023,Vellore,Location_76,15:51,Bicycle,Rural Road,Cloudy,Over speed,1,3,0,Male,18,Yes,Yes,143328,10.23830425,79.41461972
TN-2023-02284,09-06-2023,Thoothukudi,Location_53,14:45,Car,SH,Rain,Brake failure,2,0,0,Male,47,Yes,Yes,142982,8.378211996,79.2361258
TN-2023-02285,29-05-2023,Trichy,Location_85,01:19,Two Wheeler,SH,Rain,Over speed,1,2,0,Male,51,No,Yes,101464,12.31771427,78.38491081
TN-2023-02286,21-09-2023,Madurai,Location_17,17:13,Bus,Rural Road,Fog,Brake failure,2,0,0,Female,51,Yes,Yes,188556,10.70999633,78.66773127
TN-2023-02287,18-08-2023,Vellore,Location_40,17:01,Truck,Rural Road,Rain,Brake failure,2,0,1,Male,55,No,No,105706,9.776592765,79.4755422
TN-2023-02288,19-07-2023,Salem,Location_13,00:19,Two Wheeler,SH,Sunny,Reckless driving,3,2,0,Male,48,No,Yes,52593,9.98412734,77.58148118
TN-2023-02289,19-02-2023,Coimbatore,Location_52,01:40,Two Wheeler,Rural Road,Sunny,Reckless driving,4,1,0,Male,25,No,Yes,49282,10.77902646,76.60737002
TN-2023-02290,08-03-2023,Tiruppur,Location_58,08:47,Car,SH,Clear,Weather,2,0,0,Male,37,No,Yes,187883,11.03178053,79.93434721
TN-2023-02291,27-10-2023,Thoothukudi,Location_96,10:26,Two Wheeler,Urban Street,Fog,Brake failure,1,1,0,Male,63,No,No,458906,12.49954324,80.34258449
TN-2023-02292,27-02-2023,Madurai,Location_37,22:37,Two Wheeler,Urban Street,Rain,Poor road,3,1,0,Male,46,Yes,Yes,54476,12.24437047,77.93187177
TN-2023-02293,16-09-2023,Coimbatore,Location_79,11:02,Two Wheeler,SH,Cloudy,Over speed,2,1,0,Male,48,No,Yes,444968,12.2188228,80.45639405
TN-2023-02294,08-12-2023,Chennai,Location_76,11:29,Auto Rickshaw,Rural Road,Sunny,Reckless driving,4,0,0,Male,38,Yes,Yes,260875,12.01113892,77.45212712
TN-2023-02295,22-11-2023,Vellore,Location_61,22:00,Two Wheeler,Rural Road,Fog,Drunk drive,1,2,0,Male,43,Yes,Yes,8040,12.16782803,76.29958342
TN-2023-02296,10-05-2023,Madurai,Location_79,08:19,Two Wheeler,Urban Street,Fog,Over speed,3,2,0,Male,48,Yes,Yes,334966,11.72680839,78.57606812
TN-2023-02297,03-08-2023,Tirunelveli,Location_34,21:05,Lorry,Urban Street,Sunny,Weather,5,1,1,Male,37,Yes,Yes,448426,12.7741291,79.90690308
TN-2023-02298,21-06-2023,Chennai,Location_70,10:34,Truck,Rural Road,Clear,Weather,4,1,0,Female,39,Yes,Yes,292034,11.06599863,78.77866818
TN-2023-02299,15-09-2023,Chennai,Location_17,03:28,Bicycle,Rural Road,Fog,Brake failure,5,2,1,Male,57,No,No,186801,10.86464343,76.04242217
TN-2023-02300,12-04-2023,Thoothukudi,Location_20,09:50,Two Wheeler,Rural Road,Rain,Weather,5,3,1,Male,43,Yes,Yes,431622,11.85712788,76.05324707
TN-2023-02301,28-07-2023,Vellore,Location_73,05:00,Truck,Rural Road,Cloudy,Reckless driving,3,3,0,Male,34,Yes,Yes,436833,8.913032852,79.25957983
TN-2023-02302,18-10-2023,Madurai,Location_59,07:07,Two Wheeler,SH,Cloudy,Weather,3,1,1,Female,42,Yes,Yes,169196,12.27323443,79.80404348
TN-2023-02303,20-12-2023,Erode,Location_69,05:16,Bus,Rural Road,Sunny,Over speed,3,2,0,Male,54,Yes,Yes,274397,13.14885714,77.13866519
TN-2023-02304,13-10-2023,Madurai,Location_87,18:32,Car,Urban Street,Fog,Poor road,5,3,0,Male,44,Yes,Yes,52818,9.629429806,78.11558976
TN-2023-02305,26-04-2023,Trichy,Location_33,14:44,Two Wheeler,Urban Street,Cloudy,Poor road,1,2,0,Female,20,Yes,Yes,290744,11.36074726,80.32490905
TN-2023-02306,21-09-2023,Chennai,Location_78,20:02,Car,NH,Fog,Brake failure,3,0,0,Male,41,Yes,Yes,306529,8.179423825,78.07258338
TN-2023-02307,30-05-2023,Salem,Location_17,01:34,Two Wheeler,Rural Road,Sunny,Weather,4,1,0,Male,42,Yes,Yes,201904,12.21202574,76.61116345
TN-2023-02308,27-10-2023,Chennai,Location_57,08:58,Auto Rickshaw,SH,Clear,Weather,3,3,0,Female,27,Yes,Yes,135765,11.07817495,80.10243853
TN-2023-02309,05-02-2023,Chennai,Location_83,15:55,Two Wheeler,NH,Cloudy,Poor road,3,1,0,Male,53,No,Yes,323568,11.70509857,78.22825451
TN-2023-02310,29-11-2023,Tiruppur,Location_97,12:50,Car,NH,Rain,Brake failure,3,0,0,Male,59,Yes,Yes,290232,8.78645996,77.54938124
TN-2023-02311,14-10-2023,Tirunelveli,Location_1,17:20,Two Wheeler,SH,Sunny,Weather,5,2,0,Female,35,Yes,Yes,116686,12.45200143,76.43844725
TN-2023-02312,30-10-2023,Erode,Location_13,11:27,Two Wheeler,NH,Clear,Brake failure,1,1,0,Male,62,Yes,Yes,292183,9.407649855,78.06220734
TN-2023-02313,07-11-2023,Coimbatore,Location_27,11:32,Bicycle,NH,Rain,Reckless driving,3,3,0,Male,34,Yes,Yes,216539,11.76635712,79.46352746
TN-2023-02314,27-07-2023,Coimbatore,Location_70,19:39,Lorry,Urban Street,Rain,Over speed,5,0,0,Male,31,Yes,Yes,316276,11.26227971,79.22732955
TN-2023-02315,16-04-2023,Tirunelveli,Location_59,16:20,Truck,NH,Cloudy,Reckless driving,4,3,0,Female,36,Yes,Yes,410677,11.59585295,78.23464443
TN-2023-02316,07-06-2023,Chennai,Location_6,19:53,Two Wheeler,SH,Fog,Weather,1,2,1,Female,35,Yes,Yes,329927,8.276305077,79.23790906
TN-2023-02317,01-05-2023,Coimbatore,Location_97,06:40,Two Wheeler,Rural Road,Sunny,Weather,5,3,0,Male,40,Yes,Yes,24889,12.08017814,77.57842256
TN-2023-02318,24-02-2023,Vellore,Location_94,16:58,Car,Rural Road,Rain,Weather,2,3,0,Male,25,Yes,Yes,36483,12.37387351,79.30870691
TN-2023-02319,12-01-2023,Erode,Location_99,09:35,Car,Rural Road,Cloudy,Poor road,4,3,0,Male,33,Yes,No,315186,10.61148703,76.38580371
TN-2023-02320,25-05-2023,Coimbatore,Location_23,21:25,Two Wheeler,Urban Street,Clear,Poor road,4,0,0,Female,42,No,Yes,109090,10.24873574,76.89655315
TN-2023-02321,16-05-2023,Tirunelveli,Location_10,06:06,Bus,Urban Street,Rain,Weather,2,3,0,Male,60,Yes,Yes,463017,9.883995872,79.94975495
TN-2023-02322,03-01-2023,Trichy,Location_51,07:25,Two Wheeler,Urban Street,Clear,Weather,5,3,0,Female,49,No,Yes,488541,13.10335049,77.32144933
TN-2023-02323,24-05-2023,Coimbatore,Location_19,07:47,Two Wheeler,SH,Sunny,Over speed,5,0,0,Male,36,Yes,Yes,491078,12.1528754,76.92673628
TN-2023-02324,30-01-2023,Erode,Location_51,11:46,Two Wheeler,Rural Road,Cloudy,Over speed,4,0,0,Male,35,Yes,Yes,29421,11.842403,76.40051165
TN-2023-02325,25-08-2023,Thoothukudi,Location_92,07:53,Car,SH,Clear,Brake failure,5,0,0,Male,49,Yes,Yes,162284,13.09083644,77.76829747
TN-2023-02326,06-10-2023,Thoothukudi,Location_87,08:02,Bus,SH,Fog,Brake failure,2,2,0,Male,63,Yes,No,63050,9.918230768,76.30141934
TN-2023-02327,14-12-2023,Vellore,Location_68,21:20,Car,NH,Clear,Poor road,5,0,0,Male,57,Yes,Yes,203810,11.46575947,78.23641207
TN-2023-02328,25-04-2023,Madurai,Location_84,15:46,Car,Rural Road,Clear,Drunk drive,4,2,0,Female,32,No,Yes,283534,11.77331257,80.13642132
TN-2023-02329,14-04-2023,Madurai,Location_83,03:19,Two Wheeler,NH,Cloudy,Over speed,5,0,0,Male,38,No,Yes,446826,13.47925149,79.54210455
TN-2023-02330,28-04-2023,Coimbatore,Location_42,15:09,Auto Rickshaw,Urban Street,Cloudy,Brake failure,1,0,0,Female,28,No,Yes,384884,10.34952363,76.18303196
TN-2023-02331,05-01-2023,Salem,Location_91,10:25,Auto Rickshaw,Urban Street,Rain,Over speed,2,1,2,Male,46,Yes,Yes,155650,10.20099579,77.34891174
TN-2023-02332,26-12-2023,Trichy,Location_57,04:10,Bus,SH,Clear,Over speed,2,1,1,Male,49,Yes,Yes,457374,8.464683584,76.84439927
TN-2023-02333,05-09-2023,Tirunelveli,Location_98,12:14,Two Wheeler,SH,Clear,Reckless driving,3,1,0,Male,23,Yes,Yes,364550,8.541488666,76.30122935
TN-2023-02334,30-12-2023,Trichy,Location_68,05:47,Car,NH,Cloudy,Drunk drive,5,1,0,Female,36,Yes,Yes,135775,10.81489483,76.48888247
TN-2023-02335,17-11-2023,Thoothukudi,Location_38,14:42,Car,NH,Fog,Over speed,2,0,0,Male,33,Yes,Yes,85257,8.941500777,80.08664968
TN-2023-02336,01-05-2023,Coimbatore,Location_62,19:33,Bicycle,SH,Cloudy,Reckless driving,5,0,0,Male,29,No,Yes,150649,8.401119577,77.39537447
TN-2023-02337,13-10-2023,Erode,Location_7,01:43,Bicycle,Rural Road,Fog,Drunk drive,1,2,0,Male,32,Yes,Yes,205355,13.30691153,77.76500744
TN-2023-02338,29-05-2023,Tirunelveli,Location_71,15:18,Auto Rickshaw,SH,Cloudy,Reckless driving,4,0,0,Male,28,Yes,No,352961,13.23279569,78.18565391
TN-2023-02339,25-03-2023,Trichy,Location_50,01:48,Two Wheeler,Rural Road,Sunny,Reckless driving,4,2,0,Male,56,Yes,Yes,355160,9.789022226,79.35218094
TN-2023-02340,19-08-2023,Erode,Location_52,13:23,Truck,NH,Clear,Drunk drive,3,3,0,Male,27,Yes,Yes,66962,12.34428174,79.59266713
TN-2023-02341,15-10-2023,Tirunelveli,Location_26,15:31,Car,Urban Street,Fog,Over speed,3,3,2,Male,54,Yes,Yes,277134,12.79901979,80.33678294
TN-2023-02342,10-06-2023,Trichy,Location_26,04:09,Lorry,Urban Street,Sunny,Over speed,2,0,0,Male,41,Yes,Yes,374473,10.55610887,76.94805132
TN-2023-02343,29-09-2023,Vellore,Location_19,16:44,Two Wheeler,NH,Fog,Brake failure,2,3,1,Male,53,Yes,No,245590,9.230334082,77.3547978
TN-2023-02344,07-02-2023,Thoothukudi,Location_9,15:08,Two Wheeler,NH,Rain,Over speed,2,0,2,Male,18,No,Yes,476917,8.71392655,77.40832322
TN-2023-02345,14-08-2023,Chennai,Location_61,03:55,Car,Urban Street,Rain,Over speed,1,2,0,Male,63,Yes,Yes,199846,8.774523043,78.00366457
TN-2023-02346,22-05-2023,Tirunelveli,Location_20,15:22,Two Wheeler,Rural Road,Clear,Over speed,3,1,0,Male,34,Yes,Yes,71093,12.38313235,79.63331958
TN-2023-02347,19-10-2023,Thoothukudi,Location_50,10:06,Two Wheeler,NH,Sunny,Brake failure,3,3,0,Male,31,Yes,Yes,427213,10.11428698,77.07755238
TN-2023-02348,31-05-2023,Tiruppur,Location_80,16:53,Auto Rickshaw,Rural Road,Sunny,Drunk drive,4,0,0,Male,55,No,Yes,416389,11.81429208,79.52314795
TN-2023-02349,24-04-2023,Salem,Location_81,12:03,Two Wheeler,Rural Road,Rain,Brake failure,3,1,0,Male,42,No,Yes,412780,10.96281389,76.91818008
TN-2023-02350,25-08-2023,Coimbatore,Location_22,13:41,Two Wheeler,Urban Street,Clear,Over speed,3,2,0,Male,54,Yes,Yes,311157,10.17067609,79.19566428
TN-2023-02351,07-03-2023,Tiruppur,Location_13,09:09,Two Wheeler,Rural Road,Rain,Weather,1,0,1,Male,52,No,No,319164,8.680986566,79.59550594
TN-2023-02352,27-12-2023,Erode,Location_12,11:33,Two Wheeler,Urban Street,Sunny,Over speed,2,3,1,Male,39,Yes,Yes,296676,9.833969432,79.84202683
TN-2023-02353,07-12-2023,Tirunelveli,Location_10,22:08,Bicycle,NH,Fog,Brake failure,1,2,0,Male,64,No,Yes,360395,12.62095656,78.29628494
TN-2023-02354,15-09-2023,Coimbatore,Location_65,04:07,Two Wheeler,SH,Sunny,Reckless driving,5,0,0,Female,24,No,Yes,441781,12.46268865,77.47921744
TN-2023-02355,06-09-2023,Coimbatore,Location_96,20:13,Two Wheeler,SH,Clear,Reckless driving,4,3,0,Male,28,No,Yes,20691,8.156027256,79.47572905
TN-2023-02356,27-11-2023,Tiruppur,Location_30,06:06,Auto Rickshaw,SH,Sunny,Brake failure,4,2,0,Male,27,Yes,Yes,414754,8.771521071,77.44412406
TN-2023-02357,19-11-2023,Tiruppur,Location_8,08:02,Auto Rickshaw,SH,Cloudy,Poor road,4,2,0,Male,31,Yes,Yes,436896,12.15745669,76.66639949
TN-2023-02358,29-06-2023,Chennai,Location_21,13:16,Two Wheeler,SH,Sunny,Reckless driving,2,1,0,Male,52,Yes,No,148340,9.84653093,79.75608902
TN-2023-02359,09-07-2023,Trichy,Location_22,17:43,Lorry,SH,Cloudy,Weather,2,1,0,Female,63,Yes,Yes,183684,11.53975087,77.85058418
TN-2023-02360,03-06-2023,Tirunelveli,Location_18,21:45,Bus,Rural Road,Rain,Brake failure,2,1,0,Male,53,Yes,Yes,12179,11.09471656,78.56875195
TN-2023-02361,15-07-2023,Thoothukudi,Location_66,12:13,Lorry,Rural Road,Cloudy,Reckless driving,4,0,0,Male,23,Yes,Yes,267331,11.58637023,80.13299821
TN-2023-02362,07-11-2023,Madurai,Location_48,08:50,Car,SH,Sunny,Reckless driving,4,2,0,Male,22,Yes,Yes,23448,8.29533103,76.6110848
TN-2023-02363,19-09-2023,Tirunelveli,Location_44,01:10,Bicycle,NH,Sunny,Drunk drive,4,1,1,Male,59,No,No,332601,13.12115563,78.50732753
TN-2023-02364,23-05-2023,Tirunelveli,Location_9,16:33,Two Wheeler,NH,Sunny,Over speed,5,3,0,Female,24,No,Yes,346963,8.115332524,78.51444066
TN-2023-02365,08-12-2023,Tirunelveli,Location_67,18:38,Two Wheeler,Rural Road,Clear,Reckless driving,5,0,0,Male,32,No,Yes,162022,8.044178728,79.87851088
TN-2023-02366,12-11-2023,Coimbatore,Location_54,17:12,Two Wheeler,Rural Road,Rain,Reckless driving,4,1,0,Female,38,Yes,No,135056,9.243841513,77.53566538
TN-2023-02367,11-04-2023,Erode,Location_26,04:49,Two Wheeler,SH,Cloudy,Drunk drive,2,0,1,Male,35,Yes,Yes,233562,13.46422756,77.8054634
TN-2023-02368,01-09-2023,Coimbatore,Location_85,22:57,Auto Rickshaw,NH,Fog,Brake failure,2,2,0,Female,18,Yes,Yes,340477,8.39892839,78.33681923
TN-2023-02369,12-01-2023,Erode,Location_94,15:46,Car,Urban Street,Cloudy,Brake failure,5,3,1,Male,21,Yes,No,134052,12.80975096,76.75239992
TN-2023-02370,27-08-2023,Tiruppur,Location_92,07:25,Two Wheeler,SH,Sunny,Drunk drive,5,2,0,Male,28,No,Yes,246268,8.874989887,78.11797627
TN-2023-02371,18-02-2023,Madurai,Location_26,14:56,Two Wheeler,Rural Road,Fog,Drunk drive,4,3,0,Male,27,Yes,Yes,63239,8.600068113,77.96236807
TN-2023-02372,11-02-2023,Coimbatore,Location_34,00:27,Two Wheeler,Rural Road,Fog,Poor road,4,2,0,Female,62,Yes,Yes,101664,12.28433719,76.88827514
TN-2023-02373,15-06-2023,Erode,Location_8,16:46,Truck,Rural Road,Cloudy,Over speed,2,0,0,Male,36,No,No,164630,12.65673293,79.74860133
TN-2023-02374,23-03-2023,Coimbatore,Location_10,13:13,Car,Urban Street,Cloudy,Drunk drive,3,2,0,Male,59,Yes,Yes,116496,12.35700589,77.93965193
TN-2023-02375,18-10-2023,Salem,Location_48,09:33,Car,NH,Cloudy,Over speed,2,3,0,Male,47,Yes,Yes,484372,9.325658836,77.3772966
TN-2023-02376,07-06-2023,Coimbatore,Location_55,05:48,Bus,Rural Road,Cloudy,Reckless driving,2,0,0,Female,58,Yes,Yes,417462,12.83913499,76.58668406
TN-2023-02377,04-08-2023,Madurai,Location_54,04:30,Lorry,SH,Rain,Weather,4,0,0,Female,58,Yes,Yes,495923,8.395369877,76.40386507
TN-2023-02378,07-06-2023,Madurai,Location_78,04:14,Car,Urban Street,Clear,Brake failure,3,3,1,Male,37,No,Yes,227953,9.880876048,80.32102102
TN-2023-02379,14-05-2023,Erode,Location_40,14:51,Two Wheeler,NH,Clear,Drunk drive,3,3,0,Female,44,No,Yes,470026,10.54750719,80.47819047
TN-2023-02380,08-03-2023,Erode,Location_15,10:04,Auto Rickshaw,SH,Cloudy,Weather,4,0,2,Male,29,Yes,Yes,52481,8.372543994,80.04066423
TN-2023-02381,02-12-2023,Tiruppur,Location_81,00:10,Bus,SH,Clear,Brake failure,1,3,0,Female,31,Yes,Yes,106321,11.18913803,78.06384144
TN-2023-02382,07-01-2023,Madurai,Location_18,10:05,Bus,Urban Street,Cloudy,Poor road,4,2,0,Female,51,Yes,Yes,29465,11.07660659,79.63562092
TN-2023-02383,14-01-2023,Madurai,Location_96,22:39,Bicycle,Urban Street,Cloudy,Brake failure,5,2,1,Male,59,No,No,93572,13.45700416,79.75426989
TN-2023-02384,14-03-2023,Chennai,Location_23,01:14,Lorry,Urban Street,Cloudy,Drunk drive,3,2,0,Male,55,Yes,Yes,50449,11.41915202,77.34914145
TN-2023-02385,12-06-2023,Tirunelveli,Location_62,22:21,Lorry,Rural Road,Rain,Weather,4,0,2,Male,19,No,Yes,383019,10.18650122,78.63713073
TN-2023-02386,07-03-2023,Vellore,Location_46,08:46,Truck,NH,Sunny,Weather,2,2,0,Female,49,Yes,Yes,285443,12.34601666,80.30569908
TN-2023-02387,13-12-2023,Coimbatore,Location_87,07:29,Two Wheeler,Rural Road,Clear,Weather,2,0,0,Male,35,No,Yes,284515,9.842318523,77.2603051
TN-2023-02388,10-05-2023,Trichy,Location_99,15:58,Car,Urban Street,Clear,Brake failure,2,3,0,Male,38,No,Yes,442432,10.9307776,78.98298868
TN-2023-02389,25-07-2023,Tiruppur,Location_39,13:46,Car,Urban Street,Rain,Over speed,4,2,1,Male,63,No,Yes,48266,8.305082837,78.98143506
TN-2023-02390,03-10-2023,Tirunelveli,Location_15,19:29,Two Wheeler,Urban Street,Rain,Over speed,1,0,1,Male,28,No,Yes,347931,9.77466176,78.03701793
TN-2023-02391,13-09-2023,Vellore,Location_53,12:08,Auto Rickshaw,Rural Road,Cloudy,Brake failure,5,1,0,Female,47,Yes,Yes,315673,10.90459408,78.20647985
TN-2023-02392,23-09-2023,Chennai,Location_88,00:58,Lorry,SH,Cloudy,Drunk drive,2,2,0,Male,36,No,Yes,109880,11.86271542,78.05372131
TN-2023-02393,25-01-2023,Trichy,Location_64,05:07,Bus,Urban Street,Sunny,Brake failure,4,2,0,Male,57,Yes,Yes,29228,8.544680347,78.34484615
TN-2023-02394,08-10-2023,Erode,Location_63,19:17,Bicycle,Rural Road,Clear,Over speed,1,0,0,Female,47,No,Yes,360859,12.38452701,76.66950008
TN-2023-02395,10-09-2023,Madurai,Location_92,17:31,Two Wheeler,Urban Street,Rain,Brake failure,3,0,0,Male,52,Yes,Yes,211153,12.95087443,79.576362
TN-2023-02396,06-11-2023,Salem,Location_80,16:31,Bus,Rural Road,Sunny,Weather,3,3,0,Male,21,Yes,Yes,128873,9.545704411,78.97483801
TN-2023-02397,16-10-2023,Tiruppur,Location_16,20:47,Car,NH,Clear,Drunk drive,5,0,0,Female,38,No,Yes,146759,12.20940619,80.38220023
TN-2023-02398,13-06-2023,Thoothukudi,Location_70,12:53,Two Wheeler,NH,Sunny,Drunk drive,4,3,0,Male,22,Yes,Yes,374429,8.991916701,77.10539435
TN-2023-02399,05-04-2023,Madurai,Location_66,03:35,Two Wheeler,Rural Road,Sunny,Poor road,4,1,0,Male,53,No,Yes,302620,10.87878729,76.65685709
TN-2023-02400,27-09-2023,Salem,Location_13,20:45,Auto Rickshaw,Urban Street,Cloudy,Brake failure,2,3,0,Male,44,Yes,Yes,100456,12.38699451,77.5414933
TN-2023-02401,17-11-2023,Vellore,Location_47,04:15,Car,Rural Road,Sunny,Reckless driving,1,2,0,Female,24,Yes,Yes,17623,10.12570427,78.29383631
TN-2023-02402,20-04-2023,Erode,Location_9,13:45,Lorry,NH,Cloudy,Reckless driving,5,0,0,Male,48,Yes,Yes,374129,8.144651386,76.92254299
TN-2023-02403,02-12-2023,Trichy,Location_63,13:56,Car,Rural Road,Clear,Reckless driving,1,1,0,Male,37,No,Yes,443690,10.96982056,78.07270464
TN-2023-02404,06-11-2023,Vellore,Location_34,13:50,Two Wheeler,NH,Clear,Weather,5,1,0,Female,42,Yes,No,165355,12.6458493,78.89175961
TN-2023-02405,26-08-2023,Madurai,Location_81,02:16,Two Wheeler,NH,Cloudy,Reckless driving,4,0,0,Male,55,No,Yes,385800,8.595800575,76.25277083
TN-2023-02406,25-01-2023,Madurai,Location_91,13:41,Two Wheeler,SH,Fog,Brake failure,4,2,0,Male,42,Yes,Yes,233731,8.163027712,79.41113438
TN-2023-02407,21-05-2023,Trichy,Location_29,12:53,Truck,Urban Street,Sunny,Poor road,5,0,0,Male,34,Yes,No,129299,12.44972427,80.22870076
TN-2023-02408,27-04-2023,Thoothukudi,Location_37,03:10,Two Wheeler,Rural Road,Clear,Poor road,1,0,0,Female,63,Yes,Yes,34708,9.469229183,77.20711697
TN-2023-02409,25-01-2023,Salem,Location_43,14:14,Bicycle,Urban Street,Sunny,Brake failure,3,0,1,Male,54,Yes,Yes,103311,10.00389038,79.49300067
TN-2023-02410,20-03-2023,Vellore,Location_86,01:42,Bicycle,Urban Street,Fog,Reckless driving,3,3,0,Male,32,Yes,Yes,204538,8.478401164,77.88070418
TN-2023-02411,09-03-2023,Erode,Location_64,01:22,Bicycle,NH,Sunny,Brake failure,2,1,0,Female,27,Yes,No,179238,8.531404414,78.98994698
TN-2023-02412,22-06-2023,Madurai,Location_24,04:12,Car,NH,Fog,Brake failure,2,1,0,Male,51,Yes,Yes,407180,11.37998846,79.34357232
TN-2023-02413,12-01-2023,Vellore,Location_71,00:06,Truck,Rural Road,Rain,Over speed,1,2,0,Male,61,No,Yes,256007,11.03726307,77.32738142
TN-2023-02414,15-10-2023,Thoothukudi,Location_34,06:41,Two Wheeler,Rural Road,Fog,Poor road,4,1,0,Male,60,No,Yes,427571,9.60820977,79.54328918
TN-2023-02415,08-05-2023,Vellore,Location_48,05:51,Two Wheeler,Rural Road,Clear,Drunk drive,1,0,0,Male,24,Yes,Yes,284346,10.49005656,76.47300101
TN-2023-02416,06-04-2023,Trichy,Location_12,11:12,Two Wheeler,NH,Cloudy,Reckless driving,5,1,0,Male,56,Yes,Yes,315627,10.1350877,80.44026181
TN-2023-02417,02-04-2023,Erode,Location_23,10:17,Truck,SH,Cloudy,Reckless driving,3,2,0,Male,42,Yes,No,284534,11.82279104,77.51661243
TN-2023-02418,21-05-2023,Chennai,Location_79,01:47,Two Wheeler,Rural Road,Sunny,Over speed,2,3,1,Male,56,Yes,Yes,232480,12.74148964,77.00711244
TN-2023-02419,31-01-2023,Trichy,Location_97,01:50,Car,NH,Rain,Weather,1,3,0,Male,63,Yes,Yes,255796,12.20806331,76.62394321
TN-2023-02420,30-11-2023,Vellore,Location_13,05:00,Two Wheeler,SH,Sunny,Drunk drive,1,0,2,Female,61,Yes,Yes,490900,8.024242073,79.65481956
TN-2023-02421,20-01-2023,Chennai,Location_87,10:49,Two Wheeler,Urban Street,Fog,Drunk drive,5,0,0,Male,45,Yes,Yes,487210,8.547544036,78.63650668
TN-2023-02422,26-05-2023,Madurai,Location_96,09:30,Two Wheeler,NH,Cloudy,Drunk drive,4,1,0,Male,59,No,No,218535,10.36157229,80.28251634
TN-2023-02423,12-11-2023,Chennai,Location_45,17:00,Auto Rickshaw,Rural Road,Fog,Poor road,4,1,0,Male,44,Yes,Yes,80719,12.68489371,78.91455276
TN-2023-02424,09-06-2023,Thoothukudi,Location_99,18:15,Car,Rural Road,Cloudy,Weather,3,2,0,Male,54,Yes,Yes,257309,9.303358034,77.53266843
TN-2023-02425,15-12-2023,Coimbatore,Location_65,06:14,Auto Rickshaw,SH,Cloudy,Over speed,2,0,0,Male,56,Yes,Yes,315405,12.83423648,79.7638564
TN-2023-02426,12-02-2023,Thoothukudi,Location_47,00:22,Bus,SH,Cloudy,Weather,4,2,0,Male,55,Yes,Yes,154552,8.605075122,77.26555769
TN-2023-02427,11-09-2023,Trichy,Location_58,20:40,Truck,NH,Clear,Reckless driving,4,3,0,Female,45,Yes,Yes,74627,8.399339181,77.30878308
TN-2023-02428,10-05-2023,Coimbatore,Location_5,01:16,Car,SH,Fog,Over speed,4,1,0,Male,51,Yes,Yes,497298,13.02380833,76.1272604
TN-2023-02429,01-03-2023,Trichy,Location_77,09:05,Car,NH,Sunny,Poor road,1,0,0,Male,46,Yes,No,223694,8.890873093,77.1341021
TN-2023-02430,31-05-2023,Tiruppur,Location_5,04:39,Car,SH,Rain,Reckless driving,4,1,0,Male,62,Yes,Yes,463382,10.5507657,77.17645398
TN-2023-02431,14-10-2023,Erode,Location_60,07:29,Car,Urban Street,Sunny,Weather,5,0,1,Male,25,Yes,Yes,291887,9.792763743,77.33884678
TN-2023-02432,05-01-2023,Tirunelveli,Location_96,04:11,Auto Rickshaw,Rural Road,Fog,Drunk drive,3,3,1,Male,30,Yes,Yes,250240,8.812000391,77.6588287
TN-2023-02433,23-09-2023,Madurai,Location_21,06:44,Car,Rural Road,Rain,Weather,4,2,0,Male,63,No,Yes,344703,11.47661058,78.59503292
TN-2023-02434,11-12-2023,Madurai,Location_24,12:48,Lorry,Urban Street,Sunny,Reckless driving,2,0,0,Female,54,Yes,No,334578,13.30019993,76.97375959
TN-2023-02435,10-05-2023,Tiruppur,Location_18,03:49,Lorry,Rural Road,Rain,Poor road,1,1,0,Female,20,No,No,416751,11.61960196,78.86542458
TN-2023-02436,24-09-2023,Vellore,Location_21,09:02,Two Wheeler,Rural Road,Fog,Poor road,5,0,0,Female,31,Yes,Yes,251485,9.945342755,76.59991777
TN-2023-02437,27-06-2023,Salem,Location_54,11:00,Bus,Rural Road,Cloudy,Poor road,3,2,0,Male,49,Yes,No,245797,11.91488326,80.18909904
TN-2023-02438,10-09-2023,Trichy,Location_10,10:49,Two Wheeler,Rural Road,Fog,Over speed,1,3,2,Male,40,Yes,Yes,262810,8.787864855,76.11749606
TN-2023-02439,25-02-2023,Tirunelveli,Location_24,12:16,Car,Urban Street,Clear,Weather,5,1,1,Male,40,Yes,Yes,97260,11.19008971,80.0868905
TN-2023-02440,24-03-2023,Tirunelveli,Location_85,07:31,Bus,NH,Rain,Drunk drive,1,3,0,Male,30,No,Yes,281593,10.58201595,78.46240117
TN-2023-02441,09-04-2023,Thoothukudi,Location_89,19:50,Bicycle,Rural Road,Fog,Drunk drive,3,3,0,Male,58,Yes,No,182597,9.979909643,79.19520405
TN-2023-02442,29-05-2023,Thoothukudi,Location_60,16:33,Two Wheeler,Urban Street,Cloudy,Brake failure,3,2,0,Female,56,Yes,No,322757,12.06762016,77.34254229
TN-2023-02443,25-11-2023,Salem,Location_57,02:34,Two Wheeler,Rural Road,Cloudy,Poor road,4,0,0,Male,38,No,Yes,253485,8.6516793,76.78209453
TN-2023-02444,05-06-2023,Vellore,Location_23,05:41,Two Wheeler,Urban Street,Fog,Reckless driving,2,0,0,Male,60,Yes,Yes,79269,10.93034762,80.26282619
TN-2023-02445,09-07-2023,Tiruppur,Location_22,21:17,Two Wheeler,Urban Street,Sunny,Drunk drive,4,0,0,Male,48,Yes,Yes,241575,12.6991853,77.98451718
TN-2023-02446,20-09-2023,Chennai,Location_68,17:45,Lorry,NH,Fog,Poor road,1,0,0,Female,24,No,Yes,68826,9.109405856,78.16230806
TN-2023-02447,21-03-2023,Thoothukudi,Location_34,15:38,Auto Rickshaw,SH,Cloudy,Drunk drive,4,1,0,Male,53,Yes,Yes,255995,9.454976831,80.43555282
TN-2023-02448,09-09-2023,Vellore,Location_70,00:48,Bus,NH,Fog,Weather,3,3,0,Male,36,No,Yes,203040,11.63369486,77.5123096
TN-2023-02449,07-04-2023,Erode,Location_28,22:24,Auto Rickshaw,NH,Clear,Brake failure,3,0,0,Male,39,Yes,Yes,191873,12.24922827,76.45086221
TN-2023-02450,17-09-2023,Madurai,Location_95,04:26,Two Wheeler,Rural Road,Sunny,Poor road,3,3,0,Male,41,Yes,Yes,490988,9.558345808,78.641114
TN-2023-02451,17-09-2023,Madurai,Location_99,00:20,Two Wheeler,Urban Street,Fog,Over speed,4,1,0,Female,41,No,Yes,347892,9.979439047,78.49663411
TN-2023-02452,13-04-2023,Vellore,Location_39,16:09,Two Wheeler,SH,Cloudy,Over speed,5,1,0,Male,38,No,Yes,422366,12.06951866,79.47896966
TN-2023-02453,09-02-2023,Salem,Location_42,11:24,Auto Rickshaw,Urban Street,Fog,Drunk drive,4,1,0,Female,60,No,Yes,170387,9.569280158,80.29785143
TN-2023-02454,30-09-2023,Tiruppur,Location_23,19:56,Bus,Rural Road,Fog,Weather,4,3,0,Male,30,Yes,Yes,435344,11.66436128,77.3845347
TN-2023-02455,11-04-2023,Tirunelveli,Location_70,01:54,Bus,Urban Street,Rain,Reckless driving,4,0,0,Male,23,Yes,Yes,178436,8.873591129,79.24808401
TN-2023-02456,25-12-2023,Salem,Location_80,15:14,Two Wheeler,Rural Road,Fog,Poor road,4,3,0,Male,45,No,Yes,139052,10.26220753,77.95526383
TN-2023-02457,04-11-2023,Vellore,Location_2,12:49,Two Wheeler,NH,Clear,Brake failure,3,0,0,Male,49,Yes,Yes,218264,11.78772465,79.52697755
TN-2023-02458,09-08-2023,Tiruppur,Location_24,19:53,Truck,NH,Cloudy,Weather,2,2,0,Male,30,No,Yes,265593,10.52947506,76.73924633
TN-2023-02459,04-11-2023,Tiruppur,Location_17,13:49,Two Wheeler,Rural Road,Rain,Drunk drive,4,0,0,Male,51,No,Yes,357162,8.105805416,78.25385388
TN-2023-02460,04-05-2023,Trichy,Location_65,01:33,Lorry,NH,Fog,Weather,4,0,0,Male,49,No,Yes,273786,10.23509196,76.34734118
TN-2023-02461,19-08-2023,Coimbatore,Location_70,02:36,Two Wheeler,Urban Street,Sunny,Brake failure,2,0,0,Male,31,Yes,Yes,272246,9.5858441,78.52528538
TN-2023-02462,27-06-2023,Madurai,Location_69,15:53,Two Wheeler,SH,Clear,Weather,4,1,0,Male,49,Yes,Yes,496888,8.557052006,76.76038124
TN-2023-02463,04-03-2023,Vellore,Location_60,14:11,Bus,SH,Clear,Poor road,2,2,0,Male,62,No,Yes,70384,8.050259064,80.32020281
TN-2023-02464,26-04-2023,Tirunelveli,Location_50,08:57,Two Wheeler,Urban Street,Clear,Drunk drive,3,0,0,Male,22,No,Yes,60261,8.250334709,78.49448649
TN-2023-02465,10-07-2023,Coimbatore,Location_93,13:28,Bus,SH,Rain,Brake failure,5,2,0,Male,52,No,Yes,439552,13.22086212,78.38218565
TN-2023-02466,03-03-2023,Erode,Location_12,20:47,Bus,Urban Street,Fog,Drunk drive,4,3,2,Male,21,No,Yes,300995,12.12400564,80.37548826
TN-2023-02467,13-09-2023,Thoothukudi,Location_47,10:37,Car,Rural Road,Clear,Reckless driving,5,3,0,Female,31,Yes,Yes,448139,13.16857942,78.24286879
TN-2023-02468,07-01-2023,Trichy,Location_67,09:07,Lorry,SH,Fog,Poor road,4,1,0,Male,35,Yes,Yes,460080,8.631311431,79.04526909
TN-2023-02469,04-06-2023,Thoothukudi,Location_65,15:02,Car,Rural Road,Sunny,Brake failure,1,3,0,Female,28,No,Yes,61771,11.13780344,76.21006688
TN-2023-02470,02-04-2023,Coimbatore,Location_27,01:15,Two Wheeler,Rural Road,Fog,Reckless driving,1,2,1,Male,36,Yes,Yes,7007,8.458087108,79.18752467
TN-2023-02471,14-01-2023,Coimbatore,Location_48,18:29,Bus,Urban Street,Fog,Reckless driving,3,2,0,Male,19,Yes,Yes,238346,8.147435152,76.46939668
TN-2023-02472,17-08-2023,Thoothukudi,Location_88,08:15,Car,SH,Fog,Reckless driving,5,2,0,Male,51,No,Yes,108560,10.56454629,79.51105583
TN-2023-02473,27-03-2023,Tirunelveli,Location_62,21:57,Two Wheeler,NH,Cloudy,Brake failure,5,2,0,Male,20,No,Yes,306834,11.55488951,79.94580625
TN-2023-02474,13-05-2023,Tirunelveli,Location_44,03:09,Auto Rickshaw,NH,Rain,Drunk drive,2,2,0,Female,46,Yes,Yes,471911,8.349592985,77.41960541
TN-2023-02475,02-07-2023,Chennai,Location_19,18:44,Car,NH,Fog,Weather,2,1,1,Male,40,Yes,Yes,297074,10.00782844,79.95158506
TN-2023-02476,03-03-2023,Erode,Location_59,17:46,Auto Rickshaw,NH,Clear,Weather,4,0,0,Male,18,No,Yes,342395,8.495918509,78.17186534
TN-2023-02477,07-08-2023,Tirunelveli,Location_8,03:08,Auto Rickshaw,Urban Street,Cloudy,Reckless driving,2,3,0,Male,59,No,Yes,88198,9.99157003,78.57209237
TN-2023-02478,03-09-2023,Erode,Location_55,03:28,Two Wheeler,Rural Road,Fog,Over speed,2,2,0,Female,23,Yes,Yes,441028,10.59487634,77.84942292
TN-2023-02479,18-08-2023,Erode,Location_47,15:27,Car,SH,Cloudy,Over speed,5,3,0,Male,34,No,Yes,241007,9.856422619,78.14443957
TN-2023-02480,20-03-2023,Coimbatore,Location_2,20:46,Two Wheeler,Urban Street,Rain,Brake failure,1,1,0,Female,36,Yes,Yes,96484,11.16936963,80.08721904
TN-2023-02481,29-05-2023,Erode,Location_94,01:58,Two Wheeler,NH,Cloudy,Drunk drive,5,1,1,Male,61,Yes,Yes,415337,11.21524531,80.26282481
TN-2023-02482,18-05-2023,Trichy,Location_94,13:34,Auto Rickshaw,SH,Clear,Brake failure,2,0,0,Male,19,No,Yes,188663,9.83114433,78.00641024
TN-2023-02483,10-11-2023,Thoothukudi,Location_39,21:27,Lorry,Urban Street,Fog,Drunk drive,4,1,0,Male,32,Yes,Yes,65918,10.14279129,78.31462663
TN-2023-02484,06-03-2023,Chennai,Location_45,22:35,Two Wheeler,Rural Road,Clear,Poor road,1,0,0,Male,40,Yes,Yes,452585,10.4258609,76.52278743
TN-2023-02485,13-01-2023,Vellore,Location_32,00:22,Car,NH,Sunny,Over speed,2,2,0,Male,36,Yes,Yes,358556,10.06609319,77.46529515
TN-2023-02486,01-08-2023,Salem,Location_65,08:16,Bicycle,SH,Cloudy,Brake failure,2,1,0,Male,50,Yes,Yes,91040,12.18356213,78.30956731
TN-2023-02487,30-08-2023,Chennai,Location_38,13:48,Car,SH,Cloudy,Poor road,4,3,0,Male,23,Yes,Yes,81244,8.769711272,76.91162238
TN-2023-02488,01-08-2023,Trichy,Location_77,00:41,Lorry,NH,Cloudy,Weather,4,1,0,Male,36,Yes,Yes,27077,12.71369486,78.59439969
TN-2023-02489,30-06-2023,Chennai,Location_11,22:47,Lorry,Rural Road,Rain,Over speed,2,1,0,Male,47,No,Yes,326107,9.821880596,79.08377455
TN-2023-02490,04-12-2023,Erode,Location_10,18:23,Two Wheeler,NH,Clear,Drunk drive,2,2,0,Male,39,Yes,Yes,426399,11.9817847,78.9248202
TN-2023-02491,22-06-2023,Coimbatore,Location_59,02:11,Two Wheeler,Rural Road,Sunny,Reckless driving,5,0,0,Female,20,No,Yes,238156,12.86076687,77.99130622
TN-2023-02492,09-06-2023,Salem,Location_90,02:14,Bus,SH,Rain,Weather,3,0,0,Female,22,Yes,Yes,286000,12.88098986,79.46193604
TN-2023-02493,13-06-2023,Tirunelveli,Location_55,16:49,Car,NH,Rain,Weather,4,1,1,Male,47,Yes,No,274240,10.48800789,77.43785085
TN-2023-02494,07-07-2023,Coimbatore,Location_20,06:18,Car,Rural Road,Fog,Poor road,4,3,0,Female,20,No,No,230857,9.411317368,78.1117462
TN-2023-02495,10-07-2023,Erode,Location_81,06:04,Bus,Rural Road,Sunny,Brake failure,5,1,0,Female,56,Yes,No,215681,11.33168236,77.215697
TN-2023-02496,04-11-2023,Erode,Location_17,07:20,Lorry,Urban Street,Cloudy,Reckless driving,1,3,0,Male,56,Yes,Yes,346256,9.011796558,78.71632866
TN-2023-02497,13-09-2023,Salem,Location_68,15:47,Two Wheeler,Rural Road,Cloudy,Brake failure,1,2,0,Male,45,No,Yes,143474,12.3482828,77.98318165
TN-2023-02498,02-07-2023,Salem,Location_5,18:56,Two Wheeler,NH,Fog,Poor road,1,2,0,Male,18,No,Yes,321039,11.91239695,76.97700736
TN-2023-02499,27-04-2023,Madurai,Location_60,14:06,Two Wheeler,NH,Cloudy,Weather,4,0,0,Female,39,Yes,Yes,404485,12.37602288,77.3868323
TN-2023-02500,09-10-2023,Tiruppur,Location_23,04:22,Car,Rural Road,Clear,Over speed,3,3,0,Female,62,Yes,Yes,224743,10.3829163,77.25760635
TN-2023-02501,15-07-2023,Tiruppur,Location_46,10:09,Two Wheeler,NH,Cloudy,Weather,3,1,0,Male,62,No,Yes,447169,11.06585565,80.09910724
TN-2023-02502,03-02-2023,Coimbatore,Location_52,20:54,Car,SH,Clear,Poor road,5,1,0,Male,64,Yes,Yes,356046,8.564996501,78.34879424
TN-2023-02503,21-02-2023,Tirunelveli,Location_10,08:32,Two Wheeler,SH,Fog,Weather,1,1,0,Male,56,Yes,Yes,38317,11.7820509,78.93695127
TN-2023-02504,22-04-2023,Chennai,Location_46,19:32,Car,NH,Fog,Reckless driving,1,1,1,Male,34,Yes,Yes,204827,10.67761274,80.20630198
TN-2023-02505,09-09-2023,Erode,Location_28,07:34,Two Wheeler,Rural Road,Clear,Weather,2,2,0,Male,59,Yes,Yes,432514,10.80081066,76.81998008
TN-2023-02506,23-03-2023,Erode,Location_97,01:35,Car,SH,Cloudy,Weather,5,3,0,Male,45,No,No,181686,12.65845682,80.21602191
TN-2023-02507,20-08-2023,Madurai,Location_43,18:42,Two Wheeler,Rural Road,Fog,Weather,5,2,0,Male,47,Yes,Yes,72662,12.2477661,78.42836744
TN-2023-02508,15-08-2023,Coimbatore,Location_26,04:28,Two Wheeler,NH,Fog,Over speed,4,3,0,Male,57,Yes,Yes,207726,10.94355898,79.85296394
TN-2023-02509,21-08-2023,Coimbatore,Location_55,09:55,Auto Rickshaw,Urban Street,Clear,Drunk drive,4,0,0,Female,25,Yes,Yes,288163,9.953084797,76.75598
TN-2023-02510,09-08-2023,Thoothukudi,Location_48,22:39,Two Wheeler,SH,Fog,Drunk drive,5,3,0,Male,44,Yes,Yes,337254,10.45539493,77.22821146
TN-2023-02511,11-02-2023,Salem,Location_29,12:28,Bus,NH,Cloudy,Brake failure,3,1,0,Male,58,Yes,Yes,279363,9.929200192,76.87376963
TN-2023-02512,21-01-2023,Tirunelveli,Location_27,04:57,Auto Rickshaw,SH,Fog,Drunk drive,5,2,0,Male,62,No,Yes,277661,8.833829792,78.94039803
TN-2023-02513,11-02-2023,Salem,Location_18,11:58,Car,Rural Road,Clear,Drunk drive,3,1,0,Male,42,No,Yes,64111,11.55176786,76.63342631
TN-2023-02514,23-04-2023,Tirunelveli,Location_60,12:21,Auto Rickshaw,Urban Street,Cloudy,Drunk drive,4,3,0,Male,30,No,Yes,193528,11.80333251,79.56635148
TN-2023-02515,15-04-2023,Trichy,Location_74,07:14,Two Wheeler,Urban Street,Sunny,Weather,5,3,0,Female,51,Yes,Yes,420410,13.34165519,77.12696331
TN-2023-02516,11-07-2023,Vellore,Location_69,12:00,Car,NH,Clear,Weather,3,0,0,Male,56,Yes,Yes,499359,10.50637462,77.14963958
TN-2023-02517,17-01-2023,Tiruppur,Location_74,21:37,Car,SH,Sunny,Reckless driving,2,3,0,Male,24,Yes,Yes,290921,13.48510827,77.26504583
TN-2023-02518,30-04-2023,Tiruppur,Location_21,10:44,Two Wheeler,Urban Street,Fog,Over speed,2,3,1,Male,39,No,Yes,108496,9.02904222,79.35874643
TN-2023-02519,09-05-2023,Tirunelveli,Location_24,20:51,Two Wheeler,SH,Cloudy,Weather,5,1,0,Male,50,Yes,No,410564,11.61146958,80.15897178
TN-2023-02520,10-05-2023,Tiruppur,Location_3,00:10,Two Wheeler,Rural Road,Fog,Weather,1,3,0,Male,63,No,Yes,165257,13.47122754,80.08379506
TN-2023-02521,01-03-2023,Salem,Location_95,10:39,Bus,Rural Road,Cloudy,Drunk drive,5,3,0,Female,55,No,Yes,131316,11.52178733,76.45564399
TN-2023-02522,17-02-2023,Erode,Location_62,21:34,Truck,NH,Rain,Over speed,4,2,0,Male,48,No,Yes,200672,10.48803443,77.18096606
TN-2023-02523,29-01-2023,Salem,Location_2,18:43,Two Wheeler,Urban Street,Fog,Over speed,4,2,0,Male,62,Yes,Yes,196947,10.83388766,79.02481885
TN-2023-02524,07-04-2023,Tirunelveli,Location_66,05:27,Two Wheeler,Urban Street,Fog,Drunk drive,2,0,0,Male,50,Yes,Yes,224574,12.65031126,78.78347788
TN-2023-02525,10-01-2023,Coimbatore,Location_42,22:07,Two Wheeler,SH,Fog,Drunk drive,3,0,0,Male,39,No,Yes,270219,13.16510773,77.57513079
TN-2023-02526,30-08-2023,Salem,Location_34,04:41,Car,Rural Road,Clear,Over speed,2,1,0,Male,44,Yes,Yes,430458,10.49659592,79.88279496
TN-2023-02527,10-11-2023,Tiruppur,Location_42,21:47,Lorry,Urban Street,Cloudy,Poor road,3,1,1,Male,44,No,Yes,138863,12.24803516,76.58709824
TN-2023-02528,20-08-2023,Madurai,Location_20,11:16,Two Wheeler,NH,Cloudy,Drunk drive,5,2,1,Male,38,No,Yes,34310,13.13528631,78.87564345
TN-2023-02529,04-10-2023,Thoothukudi,Location_97,05:08,Two Wheeler,NH,Cloudy,Drunk drive,1,2,0,Male,52,Yes,Yes,94868,9.551663166,77.22888014
TN-2023-02530,11-10-2023,Erode,Location_68,09:19,Bus,Urban Street,Clear,Over speed,4,2,0,Male,64,Yes,Yes,55908,10.71238327,78.3722858
TN-2023-02531,22-07-2023,Tiruppur,Location_45,13:13,Auto Rickshaw,NH,Cloudy,Poor road,5,0,0,Female,27,No,No,53863,13.47479655,77.74368957
TN-2023-02532,04-09-2023,Madurai,Location_75,16:26,Car,Urban Street,Fog,Reckless driving,2,0,0,Male,64,No,Yes,207906,9.944132109,80.40880795
TN-2023-02533,17-10-2023,Tirunelveli,Location_42,15:35,Car,Urban Street,Sunny,Poor road,5,3,1,Male,45,Yes,Yes,84389,11.40828376,78.19011523
TN-2023-02534,21-09-2023,Trichy,Location_47,01:15,Two Wheeler,Urban Street,Rain,Brake failure,1,0,0,Male,57,No,Yes,470005,11.61367356,80.39242027
TN-2023-02535,02-08-2023,Madurai,Location_5,00:02,Two Wheeler,Urban Street,Cloudy,Poor road,3,3,1,Female,54,Yes,Yes,373998,8.847816348,77.14759413
TN-2023-02536,19-07-2023,Vellore,Location_89,22:10,Two Wheeler,SH,Clear,Drunk drive,1,1,1,Male,58,Yes,Yes,355073,12.43639364,79.4557342
TN-2023-02537,20-03-2023,Trichy,Location_49,15:57,Two Wheeler,Urban Street,Clear,Weather,2,0,1,Female,50,Yes,Yes,71299,10.27095335,79.22676156
TN-2023-02538,09-12-2023,Chennai,Location_37,17:46,Auto Rickshaw,NH,Cloudy,Over speed,1,1,0,Male,25,Yes,Yes,346309,10.75177877,79.81440379
TN-2023-02539,10-12-2023,Erode,Location_34,08:43,Car,Rural Road,Sunny,Reckless driving,4,3,0,Male,54,No,Yes,157768,11.53563359,79.12123359
TN-2023-02540,22-06-2023,Tiruppur,Location_73,17:04,Two Wheeler,SH,Cloudy,Drunk drive,1,1,0,Female,58,No,Yes,102802,10.25766582,79.07061594
TN-2023-02541,10-03-2023,Chennai,Location_70,07:02,Two Wheeler,Rural Road,Clear,Reckless driving,5,1,0,Male,50,Yes,Yes,323294,9.787953561,78.97318491
TN-2023-02542,28-03-2023,Salem,Location_18,01:24,Two Wheeler,Rural Road,Rain,Over speed,3,0,0,Male,36,No,Yes,68920,11.00536901,80.43273207
TN-2023-02543,11-04-2023,Tirunelveli,Location_78,18:39,Car,Rural Road,Sunny,Reckless driving,4,3,1,Male,47,Yes,Yes,169368,9.907317138,77.02643999
TN-2023-02544,08-01-2023,Erode,Location_19,01:18,Two Wheeler,Rural Road,Cloudy,Poor road,4,3,0,Male,31,Yes,Yes,367894,10.38771348,76.13551158
TN-2023-02545,29-11-2023,Coimbatore,Location_78,00:26,Two Wheeler,Rural Road,Rain,Over speed,4,2,0,Male,31,No,Yes,362018,8.596241299,79.05086889
TN-2023-02546,19-07-2023,Trichy,Location_40,21:44,Car,NH,Cloudy,Drunk drive,2,0,0,Male,53,Yes,Yes,429052,12.64608684,76.77551996
TN-2023-02547,28-03-2023,Coimbatore,Location_17,22:51,Two Wheeler,Urban Street,Sunny,Weather,2,0,0,Male,24,Yes,Yes,383761,10.26438974,79.05722769
TN-2023-02548,12-02-2023,Chennai,Location_60,16:34,Two Wheeler,NH,Clear,Drunk drive,5,3,0,Male,60,No,Yes,322391,8.455312041,77.43858435
TN-2023-02549,19-04-2023,Madurai,Location_99,08:04,Two Wheeler,SH,Sunny,Brake failure,3,0,1,Male,51,Yes,Yes,433260,12.34513063,76.19508273
TN-2023-02550,01-06-2023,Madurai,Location_93,05:03,Two Wheeler,NH,Fog,Over speed,1,1,0,Male,49,Yes,Yes,433955,8.107939212,79.46395597
TN-2023-02551,17-01-2023,Tirunelveli,Location_42,16:52,Two Wheeler,SH,Cloudy,Drunk drive,5,2,0,Male,59,Yes,Yes,64265,11.2964041,76.23241679
TN-2023-02552,13-05-2023,Chennai,Location_81,20:52,Two Wheeler,Urban Street,Rain,Poor road,2,3,0,Female,50,No,Yes,196462,11.86465068,77.00862242
TN-2023-02553,28-05-2023,Thoothukudi,Location_72,15:30,Lorry,Rural Road,Rain,Poor road,5,0,0,Male,31,No,Yes,418986,9.051657241,77.51383885
TN-2023-02554,04-10-2023,Erode,Location_65,15:21,Bus,Urban Street,Sunny,Reckless driving,3,0,0,Male,42,Yes,Yes,196886,8.721926861,76.59737253
TN-2023-02555,20-08-2023,Trichy,Location_53,10:33,Car,NH,Sunny,Drunk drive,5,1,0,Male,45,No,No,131138,8.626356651,80.11106122
TN-2023-02556,10-11-2023,Madurai,Location_7,16:14,Auto Rickshaw,NH,Sunny,Reckless driving,4,0,0,Male,59,No,Yes,421202,13.46331495,78.79826421
TN-2023-02557,16-08-2023,Madurai,Location_5,17:09,Two Wheeler,Urban Street,Rain,Brake failure,1,0,0,Male,56,Yes,Yes,20520,12.15297754,79.93928176
TN-2023-02558,19-05-2023,Coimbatore,Location_24,05:31,Auto Rickshaw,Urban Street,Clear,Over speed,2,1,0,Male,47,Yes,Yes,433086,9.719907587,79.06923428
TN-2023-02559,30-07-2023,Coimbatore,Location_28,20:47,Two Wheeler,NH,Rain,Brake failure,2,0,0,Male,48,Yes,Yes,399959,9.845567216,80.46375433
TN-2023-02560,28-01-2023,Tiruppur,Location_62,04:43,Two Wheeler,Urban Street,Clear,Weather,3,2,0,Female,41,Yes,Yes,232146,11.56743615,78.36318759
TN-2023-02561,20-02-2023,Salem,Location_17,05:13,Two Wheeler,SH,Sunny,Reckless driving,3,1,0,Male,21,Yes,Yes,101211,10.51719577,76.24193459
TN-2023-02562,18-09-2023,Thoothukudi,Location_20,22:15,Two Wheeler,SH,Fog,Drunk drive,3,3,0,Female,31,Yes,Yes,291259,9.492370792,76.7238639
TN-2023-02563,18-09-2023,Coimbatore,Location_3,06:01,Truck,NH,Rain,Reckless driving,2,2,0,Male,26,No,Yes,362394,8.314031336,78.64794698
TN-2023-02564,16-12-2023,Coimbatore,Location_37,05:40,Two Wheeler,NH,Sunny,Brake failure,4,0,0,Male,53,Yes,Yes,63790,12.31119505,77.56477843
TN-2023-02565,18-12-2023,Erode,Location_90,06:33,Two Wheeler,Urban Street,Rain,Weather,1,1,0,Male,23,No,Yes,405113,12.88524226,76.5080176
TN-2023-02566,08-01-2023,Tiruppur,Location_15,18:39,Two Wheeler,Urban Street,Sunny,Brake failure,3,1,0,Male,41,Yes,Yes,129374,9.132776073,77.07162884
TN-2023-02567,16-11-2023,Coimbatore,Location_51,10:24,Two Wheeler,Rural Road,Rain,Weather,2,0,0,Male,43,Yes,No,354883,8.348728128,78.13556829
TN-2023-02568,18-05-2023,Trichy,Location_48,03:15,Two Wheeler,SH,Cloudy,Poor road,4,3,0,Male,51,No,Yes,461713,8.652440281,78.33181842
TN-2023-02569,07-02-2023,Erode,Location_8,17:12,Two Wheeler,NH,Rain,Poor road,3,2,0,Female,18,Yes,Yes,194895,10.27842621,80.20561566
TN-2023-02570,21-04-2023,Salem,Location_13,04:26,Two Wheeler,NH,Cloudy,Drunk drive,3,0,1,Male,40,No,Yes,12489,9.64641536,76.40805662
TN-2023-02571,08-08-2023,Chennai,Location_48,01:10,Auto Rickshaw,NH,Clear,Brake failure,1,3,0,Male,34,No,Yes,234815,8.404017988,77.61013353
TN-2023-02572,03-12-2023,Erode,Location_3,00:12,Two Wheeler,NH,Rain,Poor road,1,1,0,Male,53,No,Yes,271329,10.50177809,78.27722145
TN-2023-02573,11-08-2023,Chennai,Location_65,04:17,Two Wheeler,Rural Road,Clear,Reckless driving,5,1,0,Male,54,Yes,Yes,54319,9.121553966,76.50970411
TN-2023-02574,16-05-2023,Madurai,Location_73,13:12,Car,SH,Fog,Over speed,3,1,0,Male,62,No,Yes,253210,8.368217186,79.0951091
TN-2023-02575,13-09-2023,Tiruppur,Location_31,06:07,Bicycle,Rural Road,Cloudy,Reckless driving,5,0,0,Male,37,Yes,Yes,261197,11.61860476,78.31762641
TN-2023-02576,26-12-2023,Salem,Location_26,17:06,Two Wheeler,SH,Rain,Poor road,2,3,1,Female,43,No,Yes,159592,11.14878461,78.06780363
TN-2023-02577,25-11-2023,Tiruppur,Location_81,19:48,Two Wheeler,NH,Clear,Poor road,1,0,0,Male,28,Yes,Yes,470782,12.54518844,78.95236258
TN-2023-02578,18-02-2023,Salem,Location_56,15:42,Truck,SH,Sunny,Brake failure,4,0,0,Male,37,Yes,No,53511,9.662548248,77.29516611
TN-2023-02579,19-10-2023,Tiruppur,Location_34,18:26,Two Wheeler,NH,Clear,Weather,3,2,0,Male,18,No,Yes,119186,8.747024726,77.52697196
TN-2023-02580,20-11-2023,Erode,Location_9,00:52,Car,Rural Road,Rain,Over speed,3,2,1,Male,61,Yes,Yes,178619,9.980884152,76.73214324
TN-2023-02581,19-03-2023,Tiruppur,Location_62,07:32,Two Wheeler,SH,Fog,Over speed,5,2,0,Male,30,No,Yes,256235,12.28288878,78.35676686
TN-2023-02582,15-04-2023,Vellore,Location_13,08:18,Truck,Urban Street,Cloudy,Weather,1,3,1,Female,53,Yes,Yes,35859,9.329566453,77.67583939
TN-2023-02583,18-06-2023,Salem,Location_69,20:40,Bicycle,SH,Sunny,Brake failure,5,1,0,Male,61,Yes,No,314949,9.402504675,77.17148889
TN-2023-02584,05-08-2023,Chennai,Location_41,20:24,Lorry,NH,Clear,Poor road,3,2,0,Male,55,Yes,Yes,130256,8.811715762,76.56133993
TN-2023-02585,29-04-2023,Salem,Location_77,09:55,Two Wheeler,Urban Street,Rain,Weather,1,1,0,Male,30,Yes,Yes,197150,13.42582899,76.10451342
TN-2023-02586,09-07-2023,Madurai,Location_1,22:10,Two Wheeler,NH,Rain,Over speed,3,3,0,Male,31,Yes,Yes,211119,13.32020404,76.87008522
TN-2023-02587,12-09-2023,Trichy,Location_89,00:19,Two Wheeler,Urban Street,Cloudy,Over speed,1,2,0,Female,29,Yes,Yes,383565,11.61928676,77.11341789
TN-2023-02588,23-09-2023,Vellore,Location_47,07:51,Auto Rickshaw,Urban Street,Sunny,Poor road,3,2,0,Female,51,Yes,Yes,303289,9.181499464,78.18446338
TN-2023-02589,29-05-2023,Tirunelveli,Location_4,11:31,Auto Rickshaw,SH,Clear,Poor road,4,1,0,Male,44,Yes,Yes,377799,12.21605986,77.08448481
TN-2023-02590,13-06-2023,Salem,Location_63,00:09,Two Wheeler,SH,Clear,Drunk drive,5,0,0,Male,29,Yes,Yes,339482,11.21163386,79.67944072
TN-2023-02591,20-05-2023,Coimbatore,Location_52,03:14,Bus,Urban Street,Clear,Reckless driving,1,3,1,Male,55,Yes,Yes,68699,12.12261376,78.13358001
TN-2023-02592,13-12-2023,Erode,Location_10,18:05,Two Wheeler,Urban Street,Cloudy,Weather,5,3,0,Male,53,No,Yes,24866,12.73225698,78.80714844
TN-2023-02593,15-09-2023,Erode,Location_28,04:04,Two Wheeler,Urban Street,Cloudy,Poor road,1,2,0,Female,18,No,Yes,274920,9.75160902,76.93572255
TN-2023-02594,26-09-2023,Tiruppur,Location_6,17:27,Car,NH,Sunny,Drunk drive,1,3,0,Male,43,No,Yes,456400,13.02534309,77.87257658
TN-2023-02595,30-06-2023,Tiruppur,Location_27,02:58,Two Wheeler,SH,Clear,Brake failure,1,1,0,Male,57,Yes,Yes,166260,12.94207081,78.71249811
TN-2023-02596,09-06-2023,Erode,Location_12,21:33,Two Wheeler,NH,Clear,Over speed,3,0,1,Male,57,Yes,Yes,23219,11.00921776,77.3997065
TN-2023-02597,17-12-2023,Thoothukudi,Location_62,03:17,Two Wheeler,SH,Sunny,Weather,2,0,0,Female,38,Yes,Yes,199873,11.76514354,77.51288834
TN-2023-02598,15-10-2023,Vellore,Location_52,08:50,Lorry,Rural Road,Sunny,Reckless driving,3,3,0,Male,49,No,Yes,26565,10.26069739,79.63341333
TN-2023-02599,15-10-2023,Vellore,Location_48,09:21,Auto Rickshaw,NH,Sunny,Brake failure,2,0,0,Male,42,Yes,Yes,170297,11.60306507,79.76731617
TN-2023-02600,14-08-2023,Chennai,Location_67,14:32,Truck,SH,Rain,Weather,3,1,0,Male,29,Yes,Yes,295394,11.0192716,78.3982342
TN-2023-02601,11-01-2023,Salem,Location_46,10:13,Bus,Urban Street,Sunny,Weather,2,2,0,Male,42,No,Yes,371388,9.775509397,80.0338484
TN-2023-02602,10-01-2023,Tirunelveli,Location_97,09:50,Car,Urban Street,Fog,Poor road,1,2,0,Male,43,No,Yes,325870,9.775612091,79.31506901
TN-2023-02603,28-09-2023,Erode,Location_74,20:47,Two Wheeler,SH,Cloudy,Drunk drive,1,3,0,Male,53,No,Yes,414148,11.58416341,76.24885714
TN-2023-02604,30-09-2023,Salem,Location_95,07:31,Bicycle,Urban Street,Sunny,Weather,2,3,1,Female,33,Yes,Yes,187730,13.26145417,78.51763051
TN-2023-02605,02-07-2023,Vellore,Location_15,01:22,Car,Urban Street,Rain,Reckless driving,2,3,0,Male,31,Yes,Yes,21177,9.108515543,79.14006984
TN-2023-02606,02-06-2023,Madurai,Location_71,06:18,Bus,Rural Road,Fog,Brake failure,5,2,1,Male,63,Yes,Yes,105405,10.15895159,78.43398174
TN-2023-02607,11-11-2023,Erode,Location_36,06:46,Bus,Rural Road,Rain,Reckless driving,1,3,0,Female,51,Yes,Yes,476337,12.43140055,79.74389133
TN-2023-02608,30-11-2023,Salem,Location_14,07:13,Auto Rickshaw,Rural Road,Rain,Weather,3,0,0,Female,41,Yes,Yes,331541,8.676563106,77.35376708
TN-2023-02609,04-05-2023,Vellore,Location_78,00:12,Two Wheeler,NH,Rain,Reckless driving,5,2,0,Male,25,Yes,Yes,250516,13.46791735,76.2946561
TN-2023-02610,24-04-2023,Trichy,Location_3,02:52,Two Wheeler,Rural Road,Rain,Reckless driving,2,1,0,Male,44,Yes,No,302670,11.72976216,78.85129238
TN-2023-02611,05-10-2023,Vellore,Location_67,05:50,Bus,Rural Road,Clear,Drunk drive,3,3,0,Female,56,No,Yes,29910,13.00940256,79.28860276
TN-2023-02612,01-08-2023,Tiruppur,Location_86,14:35,Auto Rickshaw,Rural Road,Cloudy,Over speed,4,2,0,Male,30,Yes,Yes,87277,12.60929449,79.44364241
TN-2023-02613,21-06-2023,Coimbatore,Location_19,20:02,Bus,SH,Clear,Weather,4,3,0,Male,46,No,Yes,273715,12.27424215,76.04977236
TN-2023-02614,15-10-2023,Thoothukudi,Location_99,03:04,Two Wheeler,Urban Street,Fog,Brake failure,4,2,0,Male,48,No,Yes,175282,8.180955832,79.03020212
TN-2023-02615,23-06-2023,Thoothukudi,Location_76,17:25,Two Wheeler,SH,Clear,Over speed,3,2,0,Male,60,No,Yes,214143,10.23572864,76.09327503
TN-2023-02616,23-04-2023,Tiruppur,Location_54,09:07,Bus,Rural Road,Fog,Reckless driving,2,2,0,Male,36,Yes,Yes,303751,9.110243171,79.48653707
TN-2023-02617,02-05-2023,Tiruppur,Location_69,11:53,Bus,NH,Sunny,Over speed,3,1,1,Male,27,Yes,Yes,312089,12.7923333,79.16397313
TN-2023-02618,01-02-2023,Erode,Location_10,02:26,Car,SH,Fog,Poor road,5,2,0,Female,60,Yes,Yes,443179,11.74157447,78.55336257
TN-2023-02619,10-08-2023,Trichy,Location_33,17:22,Two Wheeler,Rural Road,Clear,Poor road,5,0,0,Male,57,Yes,Yes,159270,8.588903215,78.27845983
TN-2023-02620,29-04-2023,Trichy,Location_13,07:57,Auto Rickshaw,NH,Clear,Weather,4,3,0,Male,51,Yes,Yes,366347,9.977787625,79.21798538
TN-2023-02621,08-02-2023,Erode,Location_99,00:13,Car,NH,Fog,Brake failure,2,3,0,Male,63,Yes,Yes,152788,8.381194931,76.25737889
TN-2023-02622,25-09-2023,Salem,Location_51,21:22,Lorry,NH,Clear,Poor road,5,3,0,Male,60,No,Yes,317102,12.06998146,79.74485215
TN-2023-02623,21-08-2023,Erode,Location_32,12:56,Two Wheeler,Urban Street,Fog,Reckless driving,1,2,0,Male,18,Yes,Yes,72677,10.30074887,76.90551785
TN-2023-02624,18-01-2023,Tirunelveli,Location_75,11:34,Two Wheeler,NH,Rain,Drunk drive,1,3,0,Male,36,No,Yes,462910,9.289041981,78.15004988
TN-2023-02625,29-05-2023,Tirunelveli,Location_24,17:20,Auto Rickshaw,Rural Road,Cloudy,Drunk drive,4,0,0,Male,18,No,No,70554,10.84729823,78.19059741
TN-2023-02626,29-05-2023,Thoothukudi,Location_35,12:46,Two Wheeler,SH,Fog,Reckless driving,4,0,1,Male,41,No,Yes,28747,8.231244391,79.4970559
TN-2023-02627,06-05-2023,Vellore,Location_83,09:00,Car,SH,Rain,Over speed,4,0,1,Male,42,Yes,Yes,154568,9.415120373,76.86845982
TN-2023-02628,29-10-2023,Erode,Location_70,05:40,Car,Rural Road,Rain,Reckless driving,5,1,2,Male,21,Yes,Yes,40623,8.96417318,77.34887383
TN-2023-02629,26-12-2023,Erode,Location_40,09:46,Lorry,Urban Street,Rain,Over speed,2,0,0,Female,41,Yes,Yes,83175,13.11854013,78.98398582
TN-2023-02630,26-08-2023,Salem,Location_54,08:22,Two Wheeler,Urban Street,Rain,Over speed,4,0,0,Male,56,Yes,Yes,202835,10.07409073,77.85747284
TN-2023-02631,15-05-2023,Chennai,Location_44,13:10,Two Wheeler,NH,Fog,Drunk drive,3,3,0,Male,37,Yes,Yes,84947,11.21460132,77.3448863
TN-2023-02632,31-05-2023,Thoothukudi,Location_62,06:30,Auto Rickshaw,Rural Road,Clear,Poor road,4,2,0,Female,50,No,Yes,468571,10.76618073,78.7964045
TN-2023-02633,24-08-2023,Thoothukudi,Location_99,01:45,Car,NH,Rain,Reckless driving,5,3,0,Female,45,No,Yes,329554,11.62562681,76.38957486
TN-2023-02634,12-08-2023,Thoothukudi,Location_68,05:04,Two Wheeler,NH,Sunny,Poor road,2,1,0,Male,60,Yes,No,261756,9.53513817,79.55400357
TN-2023-02635,22-07-2023,Vellore,Location_33,04:18,Two Wheeler,Rural Road,Rain,Weather,4,1,1,Male,62,No,Yes,119036,8.664287686,78.36137148
TN-2023-02636,13-09-2023,Tiruppur,Location_77,18:37,Bicycle,Urban Street,Clear,Brake failure,1,1,0,Male,52,Yes,Yes,164856,8.447983833,76.92709229
TN-2023-02637,27-03-2023,Madurai,Location_56,09:22,Two Wheeler,Urban Street,Clear,Drunk drive,4,0,0,Male,41,Yes,Yes,181669,9.063683303,77.83832163
TN-2023-02638,30-05-2023,Chennai,Location_36,13:48,Car,SH,Cloudy,Over speed,4,0,0,Female,57,No,Yes,285560,10.65556254,76.58984561
TN-2023-02639,23-08-2023,Vellore,Location_54,02:27,Two Wheeler,Rural Road,Cloudy,Brake failure,2,0,2,Male,61,Yes,Yes,451198,9.298150624,78.77461501
TN-2023-02640,11-12-2023,Tirunelveli,Location_19,00:41,Auto Rickshaw,NH,Rain,Over speed,3,2,0,Male,19,No,Yes,418163,10.38701143,79.01185284
TN-2023-02641,22-01-2023,Salem,Location_43,02:04,Lorry,Rural Road,Rain,Brake failure,4,3,2,Female,40,No,Yes,234342,8.161164042,77.82378668
TN-2023-02642,14-12-2023,Tiruppur,Location_12,18:41,Car,NH,Cloudy,Brake failure,4,0,1,Male,50,Yes,Yes,31011,11.45153104,77.5286072
TN-2023-02643,12-10-2023,Tirunelveli,Location_11,15:00,Two Wheeler,SH,Rain,Poor road,5,1,0,Male,31,No,Yes,417907,12.82988879,79.82403137
TN-2023-02644,26-09-2023,Tiruppur,Location_70,05:08,Auto Rickshaw,SH,Sunny,Weather,2,2,1,Female,32,Yes,No,350776,8.26174467,78.5923116
TN-2023-02645,15-09-2023,Trichy,Location_12,04:58,Two Wheeler,SH,Fog,Weather,5,2,0,Male,49,Yes,Yes,472548,9.199218715,79.00159572
TN-2023-02646,29-01-2023,Thoothukudi,Location_91,13:41,Truck,SH,Cloudy,Over speed,4,1,0,Male,40,Yes,Yes,499760,9.74773725,76.57383601
TN-2023-02647,01-08-2023,Tiruppur,Location_41,01:36,Car,NH,Cloudy,Drunk drive,4,0,0,Male,21,No,Yes,282077,9.579823158,79.20996382
TN-2023-02648,10-10-2023,Coimbatore,Location_25,00:24,Bus,Urban Street,Clear,Weather,1,2,1,Female,37,No,Yes,170996,8.22211835,78.00074849
TN-2023-02649,19-02-2023,Thoothukudi,Location_3,09:28,Two Wheeler,NH,Rain,Drunk drive,5,1,0,Male,48,No,Yes,83128,8.586181611,77.6500079
TN-2023-02650,05-04-2023,Thoothukudi,Location_3,21:58,Bus,SH,Cloudy,Over speed,2,0,0,Male,24,Yes,Yes,144420,13.01853984,80.1823189
TN-2023-02651,29-03-2023,Salem,Location_84,08:02,Two Wheeler,Urban Street,Cloudy,Drunk drive,4,2,0,Male,18,Yes,Yes,449032,11.91248991,76.24270294
TN-2023-02652,13-02-2023,Chennai,Location_28,14:03,Two Wheeler,Rural Road,Sunny,Brake failure,1,2,0,Female,22,Yes,Yes,102236,13.2714094,76.88022882
TN-2023-02653,05-10-2023,Tirunelveli,Location_23,12:37,Two Wheeler,NH,Rain,Brake failure,1,3,0,Male,31,Yes,Yes,51366,10.42254159,77.68768039
TN-2023-02654,20-06-2023,Tiruppur,Location_48,19:48,Two Wheeler,Rural Road,Fog,Over speed,3,3,1,Male,47,Yes,No,425122,12.83468225,77.45818044
TN-2023-02655,08-07-2023,Tiruppur,Location_67,22:36,Two Wheeler,SH,Sunny,Drunk drive,2,2,0,Male,55,Yes,Yes,45226,12.49096564,78.29807733
TN-2023-02656,19-12-2023,Trichy,Location_42,14:07,Two Wheeler,Rural Road,Fog,Drunk drive,1,2,0,Female,40,Yes,Yes,266127,12.81217581,77.80405924
TN-2023-02657,03-07-2023,Thoothukudi,Location_88,04:55,Auto Rickshaw,Urban Street,Clear,Over speed,2,2,0,Male,24,Yes,Yes,196527,8.215347885,79.54730076
TN-2023-02658,03-01-2023,Erode,Location_40,12:32,Two Wheeler,Urban Street,Cloudy,Weather,4,3,0,Male,61,Yes,Yes,103233,11.58883611,79.45600249
TN-2023-02659,10-07-2023,Madurai,Location_6,00:06,Bus,Urban Street,Sunny,Poor road,3,0,0,Male,56,Yes,Yes,72271,11.11645918,79.47568649
TN-2023-02660,28-04-2023,Erode,Location_20,21:04,Two Wheeler,NH,Fog,Weather,2,3,0,Male,33,No,Yes,321046,10.99868667,77.66209549
TN-2023-02661,19-01-2023,Tiruppur,Location_11,13:14,Car,Rural Road,Rain,Reckless driving,3,1,1,Male,26,No,Yes,347948,10.77411182,77.83315815
TN-2023-02662,23-01-2023,Erode,Location_96,20:24,Car,Rural Road,Clear,Poor road,2,2,0,Male,56,No,Yes,298573,12.37787099,79.24207868
TN-2023-02663,30-01-2023,Salem,Location_27,16:55,Truck,Rural Road,Clear,Drunk drive,2,1,0,Male,63,No,Yes,490685,13.3243131,76.55889265
TN-2023-02664,22-10-2023,Coimbatore,Location_21,17:06,Auto Rickshaw,SH,Cloudy,Poor road,5,1,1,Male,51,Yes,Yes,352548,12.55905358,79.83363828
TN-2023-02665,18-04-2023,Tiruppur,Location_13,21:57,Car,NH,Cloudy,Poor road,3,1,0,Male,48,Yes,Yes,412481,12.78717455,78.43566207
TN-2023-02666,08-10-2023,Tiruppur,Location_86,17:18,Lorry,NH,Fog,Drunk drive,2,3,0,Male,62,Yes,No,344800,10.66146488,79.81845349
TN-2023-02667,08-05-2023,Coimbatore,Location_35,19:06,Two Wheeler,Rural Road,Fog,Brake failure,5,3,0,Male,24,Yes,Yes,176990,11.79835099,79.57121341
TN-2023-02668,17-08-2023,Tirunelveli,Location_47,07:44,Car,NH,Clear,Poor road,5,0,0,Male,19,No,Yes,71650,10.28560383,77.68472388
TN-2023-02669,21-04-2023,Coimbatore,Location_86,17:23,Two Wheeler,Rural Road,Fog,Over speed,3,1,0,Male,23,No,Yes,176625,9.981573794,76.45701869
TN-2023-02670,16-05-2023,Erode,Location_28,10:40,Two Wheeler,Rural Road,Cloudy,Weather,4,1,0,Male,61,Yes,Yes,176611,12.92404769,80.14373608
TN-2023-02671,28-12-2023,Salem,Location_21,22:00,Two Wheeler,Rural Road,Clear,Drunk drive,3,3,0,Male,51,Yes,Yes,320135,12.97866192,77.55072407
TN-2023-02672,05-07-2023,Trichy,Location_18,21:31,Bus,Urban Street,Clear,Drunk drive,2,1,0,Male,34,Yes,Yes,437673,11.75221106,77.68183761
TN-2023-02673,24-05-2023,Tirunelveli,Location_31,07:52,Car,SH,Rain,Poor road,4,3,0,Male,43,Yes,Yes,17857,12.60813204,80.09071825
TN-2023-02674,13-03-2023,Vellore,Location_60,11:01,Lorry,NH,Rain,Brake failure,3,2,0,Male,29,No,Yes,312910,9.982000542,80.12806241
TN-2023-02675,09-05-2023,Trichy,Location_37,14:20,Car,SH,Fog,Brake failure,3,2,0,Male,37,No,Yes,453754,10.38568346,77.18307784
TN-2023-02676,30-12-2023,Chennai,Location_21,17:16,Two Wheeler,Urban Street,Fog,Weather,3,1,0,Female,58,Yes,No,384276,12.51558961,76.40030326
TN-2023-02677,18-09-2023,Chennai,Location_14,14:51,Bus,NH,Cloudy,Weather,3,0,0,Female,63,No,Yes,16523,10.18927654,76.00498612
TN-2023-02678,03-01-2023,Chennai,Location_89,19:08,Auto Rickshaw,Rural Road,Cloudy,Brake failure,4,3,0,Female,52,Yes,Yes,355090,8.219821906,77.97232518
TN-2023-02679,14-04-2023,Chennai,Location_91,02:19,Auto Rickshaw,SH,Rain,Reckless driving,2,2,1,Female,52,Yes,Yes,275513,9.94314092,78.55858031
TN-2023-02680,12-08-2023,Salem,Location_60,18:17,Car,Urban Street,Clear,Brake failure,5,2,0,Female,46,No,Yes,470428,10.19026667,77.21652101
TN-2023-02681,16-11-2023,Trichy,Location_23,19:29,Lorry,NH,Sunny,Brake failure,3,1,0,Male,55,No,Yes,143811,8.850499102,77.16887343
TN-2023-02682,28-12-2023,Thoothukudi,Location_95,07:00,Lorry,NH,Sunny,Poor road,5,3,1,Male,48,No,Yes,35100,9.892683567,77.6055327
TN-2023-02683,20-12-2023,Madurai,Location_29,14:18,Two Wheeler,SH,Fog,Over speed,5,1,0,Male,57,Yes,Yes,379442,13.13932108,77.18388296
TN-2023-02684,10-01-2023,Tirunelveli,Location_47,09:43,Two Wheeler,SH,Sunny,Weather,5,3,0,Male,30,Yes,Yes,257457,12.72193207,79.86297282
TN-2023-02685,29-10-2023,Vellore,Location_30,05:28,Two Wheeler,NH,Sunny,Reckless driving,3,0,0,Female,43,Yes,Yes,266529,10.45258179,78.89279076
TN-2023-02686,19-08-2023,Erode,Location_90,12:03,Two Wheeler,NH,Rain,Reckless driving,3,3,0,Male,39,No,Yes,453414,11.90439263,79.73026075
TN-2023-02687,07-08-2023,Tiruppur,Location_84,12:16,Car,Urban Street,Clear,Drunk drive,3,2,0,Male,25,No,Yes,297016,8.83517479,79.87215212
TN-2023-02688,07-03-2023,Chennai,Location_38,00:04,Bicycle,Rural Road,Cloudy,Brake failure,3,1,0,Male,57,No,Yes,304390,12.13902973,77.95754476
TN-2023-02689,22-04-2023,Vellore,Location_83,16:49,Two Wheeler,Rural Road,Rain,Brake failure,1,3,0,Female,24,Yes,Yes,251467,10.61681623,78.14909852
TN-2023-02690,13-01-2023,Tiruppur,Location_27,06:47,Bus,Urban Street,Cloudy,Over speed,2,2,0,Male,22,No,Yes,197002,11.97412517,80.40018819
TN-2023-02691,27-03-2023,Madurai,Location_89,07:43,Bus,NH,Rain,Brake failure,1,1,0,Male,18,No,No,241326,11.5421279,79.67577961
TN-2023-02692,22-08-2023,Vellore,Location_87,13:50,Two Wheeler,SH,Rain,Weather,4,1,0,Male,62,Yes,Yes,98231,9.280205344,79.59052444
TN-2023-02693,31-03-2023,Trichy,Location_93,10:11,Two Wheeler,SH,Sunny,Reckless driving,1,0,0,Female,57,Yes,Yes,115740,12.59080364,78.62670943
TN-2023-02694,10-11-2023,Vellore,Location_15,12:07,Car,NH,Cloudy,Brake failure,1,2,0,Female,28,Yes,Yes,28781,11.14697143,78.07517617
TN-2023-02695,23-02-2023,Chennai,Location_59,00:08,Bus,Urban Street,Rain,Over speed,1,3,1,Female,49,Yes,Yes,201625,12.31308577,80.02574813
TN-2023-02696,12-01-2023,Madurai,Location_3,01:13,Bicycle,NH,Sunny,Poor road,2,2,0,Male,24,No,Yes,131194,8.5169249,79.62050633
TN-2023-02697,28-07-2023,Erode,Location_10,12:47,Two Wheeler,SH,Fog,Weather,5,1,0,Male,46,Yes,Yes,238065,11.38442687,78.32555008
TN-2023-02698,14-01-2023,Thoothukudi,Location_79,01:03,Auto Rickshaw,NH,Cloudy,Poor road,4,0,0,Male,47,Yes,Yes,322602,9.605362107,77.21720861
TN-2023-02699,01-05-2023,Coimbatore,Location_80,11:47,Two Wheeler,NH,Rain,Drunk drive,4,3,0,Female,38,Yes,Yes,436135,12.73492452,76.66275732
TN-2023-02700,20-01-2023,Chennai,Location_17,09:02,Bus,Urban Street,Fog,Over speed,2,0,0,Male,56,Yes,Yes,234497,13.22228281,78.48717569
TN-2023-02701,16-03-2023,Tiruppur,Location_83,03:05,Car,Rural Road,Sunny,Drunk drive,1,0,0,Male,61,Yes,Yes,73022,8.307051996,77.33213509
TN-2023-02702,31-08-2023,Madurai,Location_11,22:04,Two Wheeler,SH,Rain,Drunk drive,5,2,0,Male,60,Yes,Yes,375058,11.98355593,77.18897104
TN-2023-02703,11-08-2023,Trichy,Location_48,17:02,Two Wheeler,SH,Sunny,Reckless driving,3,1,1,Male,58,No,Yes,409070,8.56637799,76.47603805
TN-2023-02704,11-03-2023,Salem,Location_5,09:42,Two Wheeler,NH,Sunny,Drunk drive,2,1,0,Male,56,Yes,Yes,333414,12.71629052,76.15512724
TN-2023-02705,08-11-2023,Madurai,Location_69,18:13,Two Wheeler,SH,Sunny,Drunk drive,5,3,0,Male,37,No,Yes,492773,8.684883827,79.5250922
TN-2023-02706,30-07-2023,Tiruppur,Location_64,20:42,Bus,SH,Cloudy,Over speed,2,0,0,Male,39,Yes,Yes,293165,9.072537799,76.4859328
TN-2023-02707,11-04-2023,Coimbatore,Location_14,20:35,Two Wheeler,Rural Road,Fog,Poor road,2,0,0,Male,46,Yes,Yes,330165,9.383910892,79.9987426
TN-2023-02708,05-07-2023,Coimbatore,Location_50,21:37,Car,SH,Fog,Brake failure,3,0,0,Male,63,Yes,Yes,11269,12.00307978,76.96202263
TN-2023-02709,12-05-2023,Tirunelveli,Location_26,16:21,Two Wheeler,SH,Clear,Drunk drive,5,2,0,Female,21,Yes,No,49412,9.608939508,79.41854062
TN-2023-02710,21-04-2023,Thoothukudi,Location_72,18:44,Lorry,Urban Street,Rain,Reckless driving,1,1,0,Male,20,Yes,Yes,373275,11.27846673,79.70349766
TN-2023-02711,12-05-2023,Tiruppur,Location_69,21:09,Lorry,Urban Street,Sunny,Brake failure,5,0,0,Male,26,Yes,Yes,122095,11.14568467,79.56650165
TN-2023-02712,20-01-2023,Coimbatore,Location_7,10:37,Lorry,Urban Street,Rain,Reckless driving,5,0,0,Male,22,Yes,Yes,378785,10.21243891,79.92785119
TN-2023-02713,24-01-2023,Tirunelveli,Location_16,01:32,Car,Urban Street,Fog,Brake failure,1,1,0,Male,20,Yes,Yes,162322,10.96719261,77.52874386
TN-2023-02714,15-08-2023,Tirunelveli,Location_55,10:30,Two Wheeler,Urban Street,Fog,Drunk drive,3,3,0,Male,42,Yes,Yes,142921,8.650054976,80.43649814
TN-2023-02715,03-06-2023,Tirunelveli,Location_78,15:34,Lorry,Rural Road,Sunny,Weather,5,2,0,Male,49,Yes,Yes,471278,12.81895838,77.25817615
TN-2023-02716,20-10-2023,Madurai,Location_56,04:46,Two Wheeler,SH,Cloudy,Brake failure,1,2,0,Male,50,Yes,Yes,69464,9.138921518,80.2043414
TN-2023-02717,18-08-2023,Tirunelveli,Location_4,14:35,Two Wheeler,NH,Sunny,Weather,2,2,0,Male,35,No,Yes,355935,12.84124643,77.96848043
TN-2023-02718,06-11-2023,Chennai,Location_48,22:35,Two Wheeler,Rural Road,Sunny,Poor road,2,1,0,Female,62,Yes,Yes,110309,10.85305592,76.25619397
TN-2023-02719,25-12-2023,Tiruppur,Location_17,07:38,Bus,NH,Clear,Brake failure,1,2,0,Male,53,Yes,Yes,222124,11.37664755,79.53212411
TN-2023-02720,21-07-2023,Chennai,Location_36,16:14,Bus,Urban Street,Cloudy,Over speed,2,0,1,Male,58,Yes,Yes,388365,9.415133655,79.54334875
TN-2023-02721,07-02-2023,Salem,Location_70,04:44,Bus,SH,Rain,Reckless driving,5,2,1,Male,46,No,Yes,283965,9.222812047,76.88784053
TN-2023-02722,17-09-2023,Coimbatore,Location_80,03:21,Two Wheeler,Urban Street,Cloudy,Poor road,1,1,0,Male,56,Yes,Yes,422264,10.69886632,79.70580602
TN-2023-02723,07-07-2023,Thoothukudi,Location_93,16:21,Two Wheeler,Rural Road,Sunny,Poor road,5,2,0,Female,64,Yes,Yes,330846,9.470476662,76.70910731
TN-2023-02724,26-02-2023,Tirunelveli,Location_38,16:13,Auto Rickshaw,NH,Sunny,Weather,4,3,1,Male,62,No,No,103478,10.32726468,76.68144247
TN-2023-02725,20-01-2023,Trichy,Location_62,13:16,Car,SH,Sunny,Drunk drive,3,3,2,Male,19,No,Yes,276842,10.4212097,79.6401368
TN-2023-02726,30-09-2023,Trichy,Location_48,07:33,Two Wheeler,Rural Road,Sunny,Reckless driving,3,1,0,Male,28,Yes,Yes,197625,9.490045285,77.30598606
TN-2023-02727,29-04-2023,Coimbatore,Location_10,12:29,Car,Rural Road,Sunny,Over speed,3,1,0,Male,48,Yes,Yes,352438,9.604514911,76.34595026
TN-2023-02728,12-03-2023,Salem,Location_36,21:15,Two Wheeler,SH,Cloudy,Over speed,1,3,0,Male,21,No,Yes,347518,13.35100176,80.30354794
TN-2023-02729,04-01-2023,Trichy,Location_29,15:37,Two Wheeler,SH,Sunny,Weather,4,2,0,Male,46,Yes,Yes,345121,11.23100387,78.5066807
TN-2023-02730,09-08-2023,Chennai,Location_78,21:23,Two Wheeler,Rural Road,Fog,Weather,3,0,0,Male,20,Yes,Yes,388256,12.57531041,78.0163487
TN-2023-02731,14-01-2023,Vellore,Location_4,03:34,Two Wheeler,NH,Fog,Poor road,5,1,0,Female,19,No,Yes,177451,8.251582566,78.2684952
TN-2023-02732,03-01-2023,Madurai,Location_44,05:03,Two Wheeler,NH,Clear,Weather,3,3,1,Male,61,No,No,193406,8.010585399,79.01702625
TN-2023-02733,04-08-2023,Erode,Location_56,17:05,Auto Rickshaw,Rural Road,Rain,Drunk drive,4,2,0,Male,53,Yes,Yes,24433,10.85506312,79.87749693
TN-2023-02734,17-08-2023,Trichy,Location_42,04:26,Car,Rural Road,Fog,Poor road,5,1,0,Male,31,Yes,Yes,9025,12.54742917,79.026605
TN-2023-02735,02-12-2023,Thoothukudi,Location_13,08:10,Car,Urban Street,Clear,Poor road,5,2,0,Male,21,Yes,Yes,320178,11.3600536,79.32786877
TN-2023-02736,05-07-2023,Tirunelveli,Location_46,05:15,Bus,Urban Street,Cloudy,Poor road,1,0,0,Male,61,Yes,Yes,389278,11.40356327,76.81068886
TN-2023-02737,24-02-2023,Thoothukudi,Location_82,18:42,Truck,NH,Rain,Over speed,1,1,0,Male,47,Yes,Yes,470984,8.766471294,77.72841881
TN-2023-02738,11-09-2023,Tiruppur,Location_33,20:14,Two Wheeler,Urban Street,Sunny,Reckless driving,2,0,0,Male,36,No,Yes,187588,13.38212113,78.63164407
TN-2023-02739,24-01-2023,Madurai,Location_21,08:55,Auto Rickshaw,NH,Sunny,Reckless driving,4,0,0,Male,36,Yes,Yes,408032,10.91335344,78.78732922
TN-2023-02740,11-06-2023,Chennai,Location_80,18:56,Car,SH,Cloudy,Over speed,5,0,0,Male,61,Yes,Yes,418781,8.564310027,77.218119
TN-2023-02741,07-06-2023,Salem,Location_79,18:23,Two Wheeler,Urban Street,Rain,Poor road,4,3,0,Female,48,Yes,No,454774,10.27808512,80.38742013
TN-2023-02742,23-03-2023,Madurai,Location_57,08:22,Two Wheeler,NH,Fog,Drunk drive,3,0,0,Female,32,Yes,No,260175,8.395841494,76.53183687
TN-2023-02743,08-06-2023,Erode,Location_69,03:09,Car,NH,Rain,Brake failure,3,0,0,Female,46,Yes,Yes,362480,10.29977146,76.50525257
TN-2023-02744,07-07-2023,Vellore,Location_70,08:18,Bus,Rural Road,Clear,Poor road,2,2,0,Female,20,Yes,Yes,474408,11.91358988,77.03117589
TN-2023-02745,01-03-2023,Trichy,Location_67,14:50,Two Wheeler,NH,Cloudy,Weather,5,3,0,Male,36,Yes,Yes,60156,9.779393927,79.39260969
TN-2023-02746,01-11-2023,Salem,Location_48,01:41,Car,Urban Street,Fog,Reckless driving,5,3,0,Male,39,Yes,Yes,233527,9.722062443,76.1644808
TN-2023-02747,15-11-2023,Salem,Location_76,18:48,Bus,Rural Road,Rain,Brake failure,2,3,1,Female,64,No,Yes,185774,10.82886579,80.445396
TN-2023-02748,30-07-2023,Trichy,Location_33,19:55,Two Wheeler,Rural Road,Rain,Over speed,3,3,0,Female,37,Yes,Yes,148307,10.74167271,80.44478251
TN-2023-02749,01-06-2023,Trichy,Location_36,20:33,Auto Rickshaw,Urban Street,Fog,Over speed,5,0,0,Male,24,No,Yes,446994,10.56928477,76.71857888
TN-2023-02750,19-04-2023,Trichy,Location_33,18:16,Auto Rickshaw,SH,Clear,Brake failure,4,2,1,Male,21,Yes,Yes,400311,10.84264391,77.80541473
TN-2023-02751,17-03-2023,Trichy,Location_31,17:16,Car,Urban Street,Clear,Reckless driving,5,0,1,Male,18,Yes,Yes,34319,8.263775328,76.91762803
TN-2023-02752,30-01-2023,Trichy,Location_21,01:50,Truck,Urban Street,Rain,Reckless driving,3,0,0,Male,58,Yes,Yes,72378,10.60846696,77.83606846
TN-2023-02753,10-11-2023,Salem,Location_27,00:42,Two Wheeler,Rural Road,Sunny,Weather,5,3,1,Male,24,Yes,Yes,273679,13.45605913,78.39788266
TN-2023-02754,27-04-2023,Coimbatore,Location_91,09:36,Two Wheeler,Urban Street,Fog,Over speed,5,3,0,Male,39,Yes,Yes,70124,12.20384562,79.70229378
TN-2023-02755,22-12-2023,Coimbatore,Location_72,15:55,Two Wheeler,SH,Clear,Over speed,1,1,0,Male,54,Yes,Yes,346232,9.581630522,76.16113284
TN-2023-02756,11-07-2023,Thoothukudi,Location_62,04:55,Car,SH,Clear,Poor road,5,2,0,Male,47,Yes,Yes,370775,11.72742675,80.44103952
TN-2023-02757,19-01-2023,Coimbatore,Location_96,22:11,Car,SH,Clear,Drunk drive,2,3,0,Male,26,Yes,Yes,79211,9.814464067,80.23253332
TN-2023-02758,22-06-2023,Erode,Location_26,03:30,Car,Rural Road,Cloudy,Weather,2,3,0,Male,44,No,No,401159,9.053327674,78.56687785
TN-2023-02759,16-08-2023,Coimbatore,Location_66,22:37,Two Wheeler,Urban Street,Sunny,Poor road,4,0,1,Female,55,Yes,No,116313,12.25453451,78.1640337
TN-2023-02760,16-12-2023,Salem,Location_12,18:08,Two Wheeler,NH,Clear,Drunk drive,5,0,0,Male,40,No,Yes,146652,9.152724865,78.47790139
TN-2023-02761,02-07-2023,Trichy,Location_22,11:25,Auto Rickshaw,Urban Street,Sunny,Over speed,4,0,1,Male,29,No,Yes,309195,12.72244282,76.08298417
TN-2023-02762,23-04-2023,Tirunelveli,Location_17,14:15,Auto Rickshaw,SH,Rain,Drunk drive,3,3,0,Male,30,Yes,Yes,130297,10.09225289,79.31957211
TN-2023-02763,02-07-2023,Tirunelveli,Location_7,12:24,Bus,Urban Street,Rain,Over speed,3,2,0,Male,50,Yes,Yes,313294,12.16263881,78.23396193
TN-2023-02764,26-05-2023,Erode,Location_68,20:55,Bus,Rural Road,Cloudy,Reckless driving,1,3,0,Female,32,Yes,Yes,448489,9.42778082,77.28717964
TN-2023-02765,15-11-2023,Tiruppur,Location_37,06:56,Car,Urban Street,Sunny,Poor road,1,3,0,Male,33,No,Yes,482153,11.59004366,78.07694601
TN-2023-02766,26-04-2023,Salem,Location_38,22:51,Two Wheeler,Rural Road,Fog,Over speed,5,2,0,Female,51,Yes,Yes,225780,9.168924737,77.31655511
TN-2023-02767,23-04-2023,Chennai,Location_96,03:42,Two Wheeler,NH,Cloudy,Drunk drive,5,3,0,Female,26,Yes,Yes,114412,8.12008962,79.14977848
TN-2023-02768,08-09-2023,Madurai,Location_11,07:37,Bus,NH,Clear,Poor road,4,3,0,Male,59,Yes,Yes,85669,12.48032291,78.76495392
TN-2023-02769,08-09-2023,Thoothukudi,Location_1,09:29,Car,Rural Road,Rain,Drunk drive,4,2,0,Male,44,No,Yes,218593,12.70889494,77.7464167
TN-2023-02770,30-10-2023,Chennai,Location_25,06:06,Two Wheeler,Urban Street,Rain,Drunk drive,5,3,0,Male,32,Yes,Yes,133395,12.84315807,77.41408874
TN-2023-02771,09-11-2023,Salem,Location_42,03:34,Truck,SH,Fog,Brake failure,5,1,0,Male,52,Yes,Yes,499666,8.199636279,79.9511649
TN-2023-02772,28-04-2023,Coimbatore,Location_52,06:35,Auto Rickshaw,Rural Road,Cloudy,Over speed,1,1,0,Male,51,No,Yes,448420,12.18507002,79.0700739
TN-2023-02773,28-10-2023,Trichy,Location_24,12:19,Two Wheeler,Urban Street,Sunny,Over speed,1,0,0,Female,57,No,Yes,264586,12.59728725,79.22101818
TN-2023-02774,10-06-2023,Chennai,Location_53,16:31,Car,Urban Street,Rain,Drunk drive,1,3,0,Male,47,No,Yes,356037,9.714339717,78.78372516
TN-2023-02775,17-07-2023,Madurai,Location_56,06:48,Auto Rickshaw,Urban Street,Clear,Reckless driving,5,2,2,Male,40,Yes,Yes,38290,10.58748214,76.33853748
TN-2023-02776,17-09-2023,Tiruppur,Location_63,03:42,Two Wheeler,SH,Fog,Over speed,4,2,0,Male,26,No,Yes,437200,10.24353332,76.26668119
TN-2023-02777,28-05-2023,Tirunelveli,Location_81,02:42,Car,SH,Fog,Weather,2,1,0,Male,49,No,Yes,466017,10.42056286,77.93127183
TN-2023-02778,28-08-2023,Tiruppur,Location_8,02:11,Car,SH,Fog,Reckless driving,2,0,0,Female,52,Yes,Yes,238589,12.65687304,80.18724981
TN-2023-02779,16-02-2023,Madurai,Location_59,00:35,Two Wheeler,Rural Road,Clear,Reckless driving,4,3,0,Male,49,Yes,Yes,383042,10.29827813,78.36118636
TN-2023-02780,17-07-2023,Trichy,Location_45,13:32,Auto Rickshaw,Rural Road,Fog,Reckless driving,4,2,0,Male,62,Yes,Yes,484487,9.663000917,79.94148031
TN-2023-02781,16-02-2023,Coimbatore,Location_27,13:44,Two Wheeler,SH,Sunny,Over speed,4,2,0,Male,33,Yes,No,19407,8.717107534,76.43447429
TN-2023-02782,19-03-2023,Madurai,Location_52,12:23,Two Wheeler,Rural Road,Sunny,Reckless driving,1,3,0,Male,49,No,Yes,177244,11.71161624,79.25917484
TN-2023-02783,04-05-2023,Thoothukudi,Location_18,14:30,Two Wheeler,SH,Cloudy,Reckless driving,3,0,0,Male,42,No,Yes,369615,8.463121635,77.10402035
TN-2023-02784,16-03-2023,Madurai,Location_91,16:11,Two Wheeler,Rural Road,Cloudy,Poor road,5,1,0,Male,47,No,Yes,449201,8.336502413,78.36023272
TN-2023-02785,25-12-2023,Salem,Location_86,21:22,Two Wheeler,Urban Street,Sunny,Over speed,1,3,0,Female,54,Yes,Yes,398093,11.74868608,77.31814482
TN-2023-02786,17-05-2023,Coimbatore,Location_16,13:11,Bus,SH,Clear,Reckless driving,2,3,0,Male,54,No,No,335550,11.81858922,79.20550012
TN-2023-02787,31-03-2023,Trichy,Location_66,17:03,Two Wheeler,Rural Road,Cloudy,Weather,5,3,1,Female,52,No,Yes,39053,9.094940256,77.80400074
TN-2023-02788,21-11-2023,Tirunelveli,Location_5,13:50,Car,Urban Street,Fog,Reckless driving,4,1,0,Male,62,Yes,Yes,243868,13.26451552,78.07975822
TN-2023-02789,02-03-2023,Tirunelveli,Location_82,12:56,Bus,Urban Street,Sunny,Drunk drive,2,2,0,Female,25,No,Yes,167219,12.33297701,77.10405418
TN-2023-02790,18-05-2023,Madurai,Location_3,22:17,Two Wheeler,Rural Road,Rain,Over speed,4,3,0,Female,57,No,Yes,455543,11.77535423,77.26656107
TN-2023-02791,19-02-2023,Salem,Location_91,10:27,Car,Urban Street,Clear,Poor road,4,3,0,Female,64,No,Yes,226943,12.14891163,76.80764061
TN-2023-02792,16-09-2023,Chennai,Location_81,05:40,Bus,NH,Clear,Weather,4,3,0,Female,53,Yes,Yes,445180,10.26537842,78.49209346
TN-2023-02793,17-04-2023,Tiruppur,Location_80,11:18,Car,SH,Sunny,Brake failure,5,3,0,Male,42,Yes,Yes,466231,10.50603365,76.6524863
TN-2023-02794,23-04-2023,Tiruppur,Location_70,13:46,Two Wheeler,SH,Rain,Drunk drive,2,0,0,Male,35,No,Yes,182238,12.78618183,77.20691175
TN-2023-02795,16-12-2023,Tiruppur,Location_7,10:37,Car,Urban Street,Clear,Drunk drive,2,0,0,Male,56,Yes,Yes,458539,8.139804591,78.3870761
TN-2023-02796,11-09-2023,Chennai,Location_50,13:02,Truck,Rural Road,Cloudy,Drunk drive,4,0,0,Female,27,Yes,Yes,5209,12.41331635,77.23674085
TN-2023-02797,28-04-2023,Salem,Location_14,18:19,Two Wheeler,NH,Rain,Weather,1,2,1,Male,18,Yes,Yes,440068,10.461627,78.64824847
TN-2023-02798,17-07-2023,Tiruppur,Location_38,10:55,Two Wheeler,Rural Road,Fog,Over speed,3,3,0,Female,21,Yes,Yes,55394,10.55182666,76.06373802
TN-2023-02799,03-12-2023,Thoothukudi,Location_79,16:58,Car,SH,Cloudy,Over speed,1,3,1,Male,43,Yes,Yes,25396,9.791347971,80.37950254
TN-2023-02800,31-12-2023,Chennai,Location_47,16:54,Two Wheeler,Urban Street,Rain,Reckless driving,5,3,0,Male,28,No,Yes,297482,11.33889621,79.28494985
TN-2023-02801,20-02-2023,Chennai,Location_33,02:13,Car,NH,Sunny,Reckless driving,3,3,2,Male,32,Yes,Yes,351042,11.71620345,78.26718608
TN-2023-02802,02-09-2023,Trichy,Location_43,06:56,Two Wheeler,Urban Street,Clear,Over speed,1,1,0,Male,49,Yes,Yes,445569,8.884145028,80.14377064
TN-2023-02803,04-02-2023,Trichy,Location_91,18:02,Two Wheeler,NH,Cloudy,Reckless driving,2,1,0,Male,32,No,Yes,27283,11.11144282,79.91394736
TN-2023-02804,29-10-2023,Coimbatore,Location_29,01:57,Car,Urban Street,Sunny,Over speed,1,1,0,Male,45,No,Yes,352219,10.55701524,77.64949444
TN-2023-02805,10-03-2023,Thoothukudi,Location_57,16:40,Two Wheeler,Rural Road,Rain,Drunk drive,4,3,1,Male,40,No,No,321434,12.30049768,76.5225813
TN-2023-02806,15-12-2023,Thoothukudi,Location_5,21:37,Two Wheeler,SH,Fog,Brake failure,5,1,0,Male,20,Yes,Yes,252163,10.99908011,77.13504576
TN-2023-02807,16-11-2023,Coimbatore,Location_93,20:40,Two Wheeler,Urban Street,Clear,Drunk drive,1,1,0,Male,49,No,Yes,59660,10.36265267,76.93910171
TN-2023-02808,18-02-2023,Thoothukudi,Location_96,04:01,Two Wheeler,Urban Street,Clear,Reckless driving,1,2,1,Female,37,Yes,Yes,363962,10.90912082,79.37525846
TN-2023-02809,15-03-2023,Erode,Location_60,21:46,Lorry,NH,Cloudy,Brake failure,3,2,0,Male,31,Yes,Yes,43802,10.69812128,78.46649452
TN-2023-02810,11-07-2023,Vellore,Location_70,08:18,Auto Rickshaw,Rural Road,Sunny,Brake failure,4,1,0,Male,52,No,Yes,455044,13.14347819,79.82544182
TN-2023-02811,18-09-2023,Tiruppur,Location_2,09:35,Two Wheeler,Rural Road,Rain,Over speed,3,1,0,Female,57,Yes,Yes,176275,9.715382602,78.20365338
TN-2023-02812,22-12-2023,Trichy,Location_70,09:58,Car,NH,Rain,Poor road,5,2,0,Male,59,Yes,Yes,243683,8.205419246,79.46394275
TN-2023-02813,11-03-2023,Coimbatore,Location_43,07:53,Two Wheeler,Rural Road,Sunny,Weather,5,1,0,Male,26,No,Yes,473664,11.64098215,77.45540277
TN-2023-02814,31-03-2023,Coimbatore,Location_4,12:38,Car,SH,Clear,Poor road,4,3,0,Female,64,Yes,Yes,308524,11.32113716,78.70967861
TN-2023-02815,17-09-2023,Thoothukudi,Location_56,06:03,Two Wheeler,Urban Street,Sunny,Brake failure,3,1,2,Male,41,Yes,Yes,463017,13.0048312,78.87730082
TN-2023-02816,06-05-2023,Chennai,Location_93,14:11,Two Wheeler,NH,Rain,Poor road,4,3,0,Male,58,Yes,Yes,315009,8.646121395,79.41679191
TN-2023-02817,19-08-2023,Tirunelveli,Location_59,15:05,Bus,Rural Road,Sunny,Reckless driving,3,1,1,Male,21,Yes,Yes,41943,10.87455091,79.5976978
TN-2023-02818,22-10-2023,Madurai,Location_89,08:34,Two Wheeler,SH,Clear,Brake failure,2,0,0,Male,29,Yes,Yes,340166,8.829240775,77.24426369
TN-2023-02819,09-05-2023,Madurai,Location_9,07:06,Two Wheeler,SH,Cloudy,Drunk drive,4,1,0,Male,41,Yes,No,494332,10.50639933,77.73276101
TN-2023-02820,07-10-2023,Coimbatore,Location_3,03:57,Lorry,Rural Road,Clear,Reckless driving,5,0,0,Male,18,Yes,Yes,118283,12.39653325,76.93210791
TN-2023-02821,09-11-2023,Tiruppur,Location_90,12:18,Bus,Rural Road,Fog,Drunk drive,3,1,0,Male,31,Yes,Yes,476477,12.7156342,79.36525467
TN-2023-02822,10-04-2023,Erode,Location_48,06:09,Car,NH,Fog,Reckless driving,2,1,0,Female,48,Yes,Yes,422646,12.58623198,77.21827719
TN-2023-02823,22-11-2023,Tiruppur,Location_43,11:57,Car,Rural Road,Sunny,Over speed,5,3,0,Male,27,No,Yes,210033,11.01072658,77.75958641
TN-2023-02824,24-10-2023,Coimbatore,Location_91,02:57,Car,NH,Clear,Reckless driving,3,2,0,Male,50,Yes,Yes,62653,11.48678068,79.61361914
TN-2023-02825,01-07-2023,Tiruppur,Location_96,11:50,Two Wheeler,Urban Street,Clear,Weather,2,2,0,Male,53,Yes,Yes,211853,11.03360496,77.52911188
TN-2023-02826,23-06-2023,Trichy,Location_1,14:39,Two Wheeler,SH,Rain,Drunk drive,5,3,0,Male,59,Yes,Yes,126222,11.08679678,77.31175139
TN-2023-02827,12-11-2023,Tiruppur,Location_57,11:51,Car,NH,Cloudy,Reckless driving,5,2,0,Male,52,Yes,Yes,399017,12.86832989,78.93031645
TN-2023-02828,30-12-2023,Thoothukudi,Location_53,05:09,Car,SH,Clear,Weather,2,0,0,Male,35,No,Yes,115659,9.151000922,80.38918114
TN-2023-02829,07-07-2023,Thoothukudi,Location_16,01:55,Bus,Urban Street,Sunny,Over speed,5,0,0,Male,42,No,Yes,445206,10.41321234,76.28180786
TN-2023-02830,26-02-2023,Erode,Location_51,12:24,Bus,Rural Road,Rain,Reckless driving,3,1,1,Male,29,Yes,Yes,234900,11.35534568,79.75654782
TN-2023-02831,31-01-2023,Trichy,Location_75,06:39,Two Wheeler,NH,Rain,Weather,3,0,0,Female,45,Yes,Yes,319056,12.20943682,76.54722175
TN-2023-02832,25-03-2023,Tirunelveli,Location_90,22:47,Two Wheeler,Rural Road,Sunny,Reckless driving,5,2,1,Male,26,Yes,Yes,421548,12.19039348,77.55204153
TN-2023-02833,01-06-2023,Chennai,Location_55,10:57,Two Wheeler,SH,Sunny,Drunk drive,1,0,0,Male,41,Yes,Yes,342872,8.644865954,77.8752307
TN-2023-02834,05-02-2023,Trichy,Location_1,03:48,Car,NH,Clear,Drunk drive,2,1,2,Male,37,Yes,Yes,226605,9.22050481,79.23432712
TN-2023-02835,01-08-2023,Salem,Location_90,15:50,Car,Urban Street,Clear,Poor road,1,0,0,Male,43,Yes,Yes,179797,13.01335018,80.16954669
TN-2023-02836,30-12-2023,Vellore,Location_28,22:58,Auto Rickshaw,Urban Street,Rain,Poor road,3,2,0,Male,22,Yes,Yes,472172,9.966356088,76.45904932
TN-2023-02837,16-04-2023,Coimbatore,Location_53,10:06,Bus,Rural Road,Rain,Reckless driving,5,3,0,Male,44,Yes,Yes,98086,8.014919531,79.35163803
TN-2023-02838,08-12-2023,Salem,Location_58,12:50,Auto Rickshaw,Urban Street,Cloudy,Poor road,4,1,1,Female,45,No,Yes,13129,9.098883876,77.45031578
TN-2023-02839,08-08-2023,Erode,Location_73,16:31,Bus,Urban Street,Rain,Reckless driving,4,3,0,Male,54,Yes,Yes,164085,13.33253654,80.05859948
TN-2023-02840,12-06-2023,Salem,Location_60,21:12,Truck,Rural Road,Sunny,Reckless driving,1,0,0,Male,57,Yes,Yes,498010,9.703617115,77.25197569
TN-2023-02841,08-08-2023,Thoothukudi,Location_59,11:06,Car,Rural Road,Sunny,Weather,1,1,0,Female,24,Yes,Yes,284250,11.37543002,79.12237877
TN-2023-02842,27-09-2023,Tiruppur,Location_22,00:32,Truck,NH,Cloudy,Drunk drive,1,1,0,Male,36,Yes,Yes,30403,11.99657445,76.7414011
TN-2023-02843,30-04-2023,Chennai,Location_8,19:54,Two Wheeler,NH,Fog,Over speed,3,0,0,Female,39,Yes,Yes,130942,11.5562056,80.31076185
TN-2023-02844,02-12-2023,Madurai,Location_49,13:58,Two Wheeler,Rural Road,Fog,Brake failure,3,1,0,Male,35,Yes,Yes,253076,10.07661403,76.01945952
TN-2023-02845,01-07-2023,Coimbatore,Location_42,14:42,Car,SH,Sunny,Drunk drive,5,0,0,Male,32,No,Yes,141084,10.36728313,77.0478339
TN-2023-02846,16-04-2023,Madurai,Location_27,08:16,Bicycle,SH,Fog,Poor road,3,3,0,Male,50,No,Yes,42035,12.60891922,79.04174852
TN-2023-02847,05-08-2023,Tiruppur,Location_39,03:51,Two Wheeler,NH,Fog,Reckless driving,5,3,0,Male,56,Yes,Yes,470691,11.64531822,79.84085903
TN-2023-02848,24-07-2023,Thoothukudi,Location_83,18:38,Two Wheeler,NH,Cloudy,Poor road,5,2,0,Male,22,Yes,Yes,437056,8.128894003,80.47100789
TN-2023-02849,11-03-2023,Thoothukudi,Location_25,00:40,Car,Rural Road,Rain,Weather,1,2,0,Male,57,Yes,Yes,274952,9.11901672,76.77967287
TN-2023-02850,13-02-2023,Tiruppur,Location_38,12:23,Car,SH,Rain,Poor road,4,0,0,Male,54,Yes,No,472938,9.574638661,77.38214728
TN-2023-02851,25-11-2023,Coimbatore,Location_85,01:33,Two Wheeler,Rural Road,Fog,Weather,1,0,0,Male,22,Yes,Yes,459025,10.01017686,80.01333409
TN-2023-02852,28-10-2023,Madurai,Location_24,14:16,Bus,NH,Clear,Over speed,3,3,0,Male,54,Yes,Yes,143759,11.17291548,76.14624962
TN-2023-02853,16-08-2023,Trichy,Location_24,12:06,Truck,Urban Street,Cloudy,Reckless driving,2,1,0,Male,60,No,Yes,269140,10.01580828,79.2999482
TN-2023-02854,03-07-2023,Thoothukudi,Location_60,08:43,Auto Rickshaw,Urban Street,Fog,Poor road,3,0,0,Male,24,Yes,Yes,96070,12.53756554,77.90373365
TN-2023-02855,17-04-2023,Madurai,Location_83,02:22,Two Wheeler,Urban Street,Clear,Weather,4,1,0,Male,19,Yes,Yes,364890,10.60609568,79.09968109
TN-2023-02856,25-03-2023,Tirunelveli,Location_50,21:46,Two Wheeler,Rural Road,Clear,Poor road,3,2,0,Male,47,Yes,Yes,229578,10.76198322,78.36205055
TN-2023-02857,04-12-2023,Madurai,Location_66,06:22,Two Wheeler,SH,Cloudy,Weather,4,3,0,Male,28,No,Yes,287873,10.35064052,78.82200349
TN-2023-02858,07-09-2023,Tirunelveli,Location_14,00:13,Two Wheeler,NH,Rain,Reckless driving,2,0,0,Male,54,Yes,Yes,256970,9.707564927,78.9999867
TN-2023-02859,29-12-2023,Tirunelveli,Location_53,18:47,Two Wheeler,SH,Sunny,Reckless driving,2,2,0,Male,56,Yes,No,482082,11.98640065,78.84060675
TN-2023-02860,21-01-2023,Thoothukudi,Location_32,09:00,Lorry,SH,Clear,Drunk drive,5,0,0,Male,50,Yes,Yes,433817,9.262596427,78.9905334
TN-2023-02861,15-07-2023,Coimbatore,Location_96,04:02,Two Wheeler,NH,Sunny,Weather,3,2,0,Female,26,No,Yes,14250,11.79219398,78.5575657
TN-2023-02862,27-06-2023,Erode,Location_92,16:49,Auto Rickshaw,SH,Sunny,Brake failure,5,3,0,Male,28,No,Yes,271620,10.91338382,79.21252911
TN-2023-02863,07-01-2023,Thoothukudi,Location_48,20:26,Auto Rickshaw,Urban Street,Cloudy,Over speed,1,0,0,Female,29,Yes,Yes,111283,8.56244779,79.49210563
TN-2023-02864,11-03-2023,Coimbatore,Location_39,18:53,Two Wheeler,NH,Rain,Drunk drive,1,0,0,Male,27,Yes,Yes,496485,8.098819856,79.54570938
TN-2023-02865,07-05-2023,Coimbatore,Location_40,21:17,Bicycle,Urban Street,Cloudy,Over speed,1,1,0,Male,28,Yes,Yes,79366,8.931939919,79.84080894
TN-2023-02866,09-06-2023,Salem,Location_42,15:01,Bus,Rural Road,Clear,Drunk drive,1,1,0,Male,50,No,Yes,138115,12.18561487,77.42381089
TN-2023-02867,05-09-2023,Tiruppur,Location_77,14:12,Car,Urban Street,Rain,Poor road,1,0,0,Male,37,No,Yes,225244,10.11528659,79.35598044
TN-2023-02868,22-07-2023,Tiruppur,Location_76,12:15,Two Wheeler,Rural Road,Fog,Weather,3,3,0,Male,22,Yes,No,241973,12.4268208,80.25997581
TN-2023-02869,28-05-2023,Tiruppur,Location_8,07:42,Car,Rural Road,Rain,Poor road,5,1,0,Female,64,No,Yes,280154,10.76048198,77.65360636
TN-2023-02870,23-05-2023,Vellore,Location_79,07:53,Two Wheeler,NH,Cloudy,Over speed,5,0,0,Male,41,No,Yes,336306,8.180106456,79.49938502
TN-2023-02871,18-07-2023,Thoothukudi,Location_26,09:54,Car,Urban Street,Cloudy,Reckless driving,4,0,0,Male,49,Yes,Yes,463991,12.65354106,77.3115825
TN-2023-02872,03-06-2023,Coimbatore,Location_12,00:30,Two Wheeler,Urban Street,Sunny,Over speed,1,2,0,Male,48,Yes,Yes,43951,13.1494489,76.79006169
TN-2023-02873,22-05-2023,Salem,Location_43,11:08,Car,Urban Street,Fog,Drunk drive,2,3,0,Male,59,Yes,No,36453,8.408183613,78.00892101
TN-2023-02874,09-11-2023,Tirunelveli,Location_51,04:08,Two Wheeler,NH,Rain,Over speed,4,1,0,Male,61,Yes,Yes,401087,9.145928675,79.62939472
TN-2023-02875,14-06-2023,Erode,Location_91,15:17,Two Wheeler,Rural Road,Fog,Weather,4,1,1,Male,31,Yes,Yes,498722,11.93554106,77.38205134
TN-2023-02876,10-11-2023,Erode,Location_82,07:22,Car,Rural Road,Sunny,Over speed,3,2,0,Male,36,Yes,Yes,366619,13.48446548,77.32722716
TN-2023-02877,21-01-2023,Tirunelveli,Location_63,10:19,Car,Rural Road,Fog,Poor road,4,0,0,Male,59,Yes,Yes,333397,12.81967048,77.24953766
TN-2023-02878,23-03-2023,Madurai,Location_49,18:35,Two Wheeler,NH,Fog,Reckless driving,2,1,0,Male,41,Yes,Yes,140992,8.544213235,76.98154443
TN-2023-02879,10-03-2023,Madurai,Location_27,19:25,Two Wheeler,NH,Rain,Weather,5,0,0,Male,49,No,Yes,386963,11.33980402,78.74999947
TN-2023-02880,11-05-2023,Tiruppur,Location_9,09:23,Auto Rickshaw,SH,Fog,Over speed,4,1,1,Male,29,Yes,Yes,254584,11.65862036,77.09501598
TN-2023-02881,28-03-2023,Thoothukudi,Location_39,12:51,Car,Urban Street,Sunny,Brake failure,3,1,0,Male,38,No,Yes,94622,11.46957648,80.2070627
TN-2023-02882,06-08-2023,Vellore,Location_65,13:52,Two Wheeler,Rural Road,Clear,Brake failure,1,0,0,Male,53,No,Yes,330643,11.12433146,77.55668971
TN-2023-02883,01-11-2023,Salem,Location_71,01:28,Car,SH,Clear,Reckless driving,2,0,1,Male,42,Yes,Yes,140275,9.607121442,78.44079441
TN-2023-02884,11-12-2023,Erode,Location_90,03:06,Car,SH,Cloudy,Poor road,1,1,0,Male,31,Yes,Yes,78387,11.67678392,77.84126708
TN-2023-02885,07-12-2023,Tiruppur,Location_71,18:29,Two Wheeler,Urban Street,Clear,Drunk drive,4,2,0,Male,25,Yes,Yes,398254,12.00648196,80.3322208
TN-2023-02886,10-06-2023,Chennai,Location_7,16:47,Car,NH,Rain,Drunk drive,5,2,0,Male,46,Yes,Yes,473521,11.1667141,77.90805177
TN-2023-02887,27-06-2023,Tiruppur,Location_72,12:55,Lorry,SH,Cloudy,Reckless driving,3,2,0,Male,42,Yes,Yes,302693,10.7343554,78.53662502
TN-2023-02888,27-04-2023,Chennai,Location_80,21:54,Bus,NH,Clear,Over speed,2,2,0,Male,40,Yes,Yes,267191,9.204668017,79.43540467
TN-2023-02889,15-07-2023,Trichy,Location_67,17:20,Two Wheeler,NH,Clear,Weather,5,2,0,Male,53,No,Yes,122082,10.99598218,76.77083442
TN-2023-02890,23-11-2023,Coimbatore,Location_10,11:54,Auto Rickshaw,Urban Street,Cloudy,Reckless driving,2,0,0,Female,29,Yes,Yes,355039,8.705377566,76.14688811
TN-2023-02891,27-03-2023,Tirunelveli,Location_71,00:14,Two Wheeler,SH,Rain,Drunk drive,3,1,0,Female,29,No,Yes,259786,8.399937953,78.04713962
TN-2023-02892,16-10-2023,Coimbatore,Location_85,02:05,Truck,Rural Road,Cloudy,Brake failure,3,2,0,Male,35,Yes,Yes,352613,12.27818158,78.47788481
TN-2023-02893,22-03-2023,Tiruppur,Location_53,13:54,Two Wheeler,SH,Rain,Drunk drive,4,3,0,Male,53,Yes,Yes,158122,11.71949948,77.29177467
TN-2023-02894,01-06-2023,Coimbatore,Location_95,05:32,Car,Rural Road,Rain,Brake failure,2,1,1,Male,36,Yes,Yes,124551,11.56967716,78.081271
TN-2023-02895,02-03-2023,Salem,Location_87,19:37,Car,Rural Road,Sunny,Drunk drive,4,3,0,Male,52,Yes,Yes,134888,13.10470249,78.76822205
TN-2023-02896,02-03-2023,Trichy,Location_57,07:25,Two Wheeler,NH,Clear,Poor road,2,0,0,Male,44,Yes,Yes,155308,10.09424994,80.37972831
TN-2023-02897,20-12-2023,Vellore,Location_91,14:13,Lorry,Rural Road,Clear,Reckless driving,2,1,1,Male,20,Yes,Yes,317231,10.19852612,78.7079972
TN-2023-02898,28-01-2023,Trichy,Location_86,15:19,Car,Urban Street,Fog,Weather,1,0,0,Male,30,Yes,Yes,483192,10.27560798,78.01985783
TN-2023-02899,12-02-2023,Erode,Location_27,22:47,Two Wheeler,SH,Cloudy,Reckless driving,4,3,0,Female,55,Yes,Yes,480919,10.559057,76.10137822
TN-2023-02900,18-06-2023,Salem,Location_54,18:55,Car,NH,Sunny,Over speed,2,1,0,Female,58,Yes,Yes,180023,10.82063644,77.39762454
TN-2023-02901,27-03-2023,Coimbatore,Location_4,00:35,Car,NH,Clear,Brake failure,2,1,0,Male,36,No,Yes,263065,12.27909588,77.61318684
TN-2023-02902,26-06-2023,Vellore,Location_88,09:51,Two Wheeler,Rural Road,Fog,Drunk drive,3,0,0,Male,60,Yes,Yes,144153,9.197368206,78.14625056
TN-2023-02903,17-01-2023,Coimbatore,Location_23,17:33,Bicycle,NH,Sunny,Over speed,1,1,1,Male,52,No,Yes,182887,10.38746441,79.51976978
TN-2023-02904,08-04-2023,Thoothukudi,Location_48,03:46,Auto Rickshaw,Urban Street,Rain,Brake failure,3,3,0,Female,32,Yes,Yes,245766,10.77820052,79.49149319
TN-2023-02905,17-07-2023,Thoothukudi,Location_83,03:15,Two Wheeler,Urban Street,Clear,Reckless driving,4,0,0,Male,33,Yes,Yes,327891,8.930147204,79.80378693
TN-2023-02906,08-04-2023,Madurai,Location_42,14:17,Car,NH,Cloudy,Brake failure,4,3,0,Male,52,Yes,Yes,374449,11.86068497,77.30496651
TN-2023-02907,06-03-2023,Trichy,Location_3,06:46,Two Wheeler,NH,Sunny,Poor road,2,1,0,Male,22,Yes,Yes,419721,8.309489078,77.55906704
TN-2023-02908,26-11-2023,Vellore,Location_91,21:31,Lorry,Urban Street,Fog,Drunk drive,5,3,0,Male,24,No,Yes,241596,11.22251874,76.67607501
TN-2023-02909,07-12-2023,Thoothukudi,Location_3,10:18,Truck,Rural Road,Cloudy,Reckless driving,3,1,1,Male,38,Yes,Yes,121441,9.111781881,79.85837099
TN-2023-02910,05-01-2023,Madurai,Location_28,07:55,Two Wheeler,NH,Rain,Over speed,4,3,0,Female,58,Yes,Yes,448350,8.046575434,78.93505824
TN-2023-02911,02-01-2023,Salem,Location_63,00:34,Lorry,Rural Road,Cloudy,Drunk drive,2,3,0,Male,18,Yes,Yes,423875,9.736743977,76.34897458
TN-2023-02912,22-01-2023,Vellore,Location_81,04:49,Car,NH,Fog,Reckless driving,2,2,0,Male,42,Yes,Yes,53674,10.36027374,77.36645649
TN-2023-02913,22-04-2023,Madurai,Location_31,11:11,Two Wheeler,Urban Street,Rain,Drunk drive,3,1,0,Male,47,Yes,No,218951,12.49515649,76.68726273
TN-2023-02914,26-02-2023,Tirunelveli,Location_10,20:58,Truck,NH,Fog,Weather,2,2,0,Male,36,Yes,Yes,37416,10.2431511,80.3615267
TN-2023-02915,07-03-2023,Vellore,Location_49,18:08,Car,NH,Clear,Brake failure,1,2,0,Female,41,Yes,Yes,20656,13.03489562,77.46071264
TN-2023-02916,26-11-2023,Tiruppur,Location_86,10:48,Car,NH,Fog,Brake failure,5,0,0,Male,63,Yes,Yes,178758,12.6339634,78.23410293
TN-2023-02917,08-04-2023,Madurai,Location_94,15:35,Bus,Urban Street,Cloudy,Weather,3,0,0,Female,32,Yes,Yes,143072,9.060056825,77.43055907
TN-2023-02918,24-05-2023,Coimbatore,Location_21,09:53,Two Wheeler,Urban Street,Clear,Weather,3,3,0,Male,52,Yes,Yes,81547,8.856445222,78.1343344
TN-2023-02919,05-05-2023,Tiruppur,Location_53,14:56,Two Wheeler,Urban Street,Clear,Drunk drive,3,1,0,Female,41,Yes,Yes,127132,9.34113114,80.49379966
TN-2023-02920,16-06-2023,Tirunelveli,Location_87,18:31,Truck,SH,Sunny,Brake failure,2,0,0,Male,53,No,Yes,360951,9.978250413,77.29324949
TN-2023-02921,27-03-2023,Thoothukudi,Location_76,02:30,Bus,SH,Cloudy,Over speed,2,2,0,Male,31,Yes,Yes,366091,11.20914313,77.27179924
TN-2023-02922,17-03-2023,Chennai,Location_89,20:54,Lorry,SH,Cloudy,Poor road,3,1,0,Male,39,Yes,Yes,483814,8.68244826,77.67120807
TN-2023-02923,10-12-2023,Madurai,Location_54,04:31,Two Wheeler,SH,Rain,Reckless driving,3,3,0,Male,56,No,Yes,189119,10.92622706,76.76192548
TN-2023-02924,21-10-2023,Salem,Location_57,10:55,Car,Urban Street,Fog,Weather,1,3,0,Male,25,No,Yes,283256,11.19425278,79.32546283
TN-2023-02925,28-02-2023,Madurai,Location_20,04:38,Truck,NH,Fog,Over speed,4,0,0,Male,33,Yes,Yes,430422,11.63489633,77.70703136
TN-2023-02926,18-05-2023,Chennai,Location_49,05:29,Two Wheeler,Urban Street,Cloudy,Over speed,1,0,0,Male,63,Yes,Yes,447627,11.02550628,78.6138645
TN-2023-02927,09-04-2023,Tirunelveli,Location_7,12:01,Two Wheeler,SH,Fog,Drunk drive,3,0,0,Female,34,No,Yes,88075,12.53844419,78.9758639
TN-2023-02928,11-07-2023,Tirunelveli,Location_29,18:10,Car,Rural Road,Cloudy,Weather,2,3,0,Male,22,Yes,Yes,131187,11.52874743,76.15949635
TN-2023-02929,31-08-2023,Tiruppur,Location_48,19:36,Two Wheeler,Rural Road,Clear,Over speed,2,2,0,Female,58,Yes,Yes,66186,13.08503351,78.89801256
TN-2023-02930,15-11-2023,Vellore,Location_93,08:37,Two Wheeler,Urban Street,Fog,Poor road,3,0,0,Male,52,Yes,Yes,168571,11.85508255,78.39746212
TN-2023-02931,18-02-2023,Salem,Location_13,16:18,Auto Rickshaw,NH,Fog,Over speed,4,3,0,Male,54,Yes,Yes,138174,10.39860619,76.37282685
TN-2023-02932,01-02-2023,Tiruppur,Location_3,22:39,Bicycle,SH,Cloudy,Poor road,5,1,0,Male,35,No,Yes,148044,9.153265184,76.56018934
TN-2023-02933,04-10-2023,Salem,Location_2,06:04,Car,NH,Cloudy,Poor road,5,3,1,Male,38,Yes,No,423898,8.057863896,77.98359291
TN-2023-02934,20-01-2023,Salem,Location_16,14:41,Lorry,NH,Rain,Poor road,1,1,0,Male,59,No,Yes,181637,8.497215607,77.55838472
TN-2023-02935,03-06-2023,Chennai,Location_94,15:40,Auto Rickshaw,NH,Fog,Weather,4,1,1,Female,18,Yes,No,115437,9.043216576,77.96873112
TN-2023-02936,09-03-2023,Tiruppur,Location_6,06:10,Bus,SH,Sunny,Poor road,5,2,0,Male,34,Yes,Yes,139431,9.190427438,78.85981788
TN-2023-02937,02-08-2023,Salem,Location_45,08:48,Two Wheeler,Urban Street,Cloudy,Weather,4,0,1,Male,25,Yes,Yes,88323,12.08124245,76.69491165
TN-2023-02938,23-05-2023,Erode,Location_71,08:02,Two Wheeler,SH,Sunny,Over speed,2,1,0,Male,46,No,Yes,270529,10.12330689,78.98100077
TN-2023-02939,20-08-2023,Chennai,Location_5,21:39,Two Wheeler,SH,Clear,Poor road,2,0,0,Male,37,No,No,349520,9.784967152,79.68156873
TN-2023-02940,01-08-2023,Tirunelveli,Location_56,18:19,Two Wheeler,Urban Street,Clear,Brake failure,4,3,0,Male,54,No,Yes,315177,8.288021546,76.01317704
TN-2023-02941,20-03-2023,Chennai,Location_71,15:06,Two Wheeler,Urban Street,Sunny,Over speed,3,0,0,Male,56,Yes,Yes,276550,10.962633,77.6580862
TN-2023-02942,02-08-2023,Coimbatore,Location_98,06:19,Two Wheeler,Urban Street,Clear,Reckless driving,5,3,0,Female,22,Yes,Yes,310368,11.37099885,77.23825416
TN-2023-02943,26-04-2023,Coimbatore,Location_32,12:34,Two Wheeler,Rural Road,Sunny,Brake failure,5,1,0,Female,27,No,Yes,70780,12.82821579,77.943999
TN-2023-02944,02-04-2023,Salem,Location_49,11:23,Two Wheeler,Rural Road,Rain,Brake failure,2,2,0,Male,23,No,Yes,288401,10.76563131,78.76875422
TN-2023-02945,27-09-2023,Tiruppur,Location_13,07:12,Car,Urban Street,Rain,Drunk drive,1,1,0,Female,24,No,Yes,376743,8.042460887,76.84406186
TN-2023-02946,17-06-2023,Tirunelveli,Location_30,19:47,Two Wheeler,NH,Clear,Weather,5,3,0,Female,52,Yes,No,9356,8.359033168,76.60343028
TN-2023-02947,27-02-2023,Chennai,Location_25,06:03,Lorry,Rural Road,Sunny,Drunk drive,2,1,0,Male,44,No,Yes,32782,9.490529364,79.27977285
TN-2023-02948,11-10-2023,Tiruppur,Location_85,11:16,Two Wheeler,SH,Sunny,Weather,2,2,0,Male,59,Yes,Yes,297750,8.76552071,79.08588913
TN-2023-02949,26-01-2023,Chennai,Location_60,00:16,Auto Rickshaw,SH,Sunny,Drunk drive,4,0,0,Male,38,Yes,Yes,326281,12.23823075,78.07380022
TN-2023-02950,07-03-2023,Chennai,Location_59,01:05,Truck,Rural Road,Clear,Over speed,4,3,0,Male,41,No,Yes,239761,8.593213396,78.25595227
TN-2023-02951,05-09-2023,Erode,Location_85,11:57,Bus,SH,Sunny,Brake failure,4,0,0,Male,46,Yes,No,95506,8.884309155,77.21437559
TN-2023-02952,11-09-2023,Coimbatore,Location_28,10:52,Bus,Urban Street,Cloudy,Over speed,1,2,0,Male,44,No,Yes,384956,11.6673305,77.48130607
TN-2023-02953,13-02-2023,Chennai,Location_58,10:17,Truck,SH,Sunny,Weather,5,1,0,Male,55,Yes,Yes,238783,9.317956027,77.4403716
TN-2023-02954,07-04-2023,Erode,Location_20,07:24,Two Wheeler,Rural Road,Cloudy,Brake failure,1,2,0,Female,19,Yes,Yes,84911,13.32994545,79.26850799
TN-2023-02955,11-02-2023,Coimbatore,Location_34,06:27,Bicycle,NH,Rain,Brake failure,1,3,0,Male,42,Yes,Yes,289918,12.74753234,78.50039396
TN-2023-02956,15-08-2023,Erode,Location_5,13:15,Lorry,SH,Cloudy,Weather,4,3,0,Male,19,Yes,Yes,356188,12.09497094,79.28269901
TN-2023-02957,19-09-2023,Tiruppur,Location_82,11:40,Bus,SH,Rain,Over speed,2,1,2,Male,55,No,Yes,198099,9.887250576,78.65822497
TN-2023-02958,16-06-2023,Vellore,Location_60,19:28,Two Wheeler,NH,Clear,Brake failure,3,3,1,Male,35,Yes,Yes,186187,8.312289859,78.45536339
TN-2023-02959,06-10-2023,Coimbatore,Location_43,22:20,Car,Rural Road,Rain,Reckless driving,2,2,0,Male,59,No,Yes,103907,9.850205271,77.44261879
TN-2023-02960,30-03-2023,Thoothukudi,Location_57,15:52,Bus,NH,Rain,Over speed,2,3,1,Male,24,Yes,Yes,431716,10.07201423,77.77959614
TN-2023-02961,27-06-2023,Vellore,Location_57,18:47,Car,SH,Sunny,Over speed,2,0,0,Male,21,No,Yes,240212,8.70088046,79.99329044
TN-2023-02962,16-07-2023,Tiruppur,Location_75,08:44,Bus,Rural Road,Fog,Over speed,2,2,0,Male,61,Yes,Yes,175609,8.663524424,78.591685
TN-2023-02963,03-11-2023,Chennai,Location_54,04:21,Two Wheeler,Urban Street,Rain,Brake failure,1,2,0,Male,57,Yes,Yes,217561,11.67459582,78.36004884
TN-2023-02964,24-09-2023,Tirunelveli,Location_81,18:09,Two Wheeler,Rural Road,Cloudy,Poor road,4,3,0,Male,58,No,No,50054,9.27821334,76.23909164
TN-2023-02965,25-09-2023,Tiruppur,Location_45,06:08,Two Wheeler,Rural Road,Clear,Drunk drive,4,1,1,Male,27,No,Yes,403722,11.72905888,79.01900126
TN-2023-02966,15-03-2023,Erode,Location_86,13:14,Two Wheeler,Urban Street,Cloudy,Weather,2,1,0,Male,58,Yes,Yes,327982,11.01565741,79.08707852
TN-2023-02967,08-01-2023,Erode,Location_37,12:41,Two Wheeler,Rural Road,Clear,Over speed,3,1,0,Male,45,No,Yes,358813,12.95805117,79.10795456
TN-2023-02968,24-10-2023,Erode,Location_84,13:25,Two Wheeler,SH,Cloudy,Brake failure,5,3,0,Male,47,Yes,Yes,295000,12.38443433,76.41049951
TN-2023-02969,13-06-2023,Erode,Location_48,20:22,Two Wheeler,SH,Rain,Weather,2,3,1,Male,41,No,Yes,194915,8.83254618,77.35204867
TN-2023-02970,26-03-2023,Tiruppur,Location_54,11:27,Car,SH,Fog,Poor road,2,3,0,Male,53,Yes,Yes,284996,11.35588851,77.67051721
TN-2023-02971,13-03-2023,Tirunelveli,Location_48,18:37,Two Wheeler,SH,Rain,Reckless driving,3,2,0,Male,33,Yes,Yes,454957,11.59219712,79.71923603
TN-2023-02972,24-02-2023,Madurai,Location_6,11:23,Truck,Urban Street,Sunny,Poor road,1,2,0,Female,50,No,Yes,85655,12.74129974,80.4130273
TN-2023-02973,16-02-2023,Erode,Location_34,12:39,Lorry,SH,Cloudy,Brake failure,2,3,1,Male,27,No,Yes,432899,11.52526219,77.86636417
TN-2023-02974,26-08-2023,Madurai,Location_63,15:01,Bus,Rural Road,Fog,Over speed,3,1,0,Female,38,Yes,Yes,336076,8.773928196,78.49426318
TN-2023-02975,14-04-2023,Tirunelveli,Location_78,21:38,Two Wheeler,NH,Cloudy,Poor road,1,0,0,Male,44,Yes,No,210439,9.421470759,76.03301766
TN-2023-02976,29-07-2023,Tirunelveli,Location_48,11:38,Car,Urban Street,Sunny,Poor road,1,1,0,Male,38,No,Yes,456925,11.50679425,76.03950677
TN-2023-02977,11-02-2023,Vellore,Location_23,18:13,Car,Urban Street,Sunny,Poor road,2,2,0,Female,44,Yes,Yes,69247,13.01568306,76.33525103
TN-2023-02978,12-11-2023,Coimbatore,Location_84,08:49,Bicycle,NH,Sunny,Reckless driving,1,2,0,Female,49,No,Yes,242840,12.90340932,79.23759899
TN-2023-02979,25-09-2023,Thoothukudi,Location_13,10:47,Bus,SH,Rain,Brake failure,2,1,0,Male,22,Yes,Yes,311876,9.975523774,76.80161469
TN-2023-02980,20-09-2023,Salem,Location_47,18:30,Car,SH,Rain,Weather,2,1,0,Male,52,No,Yes,11474,12.5687032,79.41032055
TN-2023-02981,02-12-2023,Thoothukudi,Location_44,10:49,Auto Rickshaw,Rural Road,Fog,Drunk drive,4,2,0,Male,39,No,Yes,462173,10.81208344,77.94344268
TN-2023-02982,31-12-2023,Tiruppur,Location_32,10:24,Two Wheeler,SH,Sunny,Brake failure,5,2,0,Male,53,Yes,Yes,294195,10.55388525,79.82486054
TN-2023-02983,16-09-2023,Salem,Location_26,03:49,Two Wheeler,SH,Rain,Over speed,5,3,0,Female,27,No,Yes,380083,9.929879253,79.91642368
TN-2023-02984,10-10-2023,Tirunelveli,Location_53,18:12,Bus,Rural Road,Clear,Brake failure,4,0,0,Male,51,No,Yes,339563,11.73011537,79.95924809
TN-2023-02985,24-04-2023,Thoothukudi,Location_14,03:41,Two Wheeler,SH,Clear,Brake failure,2,3,0,Male,23,Yes,Yes,317104,11.29778687,78.44576187
TN-2023-02986,29-12-2023,Trichy,Location_52,21:36,Two Wheeler,NH,Rain,Reckless driving,3,3,1,Male,31,Yes,Yes,306549,10.0606511,79.54828344
TN-2023-02987,09-02-2023,Coimbatore,Location_36,02:15,Bus,SH,Fog,Drunk drive,1,1,0,Male,54,No,No,262771,12.19561003,78.97860505
TN-2023-02988,08-08-2023,Thoothukudi,Location_8,07:55,Two Wheeler,NH,Cloudy,Drunk drive,4,1,0,Male,36,Yes,Yes,427121,10.08640014,76.84020937
TN-2023-02989,09-05-2023,Coimbatore,Location_40,06:18,Car,NH,Sunny,Drunk drive,4,0,0,Male,49,Yes,Yes,220911,11.21413012,77.71682526
TN-2023-02990,08-01-2023,Madurai,Location_86,13:14,Auto Rickshaw,NH,Rain,Weather,4,3,0,Male,37,No,Yes,489534,10.15810601,80.33063058
TN-2023-02991,11-04-2023,Tiruppur,Location_22,16:20,Two Wheeler,SH,Fog,Brake failure,4,3,0,Female,38,Yes,Yes,249482,8.642821663,79.47654116
TN-2023-02992,25-06-2023,Coimbatore,Location_16,00:05,Two Wheeler,SH,Cloudy,Reckless driving,5,2,0,Male,32,No,Yes,82914,8.886569066,77.18347245
TN-2023-02993,17-04-2023,Madurai,Location_91,22:46,Two Wheeler,Urban Street,Fog,Over speed,2,2,1,Female,34,Yes,Yes,268276,11.6120638,77.26438452
TN-2023-02994,11-04-2023,Erode,Location_60,11:20,Two Wheeler,Rural Road,Cloudy,Drunk drive,4,0,0,Male,61,Yes,Yes,194167,12.46172864,77.14381505
TN-2023-02995,17-09-2023,Madurai,Location_60,19:01,Two Wheeler,Rural Road,Clear,Drunk drive,4,1,0,Female,62,Yes,Yes,103808,10.5765463,77.47966761
TN-2023-02996,03-09-2023,Tiruppur,Location_10,04:08,Two Wheeler,Urban Street,Cloudy,Brake failure,4,2,0,Male,41,Yes,Yes,36756,9.790729551,80.17738319
TN-2023-02997,02-10-2023,Vellore,Location_25,19:45,Two Wheeler,NH,Clear,Over speed,3,0,2,Female,38,Yes,No,35156,9.850736147,77.95094031
TN-2023-02998,01-02-2023,Erode,Location_31,17:21,Two Wheeler,Rural Road,Sunny,Reckless driving,3,3,0,Male,32,No,Yes,308282,11.28706013,77.63913585
TN-2023-02999,17-05-2023,Tirunelveli,Location_21,07:33,Bus,Urban Street,Rain,Drunk drive,1,0,0,Male,28,No,Yes,420925,10.57229196,77.07632051
TN-2023-03000,12-01-2023,Chennai,Location_91,08:06,Auto Rickshaw,NH,Clear,Brake failure,2,0,0,Male,54,No,Yes,257561,8.00406288,80.01583629
TN-2023-03001,29-10-2023,Madurai,Location_81,17:26,Lorry,Urban Street,Fog,Poor road,4,2,0,Female,47,Yes,Yes,95919,12.24309586,80.30819452
TN-2023-03002,16-01-2023,Madurai,Location_33,15:20,Car,SH,Cloudy,Reckless driving,1,2,1,Male,35,Yes,Yes,383976,8.782748658,77.45593653
TN-2023-03003,09-05-2023,Coimbatore,Location_31,04:54,Two Wheeler,SH,Fog,Weather,1,3,0,Male,45,Yes,Yes,316504,11.71145545,78.7749404
TN-2023-03004,04-03-2023,Tirunelveli,Location_90,14:36,Bus,NH,Clear,Reckless driving,2,3,0,Male,30,Yes,No,451327,9.893176515,80.31295006
TN-2023-03005,19-04-2023,Thoothukudi,Location_21,10:21,Two Wheeler,NH,Fog,Brake failure,3,3,1,Male,60,Yes,No,20336,11.17901422,78.24766
TN-2023-03006,21-01-2023,Trichy,Location_36,13:56,Two Wheeler,SH,Cloudy,Drunk drive,2,0,0,Female,27,No,Yes,86801,12.70314557,78.10898064
TN-2023-03007,07-06-2023,Salem,Location_65,18:34,Auto Rickshaw,Rural Road,Rain,Reckless driving,1,0,0,Male,64,No,Yes,125232,8.848499282,78.37462412
TN-2023-03008,26-09-2023,Madurai,Location_4,09:05,Two Wheeler,Rural Road,Fog,Over speed,2,2,0,Male,56,Yes,Yes,447411,12.27699364,76.14926514
TN-2023-03009,11-06-2023,Thoothukudi,Location_68,02:33,Two Wheeler,SH,Sunny,Poor road,3,3,0,Male,29,Yes,Yes,190065,8.210696474,77.35053555
TN-2023-03010,17-09-2023,Trichy,Location_90,12:49,Auto Rickshaw,Rural Road,Cloudy,Over speed,1,2,0,Male,55,Yes,Yes,84452,13.06752719,79.14546498
TN-2023-03011,12-04-2023,Salem,Location_4,01:14,Auto Rickshaw,SH,Cloudy,Over speed,2,3,0,Female,58,No,Yes,408591,9.108725922,80.350283
TN-2023-03012,11-08-2023,Chennai,Location_9,04:14,Two Wheeler,Urban Street,Sunny,Over speed,4,3,0,Male,57,No,Yes,196139,12.36927532,78.55935124
TN-2023-03013,28-02-2023,Coimbatore,Location_30,20:16,Two Wheeler,Urban Street,Clear,Brake failure,4,2,0,Male,43,Yes,Yes,213781,8.369712713,76.85714126
TN-2023-03014,04-09-2023,Thoothukudi,Location_45,01:31,Car,Urban Street,Sunny,Brake failure,2,2,1,Male,61,No,No,10660,9.798766315,77.92065972
TN-2023-03015,08-05-2023,Coimbatore,Location_4,17:46,Bus,Rural Road,Clear,Reckless driving,2,2,0,Male,36,Yes,Yes,312078,11.48451067,78.20508858
TN-2023-03016,10-10-2023,Salem,Location_69,19:22,Two Wheeler,Urban Street,Rain,Weather,3,3,0,Female,40,No,No,340576,11.6235357,76.68501119
TN-2023-03017,21-11-2023,Vellore,Location_23,02:36,Car,NH,Clear,Poor road,1,0,0,Male,53,Yes,Yes,128817,11.84345276,77.4817726
TN-2023-03018,25-01-2023,Madurai,Location_16,10:40,Truck,NH,Rain,Reckless driving,2,2,0,Male,44,No,Yes,499109,9.929724914,78.00279044
TN-2023-03019,11-05-2023,Erode,Location_22,04:56,Two Wheeler,Urban Street,Rain,Over speed,1,2,0,Male,33,Yes,Yes,12415,11.66304525,77.17855983
TN-2023-03020,19-12-2023,Trichy,Location_72,00:24,Auto Rickshaw,NH,Sunny,Reckless driving,4,0,1,Male,24,No,Yes,353379,10.35675789,77.5924888
TN-2023-03021,15-07-2023,Tirunelveli,Location_48,13:36,Truck,Urban Street,Rain,Drunk drive,1,0,0,Male,30,Yes,Yes,106321,11.11255957,77.24309962
TN-2023-03022,08-10-2023,Tiruppur,Location_62,07:20,Two Wheeler,Urban Street,Clear,Reckless driving,5,1,0,Male,29,Yes,Yes,15798,11.00974569,78.75769685
TN-2023-03023,03-06-2023,Madurai,Location_97,13:47,Lorry,SH,Fog,Reckless driving,3,2,2,Male,44,Yes,Yes,123433,8.924769264,78.60371179
TN-2023-03024,13-05-2023,Erode,Location_60,05:39,Two Wheeler,Urban Street,Cloudy,Over speed,3,1,0,Male,50,Yes,Yes,416511,12.65629043,78.48262867
TN-2023-03025,15-08-2023,Tiruppur,Location_80,01:18,Bus,NH,Cloudy,Reckless driving,1,1,0,Male,48,Yes,No,141637,12.7692763,76.43530894
TN-2023-03026,08-07-2023,Thoothukudi,Location_5,08:04,Lorry,Rural Road,Clear,Poor road,3,0,2,Male,28,No,Yes,305175,9.120489483,76.82600941
TN-2023-03027,22-09-2023,Tiruppur,Location_80,04:24,Two Wheeler,Urban Street,Fog,Over speed,1,3,0,Male,34,Yes,No,130687,10.29093418,76.49872226
TN-2023-03028,14-05-2023,Chennai,Location_7,18:29,Bus,SH,Rain,Brake failure,1,3,2,Female,55,No,No,397265,10.55681674,76.28476435
TN-2023-03029,30-07-2023,Madurai,Location_51,03:47,Lorry,NH,Clear,Brake failure,4,0,0,Male,19,No,Yes,467876,11.01907109,77.11073446
TN-2023-03030,01-03-2023,Coimbatore,Location_65,15:15,Two Wheeler,SH,Rain,Reckless driving,1,1,0,Male,20,Yes,Yes,95873,8.122499328,76.87534662
TN-2023-03031,30-12-2023,Vellore,Location_9,06:17,Two Wheeler,Urban Street,Sunny,Reckless driving,3,1,0,Male,51,Yes,Yes,287744,12.17348324,79.2624838
TN-2023-03032,30-12-2023,Tirunelveli,Location_82,20:30,Two Wheeler,Urban Street,Fog,Poor road,5,1,0,Male,49,Yes,Yes,340886,12.74077069,79.13149069
TN-2023-03033,01-08-2023,Coimbatore,Location_45,00:02,Car,Urban Street,Cloudy,Weather,2,1,0,Male,41,Yes,Yes,474211,8.782066328,76.9060263
TN-2023-03034,04-08-2023,Erode,Location_47,20:07,Truck,Urban Street,Clear,Over speed,3,2,2,Male,41,Yes,Yes,345274,12.93145923,76.74503675
TN-2023-03035,14-08-2023,Madurai,Location_67,00:06,Lorry,NH,Cloudy,Poor road,5,1,0,Male,30,No,Yes,222911,12.68001719,76.65203089
TN-2023-03036,11-05-2023,Vellore,Location_24,06:07,Two Wheeler,Rural Road,Rain,Reckless driving,3,0,0,Male,39,Yes,Yes,91487,10.98241212,77.44022487
TN-2023-03037,17-03-2023,Tiruppur,Location_92,18:16,Car,Urban Street,Rain,Reckless driving,5,1,0,Male,36,Yes,Yes,432689,9.511024405,77.32384091
TN-2023-03038,13-10-2023,Madurai,Location_10,10:46,Two Wheeler,SH,Sunny,Reckless driving,3,1,0,Male,47,No,Yes,226075,9.141193209,76.12841924
TN-2023-03039,04-10-2023,Tiruppur,Location_73,08:48,Two Wheeler,NH,Rain,Reckless driving,2,0,0,Male,56,Yes,Yes,171574,10.69018994,78.55541711
TN-2023-03040,05-06-2023,Thoothukudi,Location_77,10:37,Car,NH,Rain,Drunk drive,4,1,0,Male,38,Yes,Yes,180935,10.7896228,80.04114161
TN-2023-03041,05-09-2023,Chennai,Location_48,08:49,Car,NH,Cloudy,Reckless driving,4,3,2,Male,40,No,Yes,311804,11.5852759,78.42485499
TN-2023-03042,06-08-2023,Salem,Location_35,19:01,Car,SH,Cloudy,Reckless driving,2,0,1,Male,33,No,Yes,81124,12.409006,76.2871366
TN-2023-03043,09-07-2023,Madurai,Location_54,03:49,Truck,Rural Road,Clear,Drunk drive,3,2,0,Male,59,No,Yes,9097,13.13974928,78.69797929
TN-2023-03044,12-06-2023,Erode,Location_87,00:10,Car,SH,Clear,Weather,5,2,0,Male,24,Yes,Yes,380661,12.37954492,78.18230216
TN-2023-03045,29-06-2023,Tiruppur,Location_81,02:39,Car,SH,Rain,Brake failure,1,0,0,Male,37,Yes,Yes,300967,12.99974927,80.0811798
TN-2023-03046,03-02-2023,Coimbatore,Location_71,04:51,Two Wheeler,SH,Fog,Reckless driving,3,2,0,Male,59,No,Yes,366781,10.74652675,77.63448751
TN-2023-03047,10-02-2023,Thoothukudi,Location_16,20:21,Bicycle,Urban Street,Clear,Reckless driving,2,2,1,Male,31,Yes,Yes,94897,8.213865267,79.38391914
TN-2023-03048,03-11-2023,Erode,Location_53,21:36,Lorry,Urban Street,Rain,Poor road,4,2,0,Male,43,Yes,Yes,43557,8.285065993,76.17298113
TN-2023-03049,04-12-2023,Tirunelveli,Location_40,10:43,Auto Rickshaw,SH,Cloudy,Over speed,4,0,1,Female,39,No,Yes,303248,9.476681391,79.24671888
TN-2023-03050,10-11-2023,Salem,Location_20,21:40,Two Wheeler,SH,Sunny,Poor road,3,1,0,Female,58,Yes,Yes,277658,11.37692419,76.18686969
TN-2023-03051,16-03-2023,Thoothukudi,Location_88,20:12,Car,Urban Street,Cloudy,Reckless driving,5,2,0,Female,53,No,No,398861,9.843732825,77.55121875
TN-2023-03052,06-10-2023,Chennai,Location_69,21:51,Car,Urban Street,Cloudy,Weather,2,3,0,Male,43,Yes,Yes,86863,8.913790375,80.26638621
TN-2023-03053,25-06-2023,Salem,Location_45,02:12,Two Wheeler,Rural Road,Sunny,Poor road,2,1,0,Male,29,Yes,Yes,228585,12.67772303,79.16442161
TN-2023-03054,30-05-2023,Tiruppur,Location_6,21:10,Bus,SH,Cloudy,Weather,5,1,1,Male,48,Yes,Yes,279873,13.41747125,80.16260398
TN-2023-03055,30-09-2023,Erode,Location_92,10:20,Auto Rickshaw,NH,Clear,Weather,5,2,0,Male,57,No,Yes,401032,8.091528397,78.23133836
TN-2023-03056,21-11-2023,Tirunelveli,Location_69,19:20,Two Wheeler,Rural Road,Cloudy,Reckless driving,3,2,2,Male,21,Yes,Yes,221460,8.491832508,78.72797481
TN-2023-03057,18-04-2023,Trichy,Location_49,06:16,Two Wheeler,NH,Sunny,Weather,3,1,0,Male,57,No,Yes,188045,10.74636316,78.32986737
TN-2023-03058,19-05-2023,Chennai,Location_39,15:13,Bus,Rural Road,Rain,Poor road,4,2,0,Male,44,Yes,Yes,415780,9.857169863,78.15489064
TN-2023-03059,16-12-2023,Vellore,Location_2,00:10,Two Wheeler,SH,Rain,Drunk drive,4,0,0,Male,26,Yes,Yes,336969,12.30183168,78.60203784
TN-2023-03060,28-09-2023,Tiruppur,Location_39,12:00,Car,NH,Rain,Over speed,5,0,0,Male,29,No,Yes,242050,11.59866212,76.1750471
TN-2023-03061,13-12-2023,Trichy,Location_21,01:08,Bus,Urban Street,Sunny,Weather,1,2,0,Male,46,No,Yes,196561,8.37680701,76.83557772
TN-2023-03062,16-10-2023,Madurai,Location_40,12:36,Two Wheeler,Rural Road,Sunny,Reckless driving,1,1,0,Male,45,Yes,Yes,184486,10.99685766,76.96579698
TN-2023-03063,31-07-2023,Tirunelveli,Location_82,08:44,Lorry,NH,Clear,Brake failure,1,2,0,Male,33,Yes,Yes,61903,9.850928998,77.72282019
TN-2023-03064,29-09-2023,Coimbatore,Location_54,04:46,Car,Rural Road,Sunny,Weather,2,3,1,Male,25,Yes,Yes,156976,13.30811943,77.95549814
TN-2023-03065,07-03-2023,Vellore,Location_12,06:13,Auto Rickshaw,SH,Rain,Poor road,3,0,0,Male,64,Yes,No,68871,10.61403477,79.32873162
TN-2023-03066,05-09-2023,Erode,Location_81,15:05,Lorry,NH,Sunny,Weather,5,1,0,Female,30,Yes,Yes,88750,13.1021504,76.74493035
TN-2023-03067,05-06-2023,Tirunelveli,Location_37,01:15,Auto Rickshaw,NH,Fog,Brake failure,4,3,0,Male,31,Yes,Yes,341696,8.165960248,78.56451621
TN-2023-03068,16-02-2023,Salem,Location_38,18:36,Two Wheeler,NH,Cloudy,Drunk drive,1,2,0,Male,32,Yes,No,116228,8.568010665,77.22530114
TN-2023-03069,20-07-2023,Thoothukudi,Location_15,03:45,Two Wheeler,Rural Road,Clear,Poor road,4,0,0,Male,26,Yes,Yes,442915,10.12447971,78.32044185
TN-2023-03070,28-05-2023,Salem,Location_7,05:07,Two Wheeler,Urban Street,Rain,Poor road,3,3,0,Female,61,Yes,Yes,220582,12.87826188,78.81976897
TN-2023-03071,04-05-2023,Salem,Location_78,02:03,Two Wheeler,Urban Street,Rain,Reckless driving,5,1,0,Male,49,Yes,Yes,340884,10.99532244,78.6210274
TN-2023-03072,01-01-2023,Madurai,Location_50,00:33,Auto Rickshaw,Urban Street,Fog,Poor road,1,0,0,Female,39,Yes,Yes,93134,12.53277289,76.96921359
TN-2023-03073,04-09-2023,Chennai,Location_65,12:08,Car,SH,Clear,Brake failure,1,2,0,Male,42,Yes,Yes,434106,9.559412985,79.19253908
TN-2023-03074,09-12-2023,Coimbatore,Location_67,11:09,Auto Rickshaw,NH,Cloudy,Poor road,5,2,0,Male,58,Yes,Yes,337352,8.613218666,78.94204536
TN-2023-03075,08-05-2023,Vellore,Location_44,09:49,Two Wheeler,Urban Street,Clear,Drunk drive,4,0,0,Female,43,No,Yes,42420,9.353213514,80.19401477
TN-2023-03076,10-07-2023,Chennai,Location_31,11:53,Two Wheeler,Urban Street,Clear,Over speed,3,3,0,Male,62,No,Yes,251384,11.54916876,78.85368366
TN-2023-03077,08-03-2023,Tirunelveli,Location_43,15:22,Auto Rickshaw,NH,Rain,Over speed,3,0,0,Male,46,Yes,Yes,236403,12.79279405,79.24145984
TN-2023-03078,04-01-2023,Salem,Location_77,05:23,Two Wheeler,SH,Sunny,Weather,3,0,0,Male,35,No,Yes,107964,10.50249631,79.64962444
TN-2023-03079,30-10-2023,Madurai,Location_48,20:55,Lorry,Rural Road,Cloudy,Over speed,4,0,0,Female,53,Yes,Yes,9536,9.064885415,76.47701927
TN-2023-03080,21-10-2023,Tirunelveli,Location_82,09:30,Two Wheeler,Rural Road,Clear,Brake failure,4,3,1,Male,37,No,Yes,211105,11.50686625,79.13350422
TN-2023-03081,23-05-2023,Thoothukudi,Location_81,14:57,Truck,Rural Road,Fog,Over speed,1,0,0,Female,50,No,Yes,381429,9.083136842,77.43361104
TN-2023-03082,10-07-2023,Coimbatore,Location_81,08:29,Car,NH,Rain,Brake failure,4,1,0,Male,37,Yes,Yes,70679,11.13658236,79.70416949
TN-2023-03083,21-01-2023,Vellore,Location_61,01:17,Lorry,SH,Sunny,Brake failure,2,2,1,Female,20,Yes,No,474771,8.562604475,78.1608123
TN-2023-03084,15-08-2023,Thoothukudi,Location_75,11:34,Two Wheeler,NH,Sunny,Weather,5,3,0,Male,60,No,Yes,352893,12.46124287,78.61277135
TN-2023-03085,09-11-2023,Madurai,Location_84,06:40,Car,Rural Road,Rain,Over speed,4,1,0,Male,51,Yes,Yes,496791,12.42841661,77.17151908
TN-2023-03086,27-04-2023,Coimbatore,Location_10,07:24,Auto Rickshaw,Urban Street,Clear,Weather,3,0,0,Male,23,No,Yes,69993,10.97690524,78.92754303
TN-2023-03087,29-10-2023,Tirunelveli,Location_29,05:00,Auto Rickshaw,Urban Street,Rain,Poor road,4,1,1,Male,48,Yes,Yes,51517,8.210004334,76.16042199
TN-2023-03088,22-05-2023,Salem,Location_48,13:15,Two Wheeler,Urban Street,Sunny,Drunk drive,1,3,0,Male,52,No,Yes,43234,9.541019789,79.36858428
TN-2023-03089,08-02-2023,Salem,Location_98,15:03,Two Wheeler,Rural Road,Sunny,Over speed,5,2,2,Male,49,Yes,Yes,466875,8.760566682,76.73483129
TN-2023-03090,21-12-2023,Tiruppur,Location_81,05:46,Two Wheeler,SH,Fog,Poor road,5,3,0,Male,59,No,Yes,12896,10.87900711,77.02408548
TN-2023-03091,09-09-2023,Salem,Location_62,21:07,Two Wheeler,Rural Road,Fog,Reckless driving,3,0,0,Male,26,No,Yes,121729,8.559538662,76.00409618
TN-2023-03092,29-11-2023,Trichy,Location_13,00:12,Bus,NH,Sunny,Poor road,5,0,0,Male,63,No,Yes,466394,12.78349578,77.40928586
TN-2023-03093,26-07-2023,Salem,Location_44,17:17,Two Wheeler,SH,Fog,Weather,2,2,0,Male,44,Yes,Yes,305486,12.67590359,77.74712148
TN-2023-03094,29-07-2023,Trichy,Location_47,12:21,Two Wheeler,Urban Street,Fog,Weather,5,3,1,Male,41,Yes,No,416129,8.858539412,77.05299864
TN-2023-03095,25-04-2023,Erode,Location_64,13:10,Bus,SH,Fog,Drunk drive,3,3,0,Male,39,Yes,Yes,269779,11.82188419,77.03594685
TN-2023-03096,13-08-2023,Trichy,Location_91,06:49,Car,SH,Sunny,Drunk drive,5,3,0,Male,47,Yes,Yes,48373,11.83076809,80.01841445
TN-2023-03097,14-05-2023,Coimbatore,Location_53,20:21,Bus,Rural Road,Clear,Drunk drive,4,1,0,Male,53,No,Yes,194079,10.18214918,77.46903627
TN-2023-03098,08-09-2023,Thoothukudi,Location_90,03:16,Truck,SH,Clear,Drunk drive,1,2,0,Male,43,Yes,Yes,280569,8.841495006,79.25026949
TN-2023-03099,07-08-2023,Coimbatore,Location_92,18:31,Two Wheeler,Rural Road,Cloudy,Weather,4,3,0,Male,19,Yes,Yes,495041,8.726592472,77.06821672
TN-2023-03100,01-04-2023,Thoothukudi,Location_77,13:41,Bus,NH,Fog,Brake failure,2,2,0,Male,59,Yes,Yes,283182,12.06711773,79.64068553
TN-2023-03101,20-12-2023,Tiruppur,Location_76,05:49,Two Wheeler,SH,Clear,Weather,2,1,0,Male,61,Yes,Yes,382284,9.210975776,79.04983896
TN-2023-03102,15-02-2023,Erode,Location_44,03:10,Two Wheeler,SH,Cloudy,Brake failure,1,3,0,Male,24,Yes,Yes,306824,11.31899567,79.40291797
TN-2023-03103,07-02-2023,Thoothukudi,Location_28,12:39,Two Wheeler,SH,Rain,Weather,1,1,1,Male,44,Yes,Yes,60750,12.76234889,77.97791546
TN-2023-03104,22-05-2023,Thoothukudi,Location_2,09:54,Two Wheeler,Urban Street,Fog,Reckless driving,1,0,0,Male,33,Yes,Yes,23927,11.26204691,79.95804054
TN-2023-03105,10-04-2023,Madurai,Location_57,10:34,Two Wheeler,Rural Road,Clear,Weather,1,0,0,Male,63,Yes,Yes,348385,13.35679288,77.68305591
TN-2023-03106,24-11-2023,Chennai,Location_57,14:07,Two Wheeler,Rural Road,Clear,Drunk drive,5,0,0,Male,46,Yes,Yes,9695,11.55026041,78.70402773
TN-2023-03107,09-07-2023,Chennai,Location_34,19:49,Auto Rickshaw,Urban Street,Clear,Brake failure,4,2,1,Male,38,Yes,Yes,353348,9.730317124,78.88032451
TN-2023-03108,04-02-2023,Madurai,Location_87,20:00,Bus,Rural Road,Cloudy,Poor road,2,3,0,Male,43,No,Yes,180663,12.68857032,80.28513124
TN-2023-03109,27-05-2023,Salem,Location_58,07:34,Truck,NH,Rain,Reckless driving,5,3,0,Male,35,Yes,Yes,338373,9.710018042,76.6053521
TN-2023-03110,30-01-2023,Madurai,Location_52,00:19,Car,Urban Street,Fog,Poor road,1,1,0,Male,18,Yes,Yes,430680,13.34363709,76.61022316
TN-2023-03111,30-11-2023,Thoothukudi,Location_29,15:08,Two Wheeler,Rural Road,Clear,Reckless driving,3,1,0,Female,19,Yes,Yes,99083,10.6275257,78.07923138
TN-2023-03112,25-03-2023,Thoothukudi,Location_35,16:58,Two Wheeler,NH,Sunny,Poor road,3,0,0,Male,31,No,Yes,432215,13.24285888,80.13044029
TN-2023-03113,08-10-2023,Madurai,Location_75,15:22,Two Wheeler,Rural Road,Fog,Drunk drive,4,2,0,Male,55,Yes,Yes,468331,9.009790304,76.09758299
TN-2023-03114,10-12-2023,Madurai,Location_48,05:29,Two Wheeler,Urban Street,Sunny,Poor road,2,2,0,Male,32,No,Yes,229324,8.062691779,77.24324023
TN-2023-03115,27-09-2023,Salem,Location_33,22:06,Bus,Rural Road,Cloudy,Weather,2,1,0,Male,53,Yes,Yes,143308,9.078722128,77.27613846
TN-2023-03116,03-06-2023,Coimbatore,Location_75,15:39,Car,NH,Clear,Drunk drive,4,1,0,Male,41,Yes,Yes,184251,8.541026024,77.37228671
TN-2023-03117,12-04-2023,Erode,Location_73,09:45,Two Wheeler,NH,Fog,Poor road,1,3,0,Male,42,Yes,Yes,396786,12.03675812,76.11117236
TN-2023-03118,03-08-2023,Tirunelveli,Location_78,10:33,Two Wheeler,NH,Fog,Drunk drive,1,3,0,Male,26,No,Yes,245173,9.455001103,79.7152285
TN-2023-03119,30-05-2023,Thoothukudi,Location_9,11:51,Two Wheeler,Rural Road,Clear,Weather,2,1,0,Male,32,Yes,Yes,35864,11.51710804,76.04009254
TN-2023-03120,24-03-2023,Erode,Location_48,19:44,Two Wheeler,Urban Street,Rain,Drunk drive,2,3,2,Male,54,Yes,Yes,64880,11.67761372,78.14966779
TN-2023-03121,20-04-2023,Madurai,Location_67,14:26,Two Wheeler,Rural Road,Cloudy,Poor road,2,1,0,Female,23,Yes,Yes,77276,11.78534937,76.2536156
TN-2023-03122,02-10-2023,Salem,Location_93,11:12,Lorry,SH,Clear,Drunk drive,1,2,0,Female,60,Yes,Yes,10808,12.57934467,79.59389813
TN-2023-03123,20-07-2023,Trichy,Location_83,07:15,Two Wheeler,Urban Street,Fog,Reckless driving,3,0,0,Male,62,No,Yes,434490,8.819312199,79.35963627
TN-2023-03124,11-10-2023,Salem,Location_36,02:28,Bus,SH,Rain,Over speed,4,1,0,Male,29,No,Yes,450984,8.277552173,79.24688888
TN-2023-03125,22-06-2023,Vellore,Location_96,12:11,Two Wheeler,Rural Road,Fog,Poor road,4,1,0,Male,44,Yes,Yes,199412,8.163378221,79.31319225
TN-2023-03126,23-11-2023,Vellore,Location_71,18:01,Two Wheeler,Urban Street,Sunny,Weather,5,3,0,Male,24,Yes,Yes,193374,8.570845021,80.231078
TN-2023-03127,25-07-2023,Erode,Location_92,00:07,Lorry,SH,Fog,Brake failure,5,1,0,Male,45,Yes,No,285377,10.08552045,77.87564911
TN-2023-03128,04-03-2023,Chennai,Location_44,08:56,Car,Rural Road,Cloudy,Drunk drive,3,2,0,Male,29,No,Yes,410865,13.32056766,79.87708662
TN-2023-03129,14-03-2023,Vellore,Location_82,07:52,Two Wheeler,Urban Street,Clear,Reckless driving,2,0,0,Female,59,Yes,Yes,388836,9.942738038,76.82904514
TN-2023-03130,08-09-2023,Vellore,Location_60,16:40,Auto Rickshaw,NH,Fog,Drunk drive,3,3,0,Male,52,Yes,Yes,498289,10.49107611,78.03069026
TN-2023-03131,04-05-2023,Coimbatore,Location_63,05:27,Two Wheeler,NH,Sunny,Poor road,5,2,0,Male,19,Yes,Yes,224814,12.47918196,76.04009092
TN-2023-03132,01-05-2023,Trichy,Location_5,14:22,Two Wheeler,NH,Sunny,Reckless driving,5,0,0,Male,43,Yes,Yes,27245,13.05228911,77.27863132
TN-2023-03133,02-10-2023,Coimbatore,Location_87,12:20,Lorry,SH,Clear,Poor road,4,3,0,Male,37,Yes,Yes,390272,13.34292827,78.06171764
TN-2023-03134,30-04-2023,Trichy,Location_86,21:11,Bus,SH,Sunny,Over speed,3,2,0,Male,42,No,Yes,132686,12.54548174,80.09180427
TN-2023-03135,13-11-2023,Tiruppur,Location_90,12:38,Two Wheeler,Rural Road,Clear,Weather,1,1,0,Male,38,No,No,198572,10.76383832,77.42628204
TN-2023-03136,13-06-2023,Tirunelveli,Location_76,22:49,Two Wheeler,NH,Cloudy,Reckless driving,5,3,0,Male,18,No,No,173902,9.262120463,79.02583849
TN-2023-03137,13-10-2023,Thoothukudi,Location_40,13:42,Auto Rickshaw,SH,Clear,Reckless driving,4,1,0,Female,45,Yes,Yes,134038,11.29101826,79.75285062
TN-2023-03138,22-09-2023,Vellore,Location_19,13:16,Two Wheeler,NH,Rain,Drunk drive,2,3,0,Male,55,Yes,Yes,60740,9.082372757,77.46938379
TN-2023-03139,16-11-2023,Thoothukudi,Location_47,20:57,Two Wheeler,Rural Road,Sunny,Drunk drive,3,0,0,Male,30,Yes,Yes,368612,8.306486027,76.76152691
TN-2023-03140,10-06-2023,Vellore,Location_65,01:50,Car,Urban Street,Sunny,Brake failure,5,3,0,Female,47,Yes,Yes,171665,13.05644664,78.66037365
TN-2023-03141,04-11-2023,Coimbatore,Location_67,15:21,Auto Rickshaw,SH,Fog,Reckless driving,1,3,0,Male,27,Yes,Yes,450203,10.66634668,77.27972732
TN-2023-03142,30-03-2023,Tirunelveli,Location_91,09:53,Two Wheeler,SH,Rain,Drunk drive,5,2,0,Male,62,Yes,Yes,54388,10.79532123,78.93603449
TN-2023-03143,22-05-2023,Coimbatore,Location_18,07:20,Lorry,Urban Street,Fog,Drunk drive,1,3,0,Male,39,Yes,Yes,471568,11.35070464,76.6061547
TN-2023-03144,22-07-2023,Coimbatore,Location_50,04:06,Car,SH,Clear,Over speed,3,0,0,Male,46,Yes,Yes,486989,10.48274707,76.6821768
TN-2023-03145,05-11-2023,Trichy,Location_30,12:15,Two Wheeler,Rural Road,Cloudy,Brake failure,1,2,0,Male,22,Yes,Yes,109211,10.44436756,79.04165381
TN-2023-03146,15-08-2023,Chennai,Location_66,04:31,Bus,SH,Sunny,Drunk drive,1,1,1,Male,25,No,Yes,10695,13.03329925,80.38101748
TN-2023-03147,30-11-2023,Salem,Location_5,15:46,Truck,SH,Cloudy,Drunk drive,4,3,0,Male,28,Yes,No,430812,12.49100371,77.11103341
TN-2023-03148,10-08-2023,Erode,Location_93,08:21,Two Wheeler,Urban Street,Clear,Weather,3,0,2,Male,43,Yes,Yes,377358,9.169257091,79.21260775
TN-2023-03149,10-02-2023,Thoothukudi,Location_97,22:43,Two Wheeler,Rural Road,Clear,Reckless driving,5,0,0,Female,36,Yes,Yes,377325,9.604776961,78.39418275
TN-2023-03150,15-07-2023,Tiruppur,Location_42,07:44,Auto Rickshaw,NH,Rain,Drunk drive,2,3,1,Female,36,Yes,Yes,466887,11.63342452,79.7972869
TN-2023-03151,09-03-2023,Vellore,Location_84,04:13,Bus,NH,Fog,Over speed,3,3,1,Male,47,No,Yes,109751,11.14100555,77.74998697
TN-2023-03152,21-09-2023,Coimbatore,Location_94,15:42,Two Wheeler,Urban Street,Sunny,Drunk drive,3,1,0,Male,53,Yes,Yes,244841,12.21387645,80.37271298
TN-2023-03153,02-01-2023,Chennai,Location_5,19:43,Car,Rural Road,Sunny,Reckless driving,2,1,0,Male,59,Yes,Yes,318646,12.00197942,76.37078591
TN-2023-03154,27-12-2023,Coimbatore,Location_50,14:55,Bus,Urban Street,Cloudy,Drunk drive,5,1,0,Male,26,Yes,Yes,152647,11.89700967,80.43091527
TN-2023-03155,05-05-2023,Tirunelveli,Location_85,11:25,Lorry,Urban Street,Rain,Poor road,4,1,0,Male,24,Yes,Yes,299210,12.84119851,79.8080679
TN-2023-03156,20-04-2023,Trichy,Location_58,08:00,Auto Rickshaw,NH,Clear,Drunk drive,5,1,0,Male,35,Yes,Yes,6296,12.21604202,79.89906157
TN-2023-03157,27-03-2023,Tiruppur,Location_79,02:43,Two Wheeler,Rural Road,Rain,Brake failure,2,1,0,Male,26,Yes,Yes,193850,9.335660637,79.79081547
TN-2023-03158,30-04-2023,Salem,Location_84,19:44,Two Wheeler,Rural Road,Sunny,Reckless driving,5,2,0,Male,23,Yes,Yes,264498,12.80060459,79.87838655
TN-2023-03159,07-05-2023,Tirunelveli,Location_8,22:05,Car,Urban Street,Fog,Reckless driving,3,2,0,Male,23,No,Yes,142921,9.845427128,79.66818668
TN-2023-03160,12-09-2023,Madurai,Location_31,09:09,Two Wheeler,NH,Cloudy,Poor road,4,0,0,Male,62,Yes,Yes,404209,13.00991966,80.04782711
TN-2023-03161,02-07-2023,Tiruppur,Location_12,15:58,Car,Rural Road,Clear,Brake failure,1,2,0,Male,39,Yes,Yes,98309,12.53348481,78.07360334
TN-2023-03162,16-01-2023,Coimbatore,Location_21,00:15,Two Wheeler,Urban Street,Clear,Brake failure,5,3,0,Male,34,Yes,Yes,89171,8.407469643,80.22680926
TN-2023-03163,03-03-2023,Tirunelveli,Location_94,03:05,Two Wheeler,SH,Clear,Reckless driving,1,3,0,Male,32,Yes,Yes,148077,12.24204338,77.73233284
TN-2023-03164,07-06-2023,Salem,Location_62,18:30,Car,NH,Fog,Over speed,4,3,1,Female,26,No,Yes,297323,10.75062763,79.27832481
TN-2023-03165,25-09-2023,Chennai,Location_91,01:17,Bus,Rural Road,Sunny,Drunk drive,1,0,0,Male,23,Yes,Yes,114387,13.37412017,79.19658659
TN-2023-03166,04-02-2023,Chennai,Location_90,09:27,Lorry,Rural Road,Sunny,Brake failure,5,2,0,Male,40,Yes,Yes,384418,10.52130415,79.69403426
TN-2023-03167,24-09-2023,Thoothukudi,Location_33,03:00,Car,Rural Road,Rain,Drunk drive,2,3,0,Male,34,Yes,Yes,434145,8.368542612,79.32272186
TN-2023-03168,05-03-2023,Salem,Location_26,14:41,Two Wheeler,NH,Rain,Drunk drive,3,2,0,Male,49,Yes,Yes,138159,9.612251097,76.15920778
TN-2023-03169,19-02-2023,Chennai,Location_90,17:15,Two Wheeler,Urban Street,Sunny,Over speed,3,3,0,Male,49,Yes,Yes,385484,10.36615183,79.32618775
TN-2023-03170,12-09-2023,Tirunelveli,Location_40,12:57,Lorry,SH,Clear,Over speed,1,1,0,Female,54,No,Yes,111655,11.25554723,76.10483545
TN-2023-03171,29-05-2023,Thoothukudi,Location_65,14:01,Two Wheeler,Rural Road,Fog,Brake failure,3,2,0,Male,20,Yes,Yes,358379,8.836581812,78.3995364
TN-2023-03172,21-11-2023,Chennai,Location_59,19:35,Bus,NH,Sunny,Brake failure,3,2,0,Male,33,Yes,Yes,313731,10.83295445,79.77527188
TN-2023-03173,31-10-2023,Tiruppur,Location_15,00:38,Car,Rural Road,Fog,Reckless driving,2,3,0,Male,19,Yes,Yes,164020,10.65910041,79.73308822
TN-2023-03174,03-10-2023,Trichy,Location_1,22:25,Two Wheeler,Urban Street,Cloudy,Poor road,1,2,0,Male,20,Yes,Yes,347885,12.60164407,79.78590846
TN-2023-03175,23-12-2023,Madurai,Location_11,10:57,Lorry,SH,Clear,Drunk drive,2,1,0,Female,58,Yes,Yes,30843,9.663216009,78.71084782
TN-2023-03176,21-06-2023,Salem,Location_55,09:00,Two Wheeler,Rural Road,Cloudy,Reckless driving,2,3,0,Male,31,Yes,Yes,226519,10.47234594,76.82715421
TN-2023-03177,20-07-2023,Tirunelveli,Location_2,10:23,Car,NH,Sunny,Drunk drive,4,1,1,Female,31,No,No,143745,10.13736965,78.28590153
TN-2023-03178,20-11-2023,Vellore,Location_65,09:13,Two Wheeler,Urban Street,Rain,Over speed,1,3,0,Male,47,Yes,Yes,448771,11.47727254,78.3229535
TN-2023-03179,04-02-2023,Coimbatore,Location_95,13:06,Two Wheeler,SH,Sunny,Over speed,2,2,0,Male,57,No,Yes,198060,12.59903942,77.46145488
TN-2023-03180,04-08-2023,Tirunelveli,Location_44,22:42,Car,NH,Cloudy,Reckless driving,5,3,1,Male,44,Yes,Yes,52246,11.71593273,77.90844674
TN-2023-03181,06-03-2023,Chennai,Location_16,21:35,Car,Rural Road,Fog,Brake failure,3,0,1,Male,34,Yes,Yes,168146,10.55776948,79.92479501
TN-2023-03182,08-01-2023,Tirunelveli,Location_22,01:38,Bus,NH,Sunny,Poor road,1,3,0,Male,56,Yes,Yes,333179,11.50806332,78.33067526
TN-2023-03183,28-10-2023,Vellore,Location_18,18:45,Bus,SH,Rain,Poor road,4,2,1,Male,26,Yes,Yes,191632,9.772341793,79.17134719
TN-2023-03184,09-12-2023,Coimbatore,Location_47,18:06,Bus,Urban Street,Cloudy,Over speed,2,1,2,Male,53,No,Yes,298969,8.79254913,78.23115165
TN-2023-03185,28-11-2023,Thoothukudi,Location_81,11:02,Two Wheeler,Urban Street,Sunny,Over speed,5,1,0,Male,27,Yes,Yes,409192,9.758448584,78.77862084
TN-2023-03186,17-03-2023,Chennai,Location_30,14:04,Car,Rural Road,Cloudy,Poor road,3,0,0,Male,46,No,Yes,432830,10.44029261,76.41664149
TN-2023-03187,23-06-2023,Erode,Location_10,07:13,Car,Rural Road,Cloudy,Poor road,3,3,0,Male,21,Yes,Yes,53264,10.41595713,80.19124693
TN-2023-03188,16-02-2023,Chennai,Location_99,03:06,Two Wheeler,Rural Road,Clear,Brake failure,5,3,2,Female,38,Yes,Yes,450247,12.05680683,77.9616988
TN-2023-03189,15-01-2023,Madurai,Location_58,06:49,Car,Rural Road,Fog,Poor road,1,1,0,Male,54,Yes,Yes,18352,13.14989949,79.36736201
TN-2023-03190,27-12-2023,Erode,Location_62,13:31,Truck,SH,Clear,Drunk drive,3,1,0,Female,19,Yes,Yes,221846,10.13927671,79.00195507
TN-2023-03191,27-05-2023,Madurai,Location_85,07:57,Two Wheeler,Rural Road,Cloudy,Poor road,3,2,1,Male,32,Yes,Yes,318379,8.475466853,79.59672483
TN-2023-03192,26-01-2023,Vellore,Location_80,11:09,Auto Rickshaw,NH,Rain,Weather,3,0,2,Male,45,Yes,Yes,79659,8.183772517,76.15692808
TN-2023-03193,04-11-2023,Salem,Location_6,13:08,Two Wheeler,SH,Rain,Poor road,2,1,0,Male,42,Yes,Yes,171464,8.021740238,80.20908339
TN-2023-03194,03-04-2023,Coimbatore,Location_67,05:29,Two Wheeler,SH,Clear,Over speed,2,3,0,Male,43,No,No,314147,13.15955083,79.7338608
TN-2023-03195,20-08-2023,Trichy,Location_41,04:00,Two Wheeler,Rural Road,Rain,Over speed,3,1,0,Male,26,No,Yes,127912,13.47598343,79.75192702
TN-2023-03196,21-01-2023,Thoothukudi,Location_43,00:56,Car,SH,Cloudy,Weather,4,2,2,Male,47,No,Yes,176584,8.282612427,78.10201049
TN-2023-03197,03-11-2023,Trichy,Location_85,19:48,Two Wheeler,NH,Sunny,Drunk drive,3,3,1,Male,26,Yes,No,250173,9.970147872,79.58345759
TN-2023-03198,07-02-2023,Tiruppur,Location_77,10:25,Auto Rickshaw,SH,Cloudy,Poor road,1,2,0,Male,18,Yes,Yes,112642,11.68139826,78.58831916
TN-2023-03199,03-10-2023,Tiruppur,Location_18,11:02,Lorry,SH,Sunny,Poor road,4,2,1,Male,29,Yes,Yes,286477,8.984199695,78.26565116
TN-2023-03200,06-06-2023,Vellore,Location_58,05:42,Bus,NH,Rain,Weather,1,2,0,Male,62,Yes,Yes,377094,11.26940454,79.53214888
TN-2023-03201,28-06-2023,Salem,Location_60,12:10,Car,NH,Fog,Brake failure,5,0,0,Male,30,Yes,Yes,295122,12.47489548,78.82510015
TN-2023-03202,12-05-2023,Tiruppur,Location_88,07:28,Truck,SH,Fog,Brake failure,5,3,0,Female,31,Yes,Yes,200759,12.71947536,76.34722188
TN-2023-03203,07-11-2023,Chennai,Location_27,09:33,Auto Rickshaw,Urban Street,Cloudy,Drunk drive,2,3,0,Male,27,Yes,Yes,337634,11.88531372,77.4152933
TN-2023-03204,14-12-2023,Tirunelveli,Location_68,13:47,Car,SH,Cloudy,Poor road,2,2,0,Female,34,Yes,Yes,253260,8.449702975,78.79941717
TN-2023-03205,28-01-2023,Madurai,Location_22,16:31,Bus,NH,Rain,Poor road,2,0,0,Female,34,Yes,Yes,273361,9.916176815,80.06710412
TN-2023-03206,17-09-2023,Tiruppur,Location_24,10:33,Car,NH,Fog,Poor road,5,1,1,Male,48,Yes,Yes,444451,13.32038527,80.19850376
TN-2023-03207,17-03-2023,Vellore,Location_40,22:04,Car,NH,Fog,Over speed,1,3,0,Male,63,Yes,No,377239,9.060152848,79.7751023
TN-2023-03208,08-03-2023,Madurai,Location_74,15:47,Two Wheeler,Urban Street,Cloudy,Reckless driving,4,1,2,Female,43,Yes,Yes,257778,10.4965934,77.14440643
TN-2023-03209,08-12-2023,Chennai,Location_66,01:15,Car,NH,Fog,Brake failure,2,3,0,Male,52,Yes,Yes,235425,9.837973141,78.13021844
TN-2023-03210,13-07-2023,Salem,Location_40,04:07,Two Wheeler,Rural Road,Cloudy,Reckless driving,5,2,0,Male,53,No,Yes,87609,9.130460566,77.95025678
TN-2023-03211,11-06-2023,Coimbatore,Location_6,19:45,Two Wheeler,Rural Road,Clear,Weather,2,3,0,Female,28,Yes,No,335805,9.779448482,77.97408385
TN-2023-03212,13-12-2023,Trichy,Location_18,09:22,Bus,Urban Street,Fog,Reckless driving,3,2,1,Male,33,No,Yes,180963,9.042352706,76.22403062
TN-2023-03213,27-12-2023,Chennai,Location_81,01:02,Truck,NH,Sunny,Over speed,4,3,0,Male,46,No,Yes,451669,12.82489345,76.78137116
TN-2023-03214,14-09-2023,Thoothukudi,Location_87,17:52,Truck,NH,Rain,Over speed,1,2,1,Male,62,No,Yes,360980,8.959438061,76.68967106
TN-2023-03215,13-03-2023,Erode,Location_30,01:31,Car,Rural Road,Cloudy,Brake failure,2,1,0,Male,35,No,No,225352,11.42949293,78.77770853
TN-2023-03216,28-03-2023,Vellore,Location_21,20:28,Car,Rural Road,Fog,Poor road,3,1,0,Male,28,Yes,No,55978,13.18273587,77.85309264
TN-2023-03217,19-09-2023,Trichy,Location_62,08:01,Two Wheeler,SH,Fog,Drunk drive,3,1,1,Male,28,Yes,Yes,192420,13.23955139,77.45974601
TN-2023-03218,02-08-2023,Thoothukudi,Location_10,06:06,Bus,Urban Street,Cloudy,Reckless driving,4,3,0,Male,26,No,Yes,29222,11.30233567,77.99757291
TN-2023-03219,02-06-2023,Coimbatore,Location_13,13:04,Two Wheeler,SH,Sunny,Weather,5,0,0,Male,42,Yes,Yes,95379,9.489927578,77.45896322
TN-2023-03220,29-07-2023,Thoothukudi,Location_76,07:31,Two Wheeler,Urban Street,Fog,Brake failure,5,1,0,Female,49,Yes,Yes,6092,9.363437962,79.40861419
TN-2023-03221,02-03-2023,Salem,Location_9,22:53,Bus,NH,Clear,Drunk drive,2,3,0,Male,51,No,Yes,168823,12.11108874,76.7516887
TN-2023-03222,25-09-2023,Erode,Location_68,17:37,Two Wheeler,NH,Rain,Brake failure,2,2,0,Male,20,No,Yes,15271,13.39389029,76.2526063
TN-2023-03223,19-09-2023,Madurai,Location_39,13:17,Two Wheeler,Urban Street,Cloudy,Brake failure,5,0,0,Male,31,No,Yes,472076,8.426772384,78.9281744
TN-2023-03224,06-08-2023,Trichy,Location_24,16:40,Auto Rickshaw,SH,Fog,Brake failure,1,0,2,Female,57,Yes,Yes,132258,12.3420772,77.03760618
TN-2023-03225,10-10-2023,Erode,Location_34,12:15,Two Wheeler,Rural Road,Rain,Brake failure,1,0,0,Male,42,No,Yes,150574,8.676419588,78.89509424
TN-2023-03226,16-05-2023,Tirunelveli,Location_61,20:09,Two Wheeler,Urban Street,Cloudy,Poor road,3,1,0,Male,33,Yes,Yes,461468,9.640019409,76.26343798
TN-2023-03227,28-12-2023,Chennai,Location_41,09:03,Two Wheeler,Urban Street,Cloudy,Over speed,4,1,0,Male,53,Yes,Yes,340887,11.11643009,77.11193705
TN-2023-03228,03-04-2023,Tirunelveli,Location_5,11:58,Two Wheeler,Urban Street,Cloudy,Reckless driving,1,1,0,Male,26,No,Yes,201380,9.634735835,76.69247736
TN-2023-03229,19-04-2023,Chennai,Location_79,07:46,Two Wheeler,NH,Sunny,Brake failure,2,1,0,Male,21,No,Yes,100481,11.57643646,77.3080299
TN-2023-03230,29-08-2023,Salem,Location_50,20:54,Lorry,Urban Street,Clear,Drunk drive,1,2,0,Male,62,Yes,Yes,297302,10.29457731,77.47984864
TN-2023-03231,21-12-2023,Erode,Location_4,18:46,Two Wheeler,NH,Cloudy,Reckless driving,4,3,0,Male,19,Yes,No,212461,9.205125532,78.22838562
TN-2023-03232,22-05-2023,Coimbatore,Location_51,07:39,Lorry,Rural Road,Sunny,Drunk drive,2,0,0,Male,42,Yes,Yes,380420,10.92011911,78.3406239
TN-2023-03233,18-10-2023,Tiruppur,Location_52,18:08,Two Wheeler,Rural Road,Cloudy,Drunk drive,4,3,0,Male,39,Yes,Yes,256462,8.132053543,78.83544118
TN-2023-03234,25-08-2023,Thoothukudi,Location_39,16:39,Car,SH,Cloudy,Over speed,5,0,1,Male,22,No,Yes,42073,12.07593092,77.49243455
TN-2023-03235,06-12-2023,Tiruppur,Location_8,11:58,Bus,NH,Sunny,Over speed,4,0,0,Male,38,Yes,Yes,463226,10.87258876,78.39409559
TN-2023-03236,08-11-2023,Erode,Location_45,14:03,Bus,Rural Road,Clear,Drunk drive,4,0,0,Male,27,No,Yes,134618,13.20685175,80.45552797
TN-2023-03237,26-06-2023,Tirunelveli,Location_88,05:15,Car,Rural Road,Rain,Poor road,4,0,0,Male,40,Yes,Yes,31832,8.565342081,76.94787674
TN-2023-03238,21-05-2023,Tiruppur,Location_28,04:22,Auto Rickshaw,SH,Fog,Over speed,2,2,0,Male,44,No,Yes,214421,12.02760731,76.68717613
TN-2023-03239,08-07-2023,Vellore,Location_27,12:46,Two Wheeler,SH,Cloudy,Over speed,4,2,0,Male,47,Yes,No,328880,9.655227167,79.79153846
TN-2023-03240,18-02-2023,Tiruppur,Location_65,16:56,Car,SH,Clear,Poor road,4,0,0,Male,21,Yes,Yes,221943,10.05231776,77.8466452
TN-2023-03241,29-10-2023,Chennai,Location_34,21:26,Auto Rickshaw,NH,Fog,Brake failure,3,0,0,Male,23,No,Yes,107985,9.916676973,79.81097659
TN-2023-03242,09-07-2023,Vellore,Location_81,19:21,Two Wheeler,Urban Street,Cloudy,Over speed,2,1,0,Male,43,Yes,Yes,480608,9.969120548,77.91110055
TN-2023-03243,16-05-2023,Trichy,Location_62,04:18,Two Wheeler,NH,Fog,Reckless driving,4,0,1,Male,27,No,No,264752,10.36959224,76.09758188
TN-2023-03244,12-02-2023,Tiruppur,Location_62,06:34,Two Wheeler,SH,Sunny,Drunk drive,1,3,0,Female,22,Yes,No,338995,8.11552668,77.68692867
TN-2023-03245,19-12-2023,Vellore,Location_38,12:13,Car,Urban Street,Clear,Drunk drive,4,2,0,Male,56,Yes,Yes,218832,12.65716546,78.74558807
TN-2023-03246,31-03-2023,Erode,Location_26,15:30,Two Wheeler,Rural Road,Clear,Poor road,1,3,0,Male,54,Yes,Yes,487575,12.84987768,78.01399643
TN-2023-03247,22-10-2023,Thoothukudi,Location_24,12:01,Two Wheeler,NH,Rain,Drunk drive,5,1,0,Female,57,Yes,Yes,366597,8.217560942,78.06704336
TN-2023-03248,07-12-2023,Trichy,Location_39,13:51,Car,SH,Rain,Weather,5,2,0,Male,18,Yes,Yes,314103,12.26801756,80.49242174
TN-2023-03249,02-09-2023,Coimbatore,Location_21,06:36,Car,SH,Fog,Drunk drive,2,1,0,Male,51,Yes,Yes,241055,8.397499353,78.44857225
TN-2023-03250,11-07-2023,Coimbatore,Location_94,13:08,Two Wheeler,Urban Street,Sunny,Poor road,2,1,0,Male,25,No,Yes,294044,12.44297479,79.1362289
TN-2023-03251,14-11-2023,Salem,Location_47,09:06,Two Wheeler,NH,Fog,Poor road,5,3,0,Male,38,No,Yes,287298,11.37143247,79.24437815
TN-2023-03252,16-04-2023,Tiruppur,Location_48,13:24,Car,Rural Road,Cloudy,Poor road,2,0,0,Male,48,No,Yes,214400,9.684940189,76.00077065
TN-2023-03253,29-12-2023,Thoothukudi,Location_13,13:56,Truck,Rural Road,Clear,Reckless driving,1,2,1,Male,64,No,Yes,185086,11.37635429,78.4860744
TN-2023-03254,06-11-2023,Madurai,Location_3,01:16,Bus,Urban Street,Fog,Weather,1,2,1,Male,40,Yes,Yes,218473,10.78655357,80.33375324
TN-2023-03255,21-08-2023,Vellore,Location_32,19:03,Lorry,Urban Street,Fog,Over speed,3,0,0,Male,28,Yes,Yes,313134,11.49665154,79.3787027
TN-2023-03256,22-09-2023,Trichy,Location_35,12:17,Two Wheeler,Rural Road,Clear,Brake failure,2,3,0,Male,33,No,Yes,37627,10.61454478,77.53192339
TN-2023-03257,10-12-2023,Erode,Location_19,02:50,Two Wheeler,Urban Street,Clear,Drunk drive,2,1,0,Male,44,Yes,Yes,479950,12.25081025,77.64057045
TN-2023-03258,06-02-2023,Tiruppur,Location_14,04:32,Car,Urban Street,Rain,Reckless driving,3,3,1,Female,24,Yes,Yes,389646,8.248982456,77.36627739
TN-2023-03259,01-11-2023,Erode,Location_48,08:23,Lorry,NH,Rain,Over speed,4,1,1,Male,41,Yes,Yes,254243,9.893552698,78.83593722
TN-2023-03260,10-02-2023,Madurai,Location_86,07:34,Car,Urban Street,Clear,Poor road,1,2,0,Female,49,Yes,Yes,457018,11.07607711,76.4379197
TN-2023-03261,17-01-2023,Salem,Location_81,01:32,Auto Rickshaw,SH,Fog,Over speed,4,0,0,Male,52,Yes,Yes,335914,11.23533667,77.30500186
TN-2023-03262,10-12-2023,Madurai,Location_68,11:21,Bicycle,SH,Cloudy,Over speed,3,0,1,Male,48,Yes,Yes,335681,8.932497428,78.24196514
TN-2023-03263,04-10-2023,Chennai,Location_45,12:09,Two Wheeler,SH,Fog,Weather,2,2,0,Male,64,Yes,Yes,15505,8.409912825,78.40847682
TN-2023-03264,03-11-2023,Tirunelveli,Location_19,16:42,Two Wheeler,Urban Street,Cloudy,Poor road,4,1,0,Female,46,Yes,Yes,430637,8.115382413,78.73333451
TN-2023-03265,28-02-2023,Trichy,Location_64,04:56,Two Wheeler,Rural Road,Clear,Reckless driving,2,3,0,Male,21,No,Yes,158375,10.27157494,79.58751244
TN-2023-03266,02-07-2023,Tirunelveli,Location_66,08:12,Two Wheeler,SH,Cloudy,Reckless driving,3,1,1,Female,52,Yes,Yes,105669,9.817129472,76.73456392
TN-2023-03267,10-02-2023,Madurai,Location_79,19:22,Two Wheeler,NH,Rain,Poor road,5,0,0,Male,28,Yes,Yes,8169,11.12294396,77.0125685
TN-2023-03268,08-02-2023,Salem,Location_66,10:54,Auto Rickshaw,Urban Street,Clear,Drunk drive,2,3,1,Male,51,No,Yes,20099,10.47233159,79.92540761
TN-2023-03269,11-07-2023,Salem,Location_75,03:20,Two Wheeler,Rural Road,Sunny,Reckless driving,4,3,0,Male,56,Yes,Yes,140767,10.1673743,79.74021517
TN-2023-03270,24-09-2023,Coimbatore,Location_45,10:08,Two Wheeler,Rural Road,Cloudy,Reckless driving,4,1,0,Male,32,Yes,Yes,18431,12.63826326,79.69706826
TN-2023-03271,27-05-2023,Tiruppur,Location_87,06:15,Two Wheeler,Urban Street,Cloudy,Drunk drive,3,1,0,Male,31,Yes,Yes,146171,11.41833882,76.93877101
TN-2023-03272,29-11-2023,Coimbatore,Location_74,22:57,Truck,Urban Street,Sunny,Drunk drive,4,1,0,Male,38,Yes,Yes,214457,11.55355402,76.26215503
TN-2023-03273,07-05-2023,Trichy,Location_67,22:30,Bus,NH,Sunny,Reckless driving,1,3,0,Male,24,Yes,No,92080,10.1000451,78.35536686
TN-2023-03274,15-02-2023,Trichy,Location_69,04:05,Auto Rickshaw,Urban Street,Clear,Reckless driving,2,2,0,Male,34,Yes,Yes,493494,12.27264374,79.91519258
TN-2023-03275,14-02-2023,Trichy,Location_3,18:00,Truck,Urban Street,Fog,Reckless driving,1,3,2,Male,59,Yes,Yes,90997,8.836481641,77.06882597
TN-2023-03276,01-01-2023,Erode,Location_38,15:27,Car,Rural Road,Sunny,Drunk drive,3,0,1,Male,35,No,No,245104,10.21100401,80.06890136
TN-2023-03277,17-06-2023,Coimbatore,Location_77,17:23,Two Wheeler,SH,Cloudy,Reckless driving,1,2,0,Male,31,Yes,Yes,406153,8.259456478,76.63689626
TN-2023-03278,18-04-2023,Erode,Location_42,12:32,Two Wheeler,SH,Sunny,Over speed,1,2,0,Male,55,Yes,Yes,339505,8.634905441,77.3414329
TN-2023-03279,19-01-2023,Tirunelveli,Location_83,09:06,Two Wheeler,Rural Road,Clear,Over speed,2,1,2,Male,46,No,Yes,280971,8.448392209,77.34229707
TN-2023-03280,28-11-2023,Tiruppur,Location_40,04:31,Bus,Urban Street,Clear,Drunk drive,2,3,1,Male,27,No,No,180616,10.42789872,76.67995076
TN-2023-03281,13-03-2023,Madurai,Location_50,12:21,Two Wheeler,NH,Cloudy,Drunk drive,5,0,2,Male,34,Yes,Yes,130845,11.83528396,79.92750178
TN-2023-03282,19-04-2023,Vellore,Location_35,15:23,Two Wheeler,SH,Cloudy,Drunk drive,1,3,0,Male,49,No,Yes,5266,9.719831909,77.85665474
TN-2023-03283,25-09-2023,Coimbatore,Location_24,19:53,Car,Urban Street,Cloudy,Brake failure,2,1,0,Male,37,No,Yes,63479,8.146360839,76.85795853
TN-2023-03284,28-08-2023,Vellore,Location_88,13:10,Car,SH,Fog,Drunk drive,1,3,1,Female,34,Yes,Yes,244626,11.88964616,76.66259912
TN-2023-03285,28-10-2023,Salem,Location_17,18:22,Bus,Rural Road,Cloudy,Brake failure,1,0,0,Female,63,No,Yes,346868,9.140881869,77.89411346
TN-2023-03286,31-03-2023,Coimbatore,Location_40,01:39,Two Wheeler,SH,Clear,Drunk drive,3,1,0,Female,24,Yes,Yes,232341,11.97471078,76.07779776
TN-2023-03287,13-04-2023,Tirunelveli,Location_74,12:38,Lorry,Rural Road,Clear,Poor road,3,3,1,Male,56,Yes,Yes,297442,8.040450437,76.54475242
TN-2023-03288,07-09-2023,Coimbatore,Location_66,11:27,Car,Rural Road,Sunny,Weather,1,0,0,Male,61,No,No,296296,9.717881556,76.01664138
TN-2023-03289,08-01-2023,Erode,Location_44,07:15,Two Wheeler,Rural Road,Cloudy,Reckless driving,3,0,0,Male,47,No,Yes,206435,11.41676911,76.1097346
TN-2023-03290,02-06-2023,Tiruppur,Location_23,17:50,Lorry,NH,Fog,Reckless driving,2,1,0,Male,55,Yes,No,275678,12.79132924,80.48818177
TN-2023-03291,13-12-2023,Madurai,Location_6,03:27,Truck,Urban Street,Rain,Over speed,1,1,0,Male,57,No,Yes,269952,12.14770643,78.02000147
TN-2023-03292,23-06-2023,Thoothukudi,Location_66,11:15,Two Wheeler,Rural Road,Sunny,Poor road,3,2,0,Male,58,No,Yes,198608,10.47290846,79.2801615
TN-2023-03293,09-12-2023,Madurai,Location_21,20:53,Two Wheeler,Rural Road,Fog,Weather,2,2,0,Male,27,Yes,Yes,215746,11.95183142,79.31686337
TN-2023-03294,07-06-2023,Madurai,Location_35,16:35,Car,SH,Cloudy,Reckless driving,1,0,0,Female,49,No,Yes,8729,10.95647774,79.96183364
TN-2023-03295,03-08-2023,Salem,Location_29,19:25,Two Wheeler,Urban Street,Fog,Reckless driving,1,1,1,Female,43,No,Yes,65476,12.47367556,76.46685603
TN-2023-03296,26-06-2023,Tirunelveli,Location_7,21:55,Auto Rickshaw,NH,Rain,Brake failure,3,1,0,Male,34,Yes,Yes,218994,12.24636052,78.36552626
TN-2023-03297,24-06-2023,Vellore,Location_93,08:04,Two Wheeler,NH,Fog,Over speed,2,3,0,Male,18,Yes,Yes,464031,13.36718693,77.44773712
TN-2023-03298,06-12-2023,Tirunelveli,Location_53,16:48,Lorry,SH,Rain,Brake failure,1,3,0,Male,56,Yes,Yes,313250,8.577159372,78.46817051
TN-2023-03299,04-12-2023,Thoothukudi,Location_37,01:01,Bus,NH,Rain,Brake failure,1,3,0,Male,43,Yes,No,99498,9.873876987,77.49453787
TN-2023-03300,26-05-2023,Salem,Location_23,20:54,Car,SH,Rain,Over speed,5,3,0,Male,47,Yes,Yes,337788,9.05807243,76.82646076
TN-2023-03301,20-11-2023,Tiruppur,Location_97,06:35,Two Wheeler,Urban Street,Fog,Weather,1,2,0,Female,26,Yes,Yes,259915,11.46922446,79.02772252
TN-2023-03302,10-06-2023,Madurai,Location_8,12:19,Two Wheeler,SH,Cloudy,Over speed,5,3,0,Male,61,Yes,Yes,7069,11.65215234,76.17293023
TN-2023-03303,07-05-2023,Erode,Location_76,10:30,Two Wheeler,SH,Clear,Drunk drive,5,1,1,Male,50,No,Yes,499090,9.120958762,80.02923487
TN-2023-03304,23-03-2023,Salem,Location_48,02:58,Two Wheeler,Rural Road,Clear,Brake failure,2,0,0,Female,43,No,No,403971,10.3185393,76.65819454
TN-2023-03305,27-05-2023,Trichy,Location_10,01:47,Two Wheeler,NH,Fog,Drunk drive,4,0,0,Male,59,Yes,Yes,95747,11.31182622,78.76814903
TN-2023-03306,27-08-2023,Coimbatore,Location_79,02:55,Auto Rickshaw,Urban Street,Cloudy,Over speed,5,0,1,Male,27,No,Yes,58702,11.62424261,79.39392142
TN-2023-03307,25-03-2023,Tirunelveli,Location_24,14:16,Two Wheeler,Urban Street,Clear,Over speed,2,2,0,Male,59,Yes,No,493296,8.564558414,76.32817364
TN-2023-03308,23-04-2023,Salem,Location_90,15:51,Lorry,Rural Road,Rain,Reckless driving,3,0,0,Female,49,No,No,340033,13.06590055,80.06482556
TN-2023-03309,13-08-2023,Trichy,Location_47,06:47,Two Wheeler,SH,Fog,Weather,5,2,0,Male,56,Yes,Yes,421228,8.187457133,77.60279734
TN-2023-03310,28-11-2023,Vellore,Location_53,04:33,Lorry,Urban Street,Fog,Brake failure,4,2,0,Male,64,Yes,Yes,277459,13.35118322,80.48526892
TN-2023-03311,31-08-2023,Thoothukudi,Location_39,00:53,Truck,Urban Street,Sunny,Poor road,3,0,0,Female,59,Yes,Yes,455028,9.739792011,76.30951864
TN-2023-03312,23-05-2023,Thoothukudi,Location_67,12:15,Two Wheeler,SH,Sunny,Over speed,5,2,0,Male,50,Yes,Yes,400457,9.73990065,79.22548028
TN-2023-03313,10-02-2023,Madurai,Location_66,04:02,Auto Rickshaw,SH,Sunny,Reckless driving,5,3,0,Male,44,Yes,Yes,76022,10.45314298,76.723215
TN-2023-03314,15-09-2023,Madurai,Location_6,14:47,Car,Urban Street,Cloudy,Poor road,4,3,0,Female,60,No,Yes,479257,11.82227098,77.81211675
TN-2023-03315,12-10-2023,Salem,Location_21,10:56,Lorry,SH,Fog,Brake failure,1,3,0,Male,46,Yes,Yes,213698,8.87780981,77.99445611
TN-2023-03316,15-04-2023,Salem,Location_73,18:49,Bus,NH,Sunny,Drunk drive,4,2,0,Male,36,No,Yes,68254,9.40241629,77.82769681
TN-2023-03317,21-07-2023,Tiruppur,Location_74,20:40,Two Wheeler,Urban Street,Fog,Brake failure,2,3,1,Male,35,Yes,Yes,199913,13.28864977,77.51907883
TN-2023-03318,03-11-2023,Coimbatore,Location_36,07:21,Two Wheeler,SH,Rain,Weather,2,0,0,Male,52,Yes,Yes,266891,12.82263179,79.45244284
TN-2023-03319,27-11-2023,Chennai,Location_3,18:53,Two Wheeler,Urban Street,Sunny,Poor road,4,0,0,Male,64,Yes,Yes,258876,9.168154266,79.68950288
TN-2023-03320,23-09-2023,Vellore,Location_88,04:16,Car,Urban Street,Fog,Reckless driving,4,2,0,Male,45,Yes,Yes,457082,11.15156289,77.51026383
TN-2023-03321,29-07-2023,Madurai,Location_86,04:13,Bicycle,Rural Road,Cloudy,Poor road,4,2,0,Male,55,No,Yes,278139,9.119809628,78.1719021
TN-2023-03322,20-02-2023,Chennai,Location_78,06:40,Bus,NH,Cloudy,Drunk drive,4,3,0,Female,27,No,Yes,98929,11.02533692,77.89791099
TN-2023-03323,28-04-2023,Chennai,Location_42,16:34,Two Wheeler,NH,Cloudy,Reckless driving,4,1,0,Male,20,No,Yes,371956,10.01175312,78.67082589
TN-2023-03324,20-07-2023,Coimbatore,Location_45,07:21,Lorry,Rural Road,Sunny,Drunk drive,5,0,0,Female,59,Yes,No,411226,9.993336069,76.67619711
TN-2023-03325,08-02-2023,Erode,Location_44,12:47,Lorry,Rural Road,Cloudy,Over speed,3,1,0,Female,46,Yes,Yes,49327,11.49288418,79.62558224
TN-2023-03326,28-01-2023,Erode,Location_91,20:28,Two Wheeler,Urban Street,Clear,Brake failure,2,3,0,Male,33,Yes,Yes,422641,9.385124665,79.58655723
TN-2023-03327,16-09-2023,Madurai,Location_33,09:17,Two Wheeler,NH,Rain,Weather,2,2,0,Male,53,No,Yes,193583,10.22342783,78.65685921
TN-2023-03328,25-03-2023,Trichy,Location_60,02:43,Two Wheeler,Rural Road,Fog,Over speed,3,3,0,Male,18,Yes,Yes,252986,13.08892367,79.35764903
TN-2023-03329,04-06-2023,Coimbatore,Location_86,15:49,Auto Rickshaw,SH,Clear,Brake failure,4,1,0,Male,35,Yes,Yes,213104,12.1545064,80.44827326
TN-2023-03330,27-04-2023,Coimbatore,Location_93,16:06,Auto Rickshaw,Urban Street,Sunny,Drunk drive,3,3,0,Male,21,No,Yes,56592,10.10805894,80.15128604
TN-2023-03331,02-01-2023,Tirunelveli,Location_83,18:54,Two Wheeler,NH,Fog,Weather,4,2,0,Male,22,Yes,Yes,492062,9.266440261,78.75152027
TN-2023-03332,03-04-2023,Chennai,Location_83,22:07,Two Wheeler,Urban Street,Fog,Drunk drive,2,1,0,Male,38,No,Yes,300564,11.62456397,78.30130641
TN-2023-03333,15-06-2023,Tirunelveli,Location_70,16:20,Lorry,Urban Street,Cloudy,Reckless driving,1,3,0,Male,21,Yes,Yes,35976,12.44229327,78.40537178
TN-2023-03334,16-12-2023,Chennai,Location_83,06:32,Truck,SH,Fog,Drunk drive,2,2,0,Male,37,Yes,Yes,93395,12.73420575,78.09976527
TN-2023-03335,23-10-2023,Erode,Location_77,07:18,Lorry,SH,Fog,Poor road,2,3,0,Male,36,Yes,Yes,289809,11.10354704,78.1610169
TN-2023-03336,15-09-2023,Madurai,Location_26,19:19,Car,Rural Road,Rain,Brake failure,1,3,0,Male,52,No,No,489762,10.84239921,79.29416655
TN-2023-03337,22-03-2023,Vellore,Location_86,09:11,Two Wheeler,SH,Sunny,Over speed,3,2,0,Male,62,Yes,Yes,94490,11.95803321,80.46454734
TN-2023-03338,25-09-2023,Erode,Location_21,00:55,Car,NH,Clear,Poor road,5,2,0,Male,41,Yes,Yes,486127,8.966717585,76.20391434
TN-2023-03339,23-08-2023,Coimbatore,Location_2,20:03,Two Wheeler,Rural Road,Cloudy,Reckless driving,4,3,0,Male,37,Yes,Yes,481383,12.68676414,77.03584655
TN-2023-03340,17-11-2023,Vellore,Location_47,03:08,Lorry,NH,Rain,Brake failure,4,0,0,Male,45,No,Yes,298909,8.406579275,76.94593437
TN-2023-03341,07-11-2023,Salem,Location_30,14:55,Two Wheeler,NH,Clear,Reckless driving,2,3,0,Male,55,No,Yes,448992,11.31659295,79.74785281
TN-2023-03342,28-10-2023,Vellore,Location_27,14:25,Auto Rickshaw,Rural Road,Clear,Brake failure,1,2,0,Male,41,Yes,Yes,238226,11.24331433,77.88875733
TN-2023-03343,23-12-2023,Vellore,Location_71,06:31,Two Wheeler,SH,Rain,Brake failure,2,0,2,Male,37,Yes,Yes,184786,9.708862734,78.3630952
TN-2023-03344,01-08-2023,Erode,Location_20,11:34,Lorry,Urban Street,Cloudy,Weather,2,2,0,Male,41,Yes,Yes,86497,8.195045716,78.11118551
TN-2023-03345,03-03-2023,Coimbatore,Location_50,19:31,Two Wheeler,SH,Sunny,Poor road,3,3,0,Male,23,No,No,131847,11.9482018,79.84156579
TN-2023-03346,18-02-2023,Vellore,Location_95,08:13,Two Wheeler,NH,Rain,Over speed,4,1,0,Male,55,No,Yes,220708,8.132957677,78.2487391
TN-2023-03347,07-05-2023,Erode,Location_23,12:55,Car,NH,Rain,Poor road,5,2,0,Male,42,Yes,Yes,348197,8.987864243,79.00530696
TN-2023-03348,11-08-2023,Erode,Location_13,11:32,Two Wheeler,Rural Road,Rain,Reckless driving,1,2,0,Male,49,No,No,299282,10.99330255,76.08767583
TN-2023-03349,06-10-2023,Vellore,Location_81,18:29,Truck,NH,Cloudy,Drunk drive,5,1,0,Male,34,No,Yes,300736,13.16990668,78.936045
TN-2023-03350,21-10-2023,Chennai,Location_4,15:11,Car,Rural Road,Rain,Reckless driving,1,2,0,Male,34,Yes,Yes,110477,8.362634298,77.08428272
TN-2023-03351,11-10-2023,Coimbatore,Location_14,09:01,Car,Rural Road,Rain,Brake failure,4,2,0,Male,22,Yes,Yes,360916,11.18332815,79.90090873
TN-2023-03352,04-10-2023,Thoothukudi,Location_20,17:12,Auto Rickshaw,SH,Fog,Drunk drive,3,2,0,Male,34,No,Yes,119778,9.808911692,79.38199385
TN-2023-03353,17-04-2023,Vellore,Location_13,05:11,Auto Rickshaw,NH,Fog,Poor road,5,1,1,Male,26,No,Yes,16754,11.68179884,76.49179105
TN-2023-03354,26-05-2023,Tirunelveli,Location_3,21:35,Car,SH,Fog,Over speed,1,3,0,Male,37,Yes,Yes,339114,13.24099849,76.46562222
TN-2023-03355,09-04-2023,Tirunelveli,Location_90,00:42,Auto Rickshaw,Urban Street,Fog,Drunk drive,2,2,2,Male,19,Yes,Yes,78343,9.477246736,77.31849229
TN-2023-03356,14-03-2023,Salem,Location_90,22:39,Two Wheeler,SH,Rain,Drunk drive,4,0,1,Male,36,No,Yes,364540,13.25759842,76.56593618
TN-2023-03357,02-05-2023,Coimbatore,Location_82,01:33,Two Wheeler,NH,Fog,Weather,3,3,0,Male,26,No,Yes,428136,12.78844466,79.33147556
TN-2023-03358,30-01-2023,Erode,Location_96,15:32,Car,Urban Street,Clear,Poor road,2,3,1,Male,57,No,Yes,431298,11.33880754,80.44067424
TN-2023-03359,07-07-2023,Tiruppur,Location_78,03:37,Two Wheeler,NH,Sunny,Drunk drive,3,0,0,Male,36,No,Yes,412935,12.1703017,78.9486553
TN-2023-03360,30-12-2023,Madurai,Location_47,20:51,Car,Urban Street,Fog,Poor road,1,0,1,Male,62,Yes,Yes,124309,12.75688402,77.12071013
TN-2023-03361,20-12-2023,Trichy,Location_3,13:19,Two Wheeler,NH,Cloudy,Over speed,2,0,1,Female,21,Yes,Yes,456498,12.41907748,78.53922576
TN-2023-03362,15-10-2023,Tiruppur,Location_1,14:06,Two Wheeler,SH,Sunny,Drunk drive,3,1,1,Male,23,No,Yes,338485,9.796892271,79.62542108
TN-2023-03363,14-07-2023,Coimbatore,Location_90,06:49,Lorry,NH,Clear,Over speed,4,2,0,Male,53,No,Yes,286462,12.46932242,80.3299335
TN-2023-03364,05-06-2023,Coimbatore,Location_24,22:33,Car,Rural Road,Sunny,Reckless driving,5,3,0,Male,28,No,Yes,491037,9.724353627,76.02282282
TN-2023-03365,21-06-2023,Vellore,Location_35,19:14,Bicycle,Rural Road,Sunny,Drunk drive,5,0,0,Male,38,No,Yes,11331,12.76893611,78.35660631
TN-2023-03366,01-12-2023,Vellore,Location_14,00:52,Lorry,SH,Clear,Brake failure,2,2,0,Male,59,Yes,Yes,286065,9.405063279,78.03946426
TN-2023-03367,10-02-2023,Tiruppur,Location_67,16:19,Two Wheeler,SH,Fog,Weather,4,2,0,Male,42,No,No,252892,11.14743473,77.86521727
TN-2023-03368,04-03-2023,Erode,Location_13,12:43,Two Wheeler,Urban Street,Clear,Weather,4,1,0,Male,47,Yes,Yes,104713,11.81108004,78.26726968
TN-2023-03369,23-01-2023,Salem,Location_47,21:46,Two Wheeler,SH,Cloudy,Weather,3,3,0,Male,35,No,Yes,330751,10.34185177,77.8157771
TN-2023-03370,26-12-2023,Vellore,Location_50,04:06,Auto Rickshaw,Rural Road,Clear,Over speed,2,2,0,Male,42,Yes,Yes,60620,12.30634872,77.54806976
TN-2023-03371,16-03-2023,Trichy,Location_78,07:22,Two Wheeler,SH,Rain,Poor road,4,0,1,Female,38,No,Yes,458774,13.08945748,76.51663493
TN-2023-03372,17-02-2023,Trichy,Location_85,13:03,Two Wheeler,Rural Road,Rain,Weather,3,0,0,Male,40,Yes,Yes,215225,9.024392017,78.24930521
TN-2023-03373,09-06-2023,Salem,Location_26,20:45,Auto Rickshaw,SH,Sunny,Reckless driving,4,1,0,Female,47,Yes,Yes,335479,8.183934584,79.69473137
TN-2023-03374,09-11-2023,Chennai,Location_3,09:21,Car,Rural Road,Fog,Drunk drive,2,0,0,Male,61,Yes,Yes,485979,11.44584029,76.47129549
TN-2023-03375,28-04-2023,Chennai,Location_51,15:10,Two Wheeler,Urban Street,Fog,Drunk drive,4,0,0,Female,63,No,Yes,60769,11.31202774,79.32321112
TN-2023-03376,10-04-2023,Coimbatore,Location_40,21:28,Two Wheeler,NH,Rain,Brake failure,4,1,0,Female,35,Yes,Yes,53823,9.877174495,77.20494753
TN-2023-03377,16-06-2023,Vellore,Location_68,13:13,Auto Rickshaw,NH,Cloudy,Over speed,4,1,0,Male,50,No,Yes,255558,12.32004637,77.71559492
TN-2023-03378,17-10-2023,Tirunelveli,Location_36,01:53,Auto Rickshaw,Rural Road,Clear,Drunk drive,5,0,2,Male,62,Yes,Yes,146271,12.54378402,80.44638116
TN-2023-03379,05-06-2023,Tiruppur,Location_51,12:02,Two Wheeler,SH,Clear,Drunk drive,1,3,1,Male,52,No,Yes,206634,9.825921242,79.0384514
TN-2023-03380,07-01-2023,Thoothukudi,Location_1,17:53,Two Wheeler,SH,Clear,Brake failure,2,3,0,Male,63,Yes,Yes,75649,11.75249875,79.23600544
TN-2023-03381,15-07-2023,Salem,Location_33,03:20,Auto Rickshaw,NH,Cloudy,Brake failure,5,1,0,Female,39,Yes,Yes,431839,11.53113789,78.71075921
TN-2023-03382,25-02-2023,Coimbatore,Location_7,20:18,Lorry,Rural Road,Cloudy,Poor road,1,3,0,Male,41,Yes,Yes,160673,9.884542961,77.45063574
TN-2023-03383,17-11-2023,Tirunelveli,Location_52,15:27,Lorry,SH,Clear,Poor road,4,3,1,Male,40,No,Yes,372228,13.33031541,79.03802147
TN-2023-03384,12-07-2023,Vellore,Location_11,03:50,Car,NH,Clear,Poor road,4,3,0,Male,18,No,Yes,471161,9.905212382,78.05770745
TN-2023-03385,16-02-2023,Tirunelveli,Location_27,22:14,Auto Rickshaw,Rural Road,Cloudy,Drunk drive,5,1,0,Male,32,Yes,Yes,311517,11.41156213,79.74437261
TN-2023-03386,28-05-2023,Tirunelveli,Location_14,00:47,Two Wheeler,Urban Street,Clear,Brake failure,3,3,0,Male,45,Yes,Yes,105122,10.09069527,78.56975722
TN-2023-03387,02-10-2023,Salem,Location_86,14:15,Two Wheeler,SH,Cloudy,Reckless driving,2,0,2,Male,59,Yes,Yes,144538,8.065081652,79.470562
TN-2023-03388,06-06-2023,Coimbatore,Location_80,21:19,Bus,SH,Sunny,Over speed,1,0,0,Male,37,Yes,Yes,467372,8.504011721,79.81828649
TN-2023-03389,21-07-2023,Erode,Location_46,00:16,Car,Rural Road,Rain,Poor road,4,1,0,Female,53,Yes,Yes,258731,9.277739825,79.69503838
TN-2023-03390,06-05-2023,Trichy,Location_76,04:04,Auto Rickshaw,NH,Rain,Reckless driving,2,3,0,Male,60,Yes,No,454756,12.46692503,77.8094827
TN-2023-03391,01-11-2023,Tiruppur,Location_10,06:12,Two Wheeler,Rural Road,Cloudy,Weather,4,2,0,Male,33,Yes,Yes,276271,10.43135668,77.65940459
TN-2023-03392,21-10-2023,Coimbatore,Location_24,11:35,Auto Rickshaw,NH,Clear,Drunk drive,4,2,2,Male,22,No,Yes,151238,11.23743015,79.910804
TN-2023-03393,05-03-2023,Thoothukudi,Location_61,03:22,Two Wheeler,Rural Road,Rain,Over speed,4,0,0,Male,60,No,Yes,429742,13.19121115,76.64395071
TN-2023-03394,21-11-2023,Tirunelveli,Location_18,20:20,Bus,Urban Street,Fog,Drunk drive,2,0,1,Male,32,Yes,Yes,213630,8.808630414,77.25731701
TN-2023-03395,25-06-2023,Erode,Location_86,05:23,Two Wheeler,SH,Clear,Reckless driving,5,2,0,Female,19,Yes,Yes,368647,12.74000653,76.54454292
TN-2023-03396,26-04-2023,Salem,Location_9,14:52,Car,NH,Cloudy,Poor road,2,1,0,Male,41,Yes,Yes,384498,10.08579804,76.18941098
TN-2023-03397,23-07-2023,Madurai,Location_17,18:37,Bus,Urban Street,Fog,Reckless driving,2,3,1,Male,30,Yes,Yes,440083,9.856140013,78.77137476
TN-2023-03398,17-11-2023,Tiruppur,Location_58,11:13,Two Wheeler,Rural Road,Cloudy,Reckless driving,3,2,0,Male,40,No,Yes,491315,11.4404056,80.05351245
TN-2023-03399,31-01-2023,Tiruppur,Location_13,17:11,Two Wheeler,NH,Clear,Drunk drive,3,3,0,Male,29,No,Yes,124631,12.94251203,76.58237203
TN-2023-03400,23-04-2023,Trichy,Location_50,14:18,Car,NH,Sunny,Poor road,5,2,0,Male,63,Yes,Yes,116023,9.916947518,79.58069062
TN-2023-03401,31-12-2023,Madurai,Location_6,07:40,Auto Rickshaw,Urban Street,Sunny,Drunk drive,3,0,0,Male,50,Yes,No,311910,12.18774533,77.7070296
TN-2023-03402,21-11-2023,Vellore,Location_85,04:04,Two Wheeler,Rural Road,Sunny,Poor road,5,3,0,Male,61,Yes,No,211670,8.105831465,78.78162512
TN-2023-03403,10-12-2023,Madurai,Location_51,05:22,Two Wheeler,Urban Street,Clear,Brake failure,4,1,0,Male,62,Yes,Yes,396840,11.42705887,79.43683777
TN-2023-03404,08-03-2023,Tirunelveli,Location_36,02:36,Two Wheeler,Rural Road,Clear,Brake failure,4,3,0,Male,42,Yes,Yes,302422,11.46807268,79.19535826
TN-2023-03405,16-03-2023,Tirunelveli,Location_71,00:42,Truck,Urban Street,Fog,Brake failure,2,3,0,Male,52,Yes,Yes,400039,11.05833286,76.61516778
TN-2023-03406,14-02-2023,Tirunelveli,Location_25,20:19,Two Wheeler,Urban Street,Clear,Brake failure,4,2,0,Male,52,Yes,Yes,330525,13.15802443,76.51923613
TN-2023-03407,17-09-2023,Tirunelveli,Location_11,00:38,Two Wheeler,Urban Street,Clear,Brake failure,3,1,0,Male,18,Yes,Yes,419961,13.16225204,80.15887017
TN-2023-03408,03-06-2023,Coimbatore,Location_44,14:16,Lorry,Urban Street,Fog,Weather,1,0,0,Male,60,Yes,Yes,61439,9.881334822,76.35762018
TN-2023-03409,04-06-2023,Tiruppur,Location_14,07:25,Bus,Rural Road,Fog,Drunk drive,2,3,0,Male,21,Yes,No,61325,10.51000339,76.98279862
TN-2023-03410,29-12-2023,Madurai,Location_29,01:25,Two Wheeler,SH,Cloudy,Reckless driving,5,3,0,Male,48,Yes,Yes,297765,12.35806553,77.97256346
TN-2023-03411,22-08-2023,Tiruppur,Location_74,12:43,Bicycle,Urban Street,Rain,Brake failure,4,2,0,Male,45,No,Yes,335600,12.6415127,79.69454995
TN-2023-03412,20-02-2023,Thoothukudi,Location_50,04:12,Car,Rural Road,Rain,Weather,2,0,0,Male,28,Yes,Yes,313857,10.29882843,78.71181681
TN-2023-03413,02-11-2023,Madurai,Location_5,05:24,Car,SH,Cloudy,Weather,2,2,0,Female,49,Yes,Yes,423448,9.919646261,78.57032519
TN-2023-03414,19-09-2023,Coimbatore,Location_72,14:22,Two Wheeler,NH,Sunny,Drunk drive,2,1,0,Male,19,Yes,Yes,212351,12.51339091,79.11379678
TN-2023-03415,11-11-2023,Thoothukudi,Location_69,21:20,Auto Rickshaw,NH,Clear,Drunk drive,4,0,1,Male,61,No,No,192137,10.07278219,79.60971343
TN-2023-03416,05-05-2023,Tiruppur,Location_88,21:29,Two Wheeler,Urban Street,Fog,Poor road,5,1,0,Male,30,Yes,No,359895,10.22877706,77.04635118
TN-2023-03417,02-09-2023,Thoothukudi,Location_57,10:03,Two Wheeler,NH,Fog,Poor road,2,2,0,Female,34,Yes,Yes,33470,8.745417371,76.08505622
TN-2023-03418,30-01-2023,Trichy,Location_26,00:46,Two Wheeler,Urban Street,Sunny,Brake failure,2,0,1,Male,21,No,Yes,410614,10.98622026,76.57238729
TN-2023-03419,02-05-2023,Thoothukudi,Location_6,11:08,Lorry,Urban Street,Fog,Over speed,2,1,0,Female,48,No,Yes,376450,9.79546436,76.74323784
TN-2023-03420,05-05-2023,Madurai,Location_16,10:36,Car,SH,Sunny,Poor road,4,1,0,Male,55,Yes,Yes,448659,11.24833701,76.18010367
TN-2023-03421,06-02-2023,Tirunelveli,Location_60,06:07,Car,NH,Cloudy,Over speed,3,2,1,Male,20,Yes,Yes,396150,10.46514987,79.36383116
TN-2023-03422,19-06-2023,Tirunelveli,Location_12,00:24,Two Wheeler,Urban Street,Sunny,Reckless driving,5,0,1,Male,60,No,Yes,499444,12.11475055,79.98216107
TN-2023-03423,04-05-2023,Vellore,Location_75,00:02,Bus,NH,Rain,Poor road,2,1,0,Male,29,Yes,Yes,471315,9.527750797,79.19792436
TN-2023-03424,23-12-2023,Tiruppur,Location_3,07:27,Lorry,SH,Sunny,Reckless driving,2,3,0,Female,61,Yes,No,74170,8.945997573,76.84880451
TN-2023-03425,04-02-2023,Trichy,Location_63,10:32,Two Wheeler,NH,Cloudy,Weather,2,0,0,Male,35,No,Yes,406455,11.86627868,78.72900162
TN-2023-03426,28-03-2023,Madurai,Location_64,13:00,Lorry,SH,Sunny,Weather,4,0,1,Male,47,Yes,Yes,193070,10.11269962,78.34271655
TN-2023-03427,14-05-2023,Madurai,Location_62,05:52,Two Wheeler,SH,Cloudy,Reckless driving,3,3,0,Male,63,No,Yes,32344,11.09981966,79.68983547
TN-2023-03428,15-07-2023,Salem,Location_6,05:34,Lorry,SH,Rain,Weather,2,0,0,Female,28,Yes,Yes,350577,13.17587805,80.24034433
TN-2023-03429,01-10-2023,Chennai,Location_19,09:11,Two Wheeler,Urban Street,Clear,Reckless driving,2,0,0,Male,41,Yes,Yes,337904,10.66251532,79.34320682
TN-2023-03430,20-07-2023,Tiruppur,Location_18,09:53,Car,Rural Road,Cloudy,Over speed,4,3,0,Male,38,No,Yes,283597,8.838156711,78.30642378
TN-2023-03431,12-10-2023,Madurai,Location_80,01:23,Truck,Urban Street,Clear,Brake failure,5,2,0,Male,52,No,No,475646,10.34686932,78.29971716
TN-2023-03432,18-03-2023,Erode,Location_87,21:44,Bicycle,NH,Cloudy,Reckless driving,5,1,0,Female,21,Yes,Yes,208112,10.63192037,79.6350409
TN-2023-03433,28-02-2023,Madurai,Location_43,15:12,Two Wheeler,Urban Street,Sunny,Poor road,3,3,0,Male,43,Yes,Yes,173793,12.21288126,76.55131459
TN-2023-03434,06-05-2023,Salem,Location_73,03:35,Two Wheeler,Urban Street,Clear,Poor road,5,0,0,Male,25,Yes,Yes,197512,9.073535405,76.68991193
TN-2023-03435,19-04-2023,Thoothukudi,Location_3,10:22,Two Wheeler,Rural Road,Cloudy,Over speed,2,1,0,Male,41,Yes,Yes,197399,9.90795972,77.54580735
TN-2023-03436,12-08-2023,Coimbatore,Location_72,13:31,Auto Rickshaw,NH,Cloudy,Reckless driving,4,1,1,Male,60,Yes,Yes,499381,8.275155758,79.36212548
TN-2023-03437,05-10-2023,Coimbatore,Location_38,02:26,Car,SH,Clear,Weather,2,1,0,Male,62,Yes,No,420294,11.86087862,76.29689504
TN-2023-03438,09-03-2023,Erode,Location_68,18:21,Two Wheeler,SH,Cloudy,Brake failure,2,2,0,Female,29,Yes,Yes,436079,12.09162789,77.54945645
TN-2023-03439,10-03-2023,Erode,Location_76,00:04,Two Wheeler,NH,Clear,Poor road,3,0,0,Male,22,Yes,Yes,233410,10.51455253,77.43343205
TN-2023-03440,14-06-2023,Vellore,Location_44,16:32,Truck,Urban Street,Rain,Brake failure,5,0,0,Female,33,Yes,No,140982,10.96047762,78.18581924
TN-2023-03441,01-11-2023,Coimbatore,Location_95,18:18,Car,Rural Road,Fog,Brake failure,5,1,0,Male,49,Yes,Yes,102039,12.12397611,78.08672429
TN-2023-03442,11-06-2023,Thoothukudi,Location_89,03:50,Two Wheeler,Rural Road,Rain,Drunk drive,5,1,0,Male,46,Yes,Yes,108469,9.475657868,79.21482334
TN-2023-03443,31-12-2023,Coimbatore,Location_80,05:14,Two Wheeler,NH,Clear,Brake failure,2,2,0,Male,50,Yes,Yes,91095,11.33830907,78.81502484
TN-2023-03444,08-12-2023,Chennai,Location_63,03:55,Two Wheeler,NH,Sunny,Reckless driving,4,2,0,Male,58,Yes,Yes,367918,13.30155641,80.06246493
TN-2023-03445,05-11-2023,Tiruppur,Location_42,00:23,Car,Urban Street,Sunny,Drunk drive,4,1,0,Female,31,Yes,Yes,353636,11.618823,76.81295395
TN-2023-03446,09-12-2023,Coimbatore,Location_64,16:10,Auto Rickshaw,Rural Road,Fog,Over speed,2,0,1,Female,42,No,Yes,334265,8.429605752,77.94436425
TN-2023-03447,11-02-2023,Tirunelveli,Location_54,16:22,Auto Rickshaw,NH,Clear,Weather,1,3,0,Female,25,Yes,Yes,159928,9.596430382,77.80043024
TN-2023-03448,20-12-2023,Vellore,Location_78,00:40,Car,Urban Street,Cloudy,Drunk drive,2,2,0,Male,44,Yes,Yes,6433,10.85519633,76.50633322
TN-2023-03449,19-04-2023,Salem,Location_77,13:46,Lorry,Urban Street,Rain,Brake failure,5,0,0,Male,52,Yes,Yes,88933,8.399689217,76.74172436
TN-2023-03450,20-02-2023,Erode,Location_71,00:33,Two Wheeler,NH,Rain,Weather,2,2,0,Male,39,Yes,Yes,406770,11.72113397,77.51483773
TN-2023-03451,07-09-2023,Chennai,Location_76,17:17,Two Wheeler,Rural Road,Fog,Brake failure,1,0,0,Female,24,Yes,Yes,268443,11.5981671,79.30661047
TN-2023-03452,07-12-2023,Erode,Location_37,05:51,Bicycle,SH,Fog,Brake failure,2,1,0,Male,53,Yes,Yes,448620,12.8197803,76.67572554
TN-2023-03453,21-01-2023,Vellore,Location_4,07:00,Two Wheeler,Urban Street,Fog,Drunk drive,5,2,0,Male,64,Yes,Yes,241918,10.74996033,77.19393283
TN-2023-03454,27-10-2023,Madurai,Location_2,14:41,Two Wheeler,SH,Fog,Over speed,3,3,0,Male,29,Yes,Yes,455892,11.80676202,79.04389148
TN-2023-03455,19-05-2023,Chennai,Location_99,03:31,Bicycle,Urban Street,Fog,Brake failure,4,1,0,Male,26,Yes,Yes,493007,9.001100148,78.68494315
TN-2023-03456,25-12-2023,Trichy,Location_44,09:42,Two Wheeler,Rural Road,Fog,Reckless driving,1,2,0,Male,62,No,Yes,453991,8.01578331,76.46977238
TN-2023-03457,20-11-2023,Chennai,Location_67,04:08,Lorry,SH,Cloudy,Drunk drive,3,1,0,Male,52,No,No,24921,8.947396969,80.2466727
TN-2023-03458,02-04-2023,Vellore,Location_68,04:10,Truck,NH,Cloudy,Reckless driving,4,3,0,Female,56,Yes,Yes,49012,8.342180291,76.66613017
TN-2023-03459,07-10-2023,Salem,Location_76,02:26,Car,Urban Street,Rain,Reckless driving,3,2,0,Male,36,Yes,Yes,439856,10.35244914,76.27633239
TN-2023-03460,05-05-2023,Chennai,Location_83,03:09,Two Wheeler,NH,Rain,Brake failure,2,2,0,Male,45,Yes,Yes,207109,10.57566835,77.36914041
TN-2023-03461,21-04-2023,Vellore,Location_74,06:32,Two Wheeler,NH,Fog,Reckless driving,2,2,0,Male,46,Yes,Yes,466066,11.54459984,76.11910396
TN-2023-03462,20-12-2023,Thoothukudi,Location_62,05:07,Two Wheeler,Rural Road,Rain,Weather,4,0,0,Male,25,No,Yes,211390,8.774245265,76.13825705
TN-2023-03463,19-05-2023,Tiruppur,Location_1,16:23,Two Wheeler,NH,Fog,Over speed,4,0,0,Male,60,Yes,Yes,344173,9.180938536,78.60429488
TN-2023-03464,30-09-2023,Coimbatore,Location_17,06:32,Lorry,Urban Street,Cloudy,Brake failure,2,2,0,Male,44,Yes,Yes,341874,12.39079389,80.01827845
TN-2023-03465,09-04-2023,Thoothukudi,Location_16,08:42,Two Wheeler,NH,Sunny,Reckless driving,2,1,1,Male,22,Yes,Yes,50614,11.17087372,77.81144978
TN-2023-03466,09-09-2023,Vellore,Location_9,18:01,Two Wheeler,NH,Cloudy,Over speed,4,1,0,Male,46,Yes,Yes,290566,8.161499765,77.35964119
TN-2023-03467,04-12-2023,Tirunelveli,Location_53,22:10,Car,Urban Street,Clear,Over speed,4,2,1,Male,52,No,Yes,41941,12.6662257,80.11582265
TN-2023-03468,14-04-2023,Madurai,Location_73,02:16,Car,NH,Cloudy,Weather,4,3,0,Male,50,Yes,Yes,163567,11.46393079,76.27657585
TN-2023-03469,02-08-2023,Coimbatore,Location_59,09:02,Auto Rickshaw,Rural Road,Clear,Weather,5,3,0,Female,49,Yes,Yes,251577,9.026515085,78.12990661
TN-2023-03470,06-09-2023,Tirunelveli,Location_9,21:34,Two Wheeler,Urban Street,Rain,Poor road,5,3,0,Female,38,Yes,Yes,263912,9.386361577,77.13671054
TN-2023-03471,01-06-2023,Salem,Location_12,20:24,Lorry,Rural Road,Cloudy,Over speed,2,0,0,Male,27,Yes,Yes,88828,11.04451078,77.71770017
TN-2023-03472,07-09-2023,Erode,Location_41,06:01,Car,NH,Sunny,Brake failure,5,0,0,Female,59,Yes,Yes,333040,11.0844065,77.84857265
TN-2023-03473,02-10-2023,Trichy,Location_15,00:06,Two Wheeler,SH,Cloudy,Weather,1,0,0,Male,33,No,Yes,51870,12.42853765,78.45311929
TN-2023-03474,14-06-2023,Coimbatore,Location_66,19:42,Two Wheeler,Rural Road,Cloudy,Brake failure,2,0,0,Female,28,Yes,Yes,95172,9.97220451,78.0396293
TN-2023-03475,07-12-2023,Thoothukudi,Location_75,22:05,Two Wheeler,Rural Road,Cloudy,Over speed,1,1,0,Male,36,Yes,Yes,189326,11.02116731,80.44622243
TN-2023-03476,08-01-2023,Madurai,Location_11,22:35,Car,NH,Fog,Weather,3,2,0,Male,30,No,Yes,415894,11.20395888,76.11480036
TN-2023-03477,11-10-2023,Tirunelveli,Location_8,18:20,Two Wheeler,SH,Cloudy,Poor road,1,2,1,Female,32,Yes,Yes,65238,11.0727203,79.40946491
TN-2023-03478,05-01-2023,Vellore,Location_55,18:45,Auto Rickshaw,Urban Street,Cloudy,Over speed,3,2,0,Male,59,No,Yes,58768,8.40098215,76.22947889
TN-2023-03479,25-05-2023,Coimbatore,Location_96,02:35,Car,SH,Sunny,Brake failure,1,1,0,Male,53,Yes,Yes,234588,10.26189081,77.93981633
TN-2023-03480,11-04-2023,Erode,Location_6,07:49,Auto Rickshaw,Urban Street,Clear,Poor road,3,3,0,Male,49,Yes,Yes,145452,9.863862667,76.90831081
TN-2023-03481,13-06-2023,Vellore,Location_53,03:42,Two Wheeler,NH,Clear,Over speed,3,3,0,Female,36,Yes,Yes,373870,13.46027745,80.25386035
TN-2023-03482,27-05-2023,Tirunelveli,Location_20,15:02,Two Wheeler,SH,Sunny,Weather,2,0,0,Male,32,Yes,Yes,437954,10.5612871,79.25120677
TN-2023-03483,05-03-2023,Madurai,Location_39,06:01,Two Wheeler,NH,Rain,Reckless driving,4,0,0,Male,55,Yes,Yes,423459,10.39375332,78.08281223
TN-2023-03484,01-04-2023,Chennai,Location_99,00:57,Two Wheeler,Rural Road,Cloudy,Over speed,4,1,0,Male,39,Yes,Yes,359667,10.66028162,80.28508953
TN-2023-03485,27-04-2023,Erode,Location_72,00:37,Auto Rickshaw,SH,Rain,Drunk drive,2,1,0,Female,30,Yes,Yes,258833,13.0560542,79.24582579
TN-2023-03486,20-12-2023,Vellore,Location_34,18:06,Two Wheeler,Urban Street,Sunny,Brake failure,3,3,0,Male,37,Yes,Yes,48022,11.3629962,80.28373171
TN-2023-03487,24-09-2023,Erode,Location_57,04:20,Two Wheeler,Rural Road,Rain,Weather,4,2,1,Male,32,Yes,Yes,483325,10.14028863,79.17058693
TN-2023-03488,06-11-2023,Salem,Location_19,17:23,Two Wheeler,Urban Street,Clear,Weather,4,2,0,Male,24,Yes,Yes,74719,13.01917568,76.34969865
TN-2023-03489,22-06-2023,Vellore,Location_71,12:32,Two Wheeler,Rural Road,Fog,Drunk drive,1,1,0,Male,39,Yes,Yes,453003,13.11413618,78.77337416
TN-2023-03490,16-02-2023,Coimbatore,Location_31,09:08,Auto Rickshaw,Urban Street,Rain,Reckless driving,5,1,0,Male,60,Yes,Yes,54902,9.453720036,80.41157367
TN-2023-03491,20-05-2023,Chennai,Location_82,16:32,Car,Urban Street,Fog,Poor road,2,1,0,Male,37,No,Yes,20473,10.16367851,76.96381945
TN-2023-03492,03-09-2023,Chennai,Location_40,00:06,Bus,NH,Rain,Weather,5,0,1,Male,36,No,Yes,40042,13.31552269,79.56732858
TN-2023-03493,29-05-2023,Trichy,Location_14,03:27,Two Wheeler,Rural Road,Sunny,Poor road,3,2,0,Male,44,Yes,Yes,82454,10.97576779,76.83084429
TN-2023-03494,03-09-2023,Erode,Location_81,22:52,Truck,NH,Fog,Poor road,1,1,0,Male,25,Yes,Yes,448635,10.37459793,78.03506733
TN-2023-03495,05-01-2023,Thoothukudi,Location_37,11:15,Bus,NH,Rain,Poor road,4,1,0,Female,35,Yes,Yes,87340,9.074724944,76.38098674
TN-2023-03496,03-07-2023,Chennai,Location_44,13:54,Two Wheeler,NH,Sunny,Reckless driving,1,0,0,Male,27,No,Yes,82825,10.11441362,77.53263764
TN-2023-03497,20-01-2023,Chennai,Location_9,09:13,Two Wheeler,NH,Clear,Over speed,2,1,1,Male,58,No,Yes,255286,11.47179099,79.49301917
TN-2023-03498,15-02-2023,Salem,Location_58,06:35,Auto Rickshaw,Urban Street,Cloudy,Drunk drive,3,2,0,Male,52,No,Yes,170223,8.212856311,76.20370622
TN-2023-03499,12-01-2023,Tiruppur,Location_20,01:23,Car,NH,Sunny,Brake failure,1,0,0,Male,32,No,Yes,198147,8.458184577,77.44088486
TN-2023-03500,11-03-2023,Salem,Location_92,17:15,Bus,NH,Sunny,Drunk drive,1,1,0,Male,40,No,Yes,132899,8.029570228,78.83388542
TN-2023-03501,17-01-2023,Salem,Location_50,08:36,Two Wheeler,NH,Clear,Weather,1,2,0,Female,29,Yes,Yes,148172,9.20410034,80.2685084
TN-2023-03502,27-05-2023,Tiruppur,Location_20,08:24,Two Wheeler,Urban Street,Fog,Drunk drive,4,2,0,Male,44,Yes,Yes,403806,9.006460394,77.10408297
TN-2023-03503,03-06-2023,Erode,Location_36,07:23,Bus,Rural Road,Rain,Brake failure,3,0,1,Male,23,Yes,Yes,223824,12.67944225,76.77917504
TN-2023-03504,31-10-2023,Vellore,Location_27,19:47,Car,Urban Street,Fog,Over speed,4,2,0,Male,41,Yes,Yes,34251,9.018809124,76.91651784
TN-2023-03505,18-04-2023,Madurai,Location_72,19:17,Car,Urban Street,Sunny,Weather,1,0,0,Male,39,No,Yes,431130,11.63649564,77.06563932
TN-2023-03506,24-08-2023,Thoothukudi,Location_32,03:47,Car,Urban Street,Rain,Over speed,4,2,0,Female,26,Yes,Yes,198799,8.650975237,78.872447
TN-2023-03507,04-11-2023,Chennai,Location_1,03:05,Two Wheeler,Rural Road,Cloudy,Weather,4,1,0,Male,27,Yes,Yes,413350,11.26457874,80.49400533
TN-2023-03508,18-12-2023,Trichy,Location_17,02:17,Lorry,NH,Cloudy,Brake failure,2,0,0,Male,20,Yes,No,279189,10.39591083,78.35616077
TN-2023-03509,11-03-2023,Thoothukudi,Location_9,14:39,Truck,NH,Rain,Over speed,5,2,1,Female,23,Yes,Yes,413604,10.24767464,77.22143851
TN-2023-03510,02-07-2023,Vellore,Location_84,17:55,Auto Rickshaw,Rural Road,Sunny,Brake failure,5,0,0,Male,43,Yes,Yes,135184,12.71109041,79.36131897
TN-2023-03511,07-09-2023,Tiruppur,Location_45,22:34,Two Wheeler,Rural Road,Clear,Brake failure,2,2,0,Female,62,Yes,Yes,184812,8.922457067,76.71213238
TN-2023-03512,16-08-2023,Thoothukudi,Location_96,05:53,Two Wheeler,SH,Fog,Reckless driving,2,0,0,Male,31,No,Yes,245453,11.27369987,76.13506378
TN-2023-03513,12-04-2023,Chennai,Location_66,20:23,Lorry,NH,Fog,Drunk drive,4,1,0,Male,53,Yes,Yes,247409,12.52025231,78.72369236
TN-2023-03514,16-03-2023,Thoothukudi,Location_32,14:26,Car,Urban Street,Clear,Weather,4,0,1,Male,59,Yes,Yes,168259,11.92643252,76.94632999
TN-2023-03515,04-08-2023,Madurai,Location_45,11:04,Car,Urban Street,Clear,Poor road,3,0,0,Male,36,Yes,Yes,233699,13.40840202,77.79656763
TN-2023-03516,22-07-2023,Tiruppur,Location_9,06:21,Auto Rickshaw,NH,Cloudy,Poor road,5,1,0,Male,56,No,Yes,41652,8.011582321,77.04011488
TN-2023-03517,11-07-2023,Thoothukudi,Location_30,14:38,Car,Rural Road,Clear,Over speed,4,2,0,Male,40,No,Yes,465105,12.86397623,80.1312778
TN-2023-03518,06-09-2023,Chennai,Location_84,12:56,Car,SH,Rain,Brake failure,3,3,0,Male,22,Yes,Yes,26557,11.37398246,77.52094889
TN-2023-03519,30-08-2023,Chennai,Location_38,02:25,Two Wheeler,Urban Street,Cloudy,Drunk drive,5,1,0,Male,61,Yes,Yes,74420,8.013664919,78.0208307
TN-2023-03520,28-06-2023,Thoothukudi,Location_60,22:12,Two Wheeler,SH,Sunny,Weather,3,0,0,Female,32,No,Yes,407178,10.56021602,77.05679339
TN-2023-03521,07-08-2023,Erode,Location_1,02:28,Two Wheeler,Urban Street,Cloudy,Over speed,3,1,1,Female,47,Yes,Yes,302035,12.22090557,76.38182955
TN-2023-03522,23-03-2023,Trichy,Location_5,01:27,Auto Rickshaw,Urban Street,Cloudy,Brake failure,2,1,0,Male,50,Yes,Yes,81067,9.004006823,78.30650478
TN-2023-03523,02-04-2023,Tirunelveli,Location_63,22:35,Two Wheeler,NH,Fog,Reckless driving,1,0,0,Female,55,No,Yes,395794,11.7316245,79.90925471
TN-2023-03524,24-06-2023,Salem,Location_99,16:05,Car,Urban Street,Clear,Poor road,1,0,0,Male,36,Yes,Yes,119120,8.768176312,77.58256742
TN-2023-03525,27-08-2023,Tiruppur,Location_36,10:37,Auto Rickshaw,SH,Rain,Poor road,1,3,0,Male,22,No,Yes,434445,12.41898841,79.51435872
TN-2023-03526,17-09-2023,Tirunelveli,Location_65,21:33,Car,SH,Clear,Weather,3,1,0,Male,26,Yes,Yes,493395,11.12654853,76.14675545
TN-2023-03527,31-12-2023,Vellore,Location_78,16:02,Car,NH,Fog,Weather,4,0,0,Male,24,Yes,Yes,350837,8.18637659,77.05978891
TN-2023-03528,12-06-2023,Vellore,Location_73,11:45,Two Wheeler,Urban Street,Clear,Weather,1,2,0,Male,41,No,Yes,361392,8.499816391,76.59172897
TN-2023-03529,17-02-2023,Chennai,Location_94,01:21,Auto Rickshaw,SH,Rain,Over speed,4,2,0,Female,58,Yes,Yes,445135,12.75125777,77.81297079
TN-2023-03530,25-11-2023,Vellore,Location_24,21:28,Two Wheeler,Rural Road,Clear,Weather,5,2,2,Male,33,Yes,Yes,283440,8.181507794,80.02449818
TN-2023-03531,24-11-2023,Erode,Location_4,04:09,Two Wheeler,NH,Fog,Over speed,1,2,0,Male,54,No,Yes,186964,9.641984294,77.68080369
TN-2023-03532,26-04-2023,Trichy,Location_78,09:52,Two Wheeler,Rural Road,Rain,Drunk drive,3,1,1,Male,27,Yes,Yes,419141,11.11801538,78.71495633
TN-2023-03533,03-12-2023,Vellore,Location_89,08:20,Two Wheeler,SH,Clear,Brake failure,2,1,0,Male,38,Yes,Yes,232434,9.173918792,80.04163954
TN-2023-03534,03-12-2023,Madurai,Location_68,12:09,Two Wheeler,Rural Road,Fog,Poor road,3,3,0,Male,38,Yes,Yes,185616,9.233276912,77.61903948
TN-2023-03535,13-08-2023,Trichy,Location_25,05:10,Bus,NH,Fog,Over speed,4,1,0,Male,64,Yes,Yes,380911,12.26818706,77.64590032
TN-2023-03536,18-12-2023,Erode,Location_74,03:57,Two Wheeler,Rural Road,Cloudy,Brake failure,5,0,0,Male,32,No,Yes,227857,9.600470214,76.39592368
TN-2023-03537,24-11-2023,Tirunelveli,Location_99,13:30,Bus,SH,Rain,Reckless driving,3,3,0,Male,30,Yes,Yes,414640,8.212206222,77.57072343
TN-2023-03538,27-05-2023,Trichy,Location_7,16:51,Two Wheeler,Rural Road,Rain,Weather,2,1,0,Male,24,No,Yes,384802,11.9661699,79.35771947
TN-2023-03539,04-03-2023,Trichy,Location_13,01:41,Two Wheeler,Rural Road,Clear,Poor road,2,1,0,Male,57,Yes,Yes,307772,13.24901277,79.8008322
TN-2023-03540,21-10-2023,Tirunelveli,Location_68,02:38,Car,Rural Road,Cloudy,Reckless driving,5,0,0,Female,25,Yes,Yes,460683,12.57563687,79.25237732
TN-2023-03541,19-11-2023,Erode,Location_43,06:32,Auto Rickshaw,Urban Street,Rain,Over speed,1,0,0,Male,60,Yes,Yes,236433,11.01709116,76.0311641
TN-2023-03542,21-11-2023,Vellore,Location_57,07:31,Auto Rickshaw,SH,Fog,Weather,3,0,2,Male,58,No,Yes,415160,10.33686064,76.5263956
TN-2023-03543,13-01-2023,Chennai,Location_36,22:32,Truck,Rural Road,Rain,Brake failure,3,2,0,Male,55,Yes,No,259866,13.08840844,79.28941899
TN-2023-03544,08-07-2023,Tiruppur,Location_14,07:45,Bus,SH,Cloudy,Drunk drive,2,1,0,Male,19,No,Yes,477137,12.21423991,80.24078496
TN-2023-03545,14-10-2023,Tirunelveli,Location_82,13:33,Bus,Rural Road,Sunny,Brake failure,4,1,0,Male,54,Yes,Yes,267065,11.13861483,79.12912509
TN-2023-03546,27-07-2023,Tirunelveli,Location_72,07:50,Car,NH,Fog,Over speed,3,1,0,Male,39,Yes,Yes,474039,12.83902275,77.01746491
TN-2023-03547,24-04-2023,Tirunelveli,Location_96,09:06,Car,NH,Rain,Drunk drive,2,3,1,Male,21,Yes,No,112670,11.309418,76.48401262
TN-2023-03548,22-01-2023,Tirunelveli,Location_27,12:53,Two Wheeler,NH,Fog,Drunk drive,4,3,0,Male,64,Yes,Yes,326123,13.35427567,79.94657328
TN-2023-03549,15-12-2023,Tiruppur,Location_37,20:46,Car,Rural Road,Clear,Weather,1,3,0,Male,24,Yes,Yes,191856,12.72059763,76.4456373
TN-2023-03550,02-08-2023,Tiruppur,Location_87,10:57,Two Wheeler,SH,Fog,Brake failure,1,3,0,Male,18,Yes,Yes,110864,11.02744877,76.67966634
TN-2023-03551,20-06-2023,Vellore,Location_71,13:10,Two Wheeler,NH,Rain,Over speed,2,3,0,Male,36,Yes,No,148809,13.07559915,78.68511725
TN-2023-03552,19-11-2023,Thoothukudi,Location_76,01:33,Car,Urban Street,Clear,Reckless driving,2,0,1,Female,47,Yes,Yes,198298,9.883414245,76.85498685
TN-2023-03553,23-02-2023,Thoothukudi,Location_25,11:46,Two Wheeler,NH,Clear,Reckless driving,1,3,1,Female,19,No,Yes,462415,11.85509862,77.0241701
TN-2023-03554,25-10-2023,Coimbatore,Location_67,16:13,Two Wheeler,NH,Clear,Drunk drive,2,1,0,Male,30,No,Yes,323169,8.942015815,76.64016356
TN-2023-03555,16-11-2023,Tirunelveli,Location_90,15:26,Two Wheeler,Urban Street,Sunny,Weather,5,2,0,Male,45,Yes,Yes,286213,12.92450703,80.2494679
TN-2023-03556,06-05-2023,Tirunelveli,Location_4,07:55,Truck,NH,Sunny,Reckless driving,3,1,1,Male,31,Yes,Yes,451130,9.364275824,76.56216332
TN-2023-03557,04-10-2023,Trichy,Location_79,16:04,Two Wheeler,Rural Road,Clear,Drunk drive,5,1,0,Male,20,Yes,Yes,273515,13.21967881,80.19099428
TN-2023-03558,23-07-2023,Thoothukudi,Location_96,11:37,Two Wheeler,Rural Road,Rain,Brake failure,4,0,0,Male,33,Yes,Yes,7314,8.093453015,77.4678864
TN-2023-03559,13-07-2023,Vellore,Location_93,17:25,Auto Rickshaw,NH,Clear,Reckless driving,2,2,1,Female,42,Yes,Yes,499850,11.75010293,79.69701771
TN-2023-03560,18-06-2023,Chennai,Location_74,04:05,Car,SH,Clear,Poor road,2,1,0,Male,63,Yes,Yes,402051,8.825308933,80.27498906
TN-2023-03561,01-06-2023,Coimbatore,Location_85,08:14,Two Wheeler,SH,Fog,Over speed,4,0,0,Male,64,No,Yes,171332,12.2394631,78.33665988
TN-2023-03562,04-02-2023,Coimbatore,Location_16,09:48,Two Wheeler,NH,Fog,Poor road,3,2,0,Male,20,Yes,Yes,461401,10.70548262,79.46577456
TN-2023-03563,03-07-2023,Vellore,Location_19,18:11,Two Wheeler,Urban Street,Fog,Brake failure,1,2,0,Male,51,No,Yes,346136,13.00307639,77.1970471
TN-2023-03564,13-10-2023,Chennai,Location_29,08:46,Two Wheeler,Rural Road,Cloudy,Poor road,5,0,0,Male,20,Yes,No,117498,11.93288065,77.72333887
TN-2023-03565,26-02-2023,Trichy,Location_51,13:00,Two Wheeler,Rural Road,Fog,Brake failure,3,3,0,Female,58,Yes,Yes,7632,12.22546294,78.48844027
TN-2023-03566,10-08-2023,Tiruppur,Location_18,16:32,Two Wheeler,Rural Road,Fog,Brake failure,1,0,0,Male,46,Yes,Yes,170455,8.66263653,79.8270753
TN-2023-03567,30-10-2023,Salem,Location_58,22:28,Lorry,NH,Rain,Weather,1,0,0,Male,57,No,Yes,300943,8.531086657,78.79332118
TN-2023-03568,12-06-2023,Thoothukudi,Location_44,20:53,Car,Rural Road,Sunny,Poor road,2,3,0,Male,36,Yes,Yes,481328,12.67806738,76.09944471
TN-2023-03569,19-01-2023,Tirunelveli,Location_16,12:30,Car,NH,Sunny,Drunk drive,4,0,0,Male,37,Yes,Yes,493345,9.24175614,77.37153055
TN-2023-03570,21-09-2023,Vellore,Location_65,07:29,Two Wheeler,NH,Sunny,Brake failure,2,0,0,Male,38,Yes,Yes,445324,12.76818004,79.89237326
TN-2023-03571,09-10-2023,Thoothukudi,Location_2,12:15,Two Wheeler,SH,Cloudy,Poor road,4,0,1,Male,37,Yes,Yes,199884,8.783959756,77.0810657
TN-2023-03572,23-04-2023,Tirunelveli,Location_56,01:44,Auto Rickshaw,Urban Street,Clear,Drunk drive,2,1,0,Male,45,Yes,Yes,394869,9.696482044,77.65567677
TN-2023-03573,23-11-2023,Salem,Location_79,17:34,Two Wheeler,Urban Street,Fog,Over speed,5,0,1,Female,64,No,No,482335,13.10806301,77.75326625
TN-2023-03574,30-01-2023,Salem,Location_28,12:18,Auto Rickshaw,Urban Street,Rain,Drunk drive,2,0,0,Female,44,No,Yes,198869,12.61844808,76.6950373
TN-2023-03575,15-05-2023,Tiruppur,Location_65,12:50,Car,Rural Road,Cloudy,Poor road,5,2,0,Male,61,Yes,Yes,447748,8.298334541,77.57415422
TN-2023-03576,08-03-2023,Erode,Location_5,03:18,Auto Rickshaw,SH,Sunny,Poor road,3,2,0,Female,63,Yes,Yes,397772,10.46453631,79.67839324
TN-2023-03577,06-03-2023,Salem,Location_22,17:24,Two Wheeler,SH,Cloudy,Drunk drive,3,2,0,Male,42,Yes,Yes,12587,13.00427313,79.82092241
TN-2023-03578,19-10-2023,Thoothukudi,Location_13,05:50,Two Wheeler,NH,Rain,Drunk drive,2,0,1,Male,19,Yes,Yes,278368,8.081168132,78.61403895
TN-2023-03579,25-01-2023,Madurai,Location_65,03:03,Lorry,SH,Cloudy,Reckless driving,3,3,2,Male,60,Yes,Yes,77592,8.590257177,79.05432822
TN-2023-03580,06-02-2023,Madurai,Location_16,06:06,Lorry,NH,Sunny,Brake failure,1,0,0,Female,41,Yes,No,418439,11.54857737,78.40557717
TN-2023-03581,01-01-2023,Tirunelveli,Location_86,22:57,Two Wheeler,SH,Clear,Poor road,5,1,0,Male,50,Yes,No,330061,8.577409156,76.19922654
TN-2023-03582,06-02-2023,Tirunelveli,Location_64,15:58,Truck,NH,Sunny,Brake failure,4,1,0,Male,36,Yes,Yes,268494,10.46861038,79.1350819
TN-2023-03583,21-05-2023,Erode,Location_32,15:04,Two Wheeler,Rural Road,Sunny,Brake failure,5,1,0,Male,43,Yes,Yes,227637,10.7930253,80.48447894
TN-2023-03584,20-08-2023,Madurai,Location_80,14:22,Two Wheeler,SH,Sunny,Over speed,2,1,0,Male,63,No,No,206294,12.73139735,77.02520497
TN-2023-03585,16-05-2023,Tirunelveli,Location_51,03:31,Car,Urban Street,Cloudy,Poor road,3,0,0,Male,58,Yes,Yes,445901,13.26564951,80.4196804
TN-2023-03586,07-07-2023,Salem,Location_79,12:27,Bus,NH,Rain,Brake failure,3,2,0,Male,20,Yes,Yes,151719,10.81727021,80.4899812
TN-2023-03587,08-05-2023,Tirunelveli,Location_58,18:06,Truck,SH,Sunny,Over speed,1,0,0,Male,44,Yes,Yes,286659,10.80698177,76.63681572
TN-2023-03588,20-07-2023,Coimbatore,Location_46,11:57,Two Wheeler,SH,Cloudy,Reckless driving,3,0,0,Male,31,Yes,Yes,38919,11.99737436,80.16760831
TN-2023-03589,07-05-2023,Erode,Location_52,08:16,Two Wheeler,NH,Rain,Brake failure,2,0,0,Male,37,Yes,Yes,358662,9.058786392,79.03989686
TN-2023-03590,14-09-2023,Vellore,Location_63,01:15,Car,SH,Clear,Brake failure,2,0,0,Male,52,Yes,Yes,333873,13.17472197,78.09867321
TN-2023-03591,13-06-2023,Chennai,Location_76,06:17,Two Wheeler,Urban Street,Sunny,Reckless driving,4,3,1,Female,40,No,Yes,21935,8.006594084,77.55097323
TN-2023-03592,04-02-2023,Trichy,Location_60,06:00,Two Wheeler,NH,Fog,Poor road,5,2,1,Male,42,Yes,Yes,341922,8.009866285,78.83410717
TN-2023-03593,13-07-2023,Chennai,Location_65,02:20,Car,NH,Cloudy,Drunk drive,5,2,0,Male,21,No,Yes,365039,11.44116499,79.79254005
TN-2023-03594,10-07-2023,Chennai,Location_81,10:21,Two Wheeler,NH,Clear,Reckless driving,5,1,0,Male,19,Yes,Yes,244620,9.878165808,76.15346062
TN-2023-03595,14-04-2023,Tiruppur,Location_55,14:56,Car,NH,Clear,Drunk drive,4,0,0,Male,19,Yes,Yes,306500,10.18963382,78.40958022
TN-2023-03596,23-01-2023,Vellore,Location_57,02:29,Two Wheeler,NH,Clear,Poor road,4,1,0,Male,42,Yes,Yes,135555,9.217904467,78.92618793
TN-2023-03597,22-09-2023,Tirunelveli,Location_92,12:35,Bus,Urban Street,Cloudy,Drunk drive,4,2,0,Male,64,Yes,Yes,348678,10.24291319,76.11521481
TN-2023-03598,17-10-2023,Tiruppur,Location_71,22:53,Car,NH,Rain,Weather,1,2,0,Female,40,No,Yes,231236,12.55390729,80.0008492
TN-2023-03599,17-09-2023,Chennai,Location_73,07:53,Two Wheeler,Urban Street,Fog,Drunk drive,4,1,0,Male,38,No,Yes,191319,11.84587197,80.28305464
TN-2023-03600,24-12-2023,Coimbatore,Location_86,03:49,Two Wheeler,Urban Street,Rain,Reckless driving,3,2,0,Male,62,Yes,Yes,155835,8.520595657,78.75621091
TN-2023-03601,16-03-2023,Trichy,Location_26,06:42,Two Wheeler,Urban Street,Sunny,Brake failure,1,2,0,Male,42,Yes,Yes,266194,8.311739113,76.52650484
TN-2023-03602,21-12-2023,Chennai,Location_12,03:12,Two Wheeler,NH,Fog,Brake failure,3,3,0,Male,44,Yes,Yes,457326,10.78406039,80.1958527
TN-2023-03603,13-03-2023,Madurai,Location_71,08:08,Bus,Urban Street,Rain,Over speed,5,0,0,Female,28,No,Yes,135392,12.0158853,79.62253194
TN-2023-03604,16-09-2023,Vellore,Location_46,22:20,Bicycle,NH,Sunny,Reckless driving,2,0,0,Male,31,Yes,Yes,420103,11.65468988,76.12846703
TN-2023-03605,07-07-2023,Vellore,Location_47,18:02,Bus,Urban Street,Fog,Poor road,5,2,0,Male,34,No,Yes,431236,12.75263082,78.60620933
TN-2023-03606,22-06-2023,Vellore,Location_79,11:28,Car,NH,Cloudy,Over speed,4,2,0,Male,32,No,Yes,462537,8.732955398,76.51541792
TN-2023-03607,17-10-2023,Erode,Location_38,10:51,Two Wheeler,SH,Sunny,Brake failure,2,3,1,Male,63,Yes,Yes,304995,11.3316395,76.63479878
TN-2023-03608,14-02-2023,Erode,Location_21,10:48,Two Wheeler,SH,Rain,Brake failure,5,1,0,Male,48,Yes,No,306702,12.21308001,76.86629475
TN-2023-03609,02-03-2023,Salem,Location_14,20:13,Auto Rickshaw,Urban Street,Fog,Over speed,1,3,0,Male,51,Yes,Yes,380717,13.15812433,77.78284823
TN-2023-03610,24-03-2023,Thoothukudi,Location_2,15:55,Truck,Rural Road,Sunny,Reckless driving,4,3,0,Female,53,Yes,Yes,357434,8.554856706,79.94372287
TN-2023-03611,03-05-2023,Trichy,Location_72,09:30,Car,Rural Road,Sunny,Weather,5,1,0,Male,57,Yes,Yes,35078,9.318030179,76.13983936
TN-2023-03612,24-12-2023,Tiruppur,Location_70,03:09,Two Wheeler,SH,Cloudy,Drunk drive,2,2,0,Male,61,Yes,Yes,199161,9.950252877,79.10144936
TN-2023-03613,16-01-2023,Tirunelveli,Location_33,19:43,Lorry,Urban Street,Sunny,Weather,3,0,0,Male,30,Yes,Yes,308360,10.97412734,80.34047855
TN-2023-03614,07-03-2023,Chennai,Location_6,08:14,Two Wheeler,Urban Street,Fog,Weather,5,3,0,Female,35,Yes,No,149849,10.24736707,78.8855505
TN-2023-03615,25-05-2023,Thoothukudi,Location_90,08:06,Lorry,Urban Street,Clear,Weather,1,3,0,Male,34,Yes,Yes,345724,12.73614506,79.67022277
TN-2023-03616,11-06-2023,Tirunelveli,Location_37,11:19,Lorry,Rural Road,Fog,Reckless driving,2,0,0,Male,62,No,Yes,278072,13.22789816,80.05797542
TN-2023-03617,22-08-2023,Tiruppur,Location_14,13:21,Two Wheeler,SH,Fog,Weather,5,3,0,Male,61,Yes,Yes,208283,8.385432609,79.21659012
TN-2023-03618,24-05-2023,Thoothukudi,Location_37,15:28,Truck,Urban Street,Cloudy,Drunk drive,3,1,0,Female,56,No,Yes,101610,11.84824348,78.96929259
TN-2023-03619,24-12-2023,Tirunelveli,Location_8,18:54,Bicycle,SH,Cloudy,Poor road,4,0,0,Male,45,No,Yes,253361,8.628503253,76.08085035
TN-2023-03620,07-07-2023,Coimbatore,Location_77,02:42,Truck,SH,Sunny,Over speed,4,0,0,Male,43,Yes,Yes,374807,12.93875335,78.3350009
TN-2023-03621,18-11-2023,Erode,Location_13,22:52,Car,NH,Cloudy,Weather,4,1,0,Male,31,No,Yes,330361,8.781541989,78.11151604
TN-2023-03622,13-01-2023,Tiruppur,Location_40,19:50,Two Wheeler,Rural Road,Sunny,Weather,2,1,0,Female,54,Yes,No,414575,13.45331165,78.35217532
TN-2023-03623,03-07-2023,Trichy,Location_92,07:19,Car,SH,Clear,Over speed,3,0,0,Female,28,Yes,Yes,94688,10.35262617,77.94616176
TN-2023-03624,21-04-2023,Madurai,Location_58,07:57,Two Wheeler,NH,Rain,Over speed,3,1,0,Male,49,Yes,No,346474,10.10065285,80.07950882
TN-2023-03625,17-10-2023,Coimbatore,Location_18,02:41,Two Wheeler,Rural Road,Cloudy,Poor road,5,3,0,Female,41,Yes,Yes,77463,11.22454266,80.0006354
TN-2023-03626,22-10-2023,Erode,Location_57,12:40,Two Wheeler,Urban Street,Cloudy,Brake failure,4,2,0,Male,48,Yes,Yes,373527,10.1689604,76.5656435
TN-2023-03627,03-08-2023,Vellore,Location_83,05:46,Bus,Urban Street,Clear,Poor road,2,3,0,Male,57,No,Yes,208439,9.290814837,78.3980176
TN-2023-03628,30-04-2023,Erode,Location_38,15:04,Two Wheeler,NH,Cloudy,Brake failure,4,1,0,Male,58,No,Yes,115168,11.46029114,80.31801543
TN-2023-03629,24-02-2023,Thoothukudi,Location_32,20:44,Two Wheeler,Urban Street,Clear,Reckless driving,4,3,0,Female,25,Yes,Yes,270183,12.00599979,78.6939887
TN-2023-03630,27-01-2023,Salem,Location_86,18:33,Two Wheeler,NH,Sunny,Drunk drive,5,2,0,Male,56,Yes,Yes,204990,13.19926883,79.60750789
TN-2023-03631,28-04-2023,Coimbatore,Location_66,05:58,Bus,NH,Cloudy,Poor road,5,2,0,Male,25,Yes,Yes,489075,10.25015234,77.6801201
TN-2023-03632,09-08-2023,Vellore,Location_77,00:14,Car,Urban Street,Cloudy,Drunk drive,5,2,2,Male,64,Yes,No,45603,11.88175115,77.69762048
TN-2023-03633,19-08-2023,Thoothukudi,Location_87,14:13,Two Wheeler,Rural Road,Sunny,Over speed,1,1,2,Male,48,Yes,No,278096,12.58481934,77.46559278
TN-2023-03634,22-02-2023,Tiruppur,Location_25,06:04,Truck,NH,Cloudy,Poor road,1,1,2,Male,36,No,Yes,199257,12.57261099,76.09830459
TN-2023-03635,22-10-2023,Trichy,Location_92,19:56,Two Wheeler,Rural Road,Fog,Reckless driving,2,1,0,Male,53,Yes,Yes,40478,8.188485762,80.16183226
TN-2023-03636,17-11-2023,Erode,Location_58,15:16,Car,Rural Road,Clear,Over speed,2,2,0,Male,56,Yes,Yes,286020,9.95636276,77.57338765
TN-2023-03637,21-08-2023,Tiruppur,Location_75,10:46,Lorry,NH,Rain,Reckless driving,5,1,0,Male,49,Yes,Yes,168935,8.073800975,77.6518958
TN-2023-03638,07-06-2023,Vellore,Location_33,19:15,Lorry,Rural Road,Fog,Reckless driving,3,0,0,Female,38,No,Yes,369887,11.07493956,79.41796334
TN-2023-03639,26-09-2023,Thoothukudi,Location_88,02:37,Two Wheeler,NH,Rain,Weather,2,3,0,Male,40,Yes,Yes,296530,12.75799734,78.37101905
TN-2023-03640,21-01-2023,Salem,Location_66,20:22,Auto Rickshaw,Urban Street,Fog,Over speed,1,3,0,Female,53,No,Yes,332923,12.48204918,77.6291897
TN-2023-03641,22-02-2023,Erode,Location_30,12:32,Auto Rickshaw,Urban Street,Fog,Reckless driving,1,0,0,Male,32,Yes,Yes,33284,12.46187265,79.97627843
TN-2023-03642,02-10-2023,Trichy,Location_81,20:45,Car,Urban Street,Fog,Weather,4,1,0,Male,19,No,Yes,472481,9.935097988,79.71420646
TN-2023-03643,09-11-2023,Salem,Location_34,01:33,Car,Urban Street,Clear,Brake failure,5,3,0,Male,29,Yes,Yes,491794,8.254813102,80.39560707
TN-2023-03644,08-10-2023,Tirunelveli,Location_86,14:58,Two Wheeler,Urban Street,Rain,Weather,3,2,0,Male,55,Yes,Yes,9371,8.948297469,78.88459736
TN-2023-03645,02-08-2023,Thoothukudi,Location_69,17:08,Car,Rural Road,Sunny,Brake failure,5,3,0,Female,23,Yes,Yes,203443,11.68880247,79.10543475
TN-2023-03646,31-01-2023,Tiruppur,Location_48,02:35,Two Wheeler,Rural Road,Sunny,Weather,1,3,2,Male,63,No,Yes,402073,8.73613537,77.46024786
TN-2023-03647,03-12-2023,Erode,Location_40,14:04,Lorry,Rural Road,Cloudy,Weather,3,3,0,Male,55,Yes,Yes,45035,8.689306023,76.44810995
TN-2023-03648,02-07-2023,Erode,Location_51,19:19,Two Wheeler,SH,Clear,Drunk drive,2,1,0,Female,18,Yes,No,412043,9.945213815,76.47662531
TN-2023-03649,23-01-2023,Vellore,Location_80,04:09,Bus,SH,Clear,Drunk drive,4,0,0,Female,55,Yes,Yes,475740,8.519941554,78.90673208
TN-2023-03650,01-02-2023,Trichy,Location_13,15:24,Two Wheeler,NH,Clear,Over speed,1,3,0,Male,43,Yes,Yes,493537,9.813812782,76.50972237
TN-2023-03651,15-03-2023,Madurai,Location_90,11:24,Two Wheeler,SH,Fog,Reckless driving,4,2,0,Male,40,Yes,Yes,96789,13.3333096,80.07981955
TN-2023-03652,10-01-2023,Tirunelveli,Location_31,13:21,Two Wheeler,Urban Street,Clear,Drunk drive,5,3,0,Male,18,Yes,Yes,142049,8.109731098,79.16740894
TN-2023-03653,23-02-2023,Salem,Location_39,10:27,Two Wheeler,Urban Street,Sunny,Brake failure,3,1,1,Male,38,Yes,Yes,371988,12.56798544,77.01793033
TN-2023-03654,21-02-2023,Coimbatore,Location_63,18:37,Car,Urban Street,Clear,Drunk drive,5,1,0,Male,36,No,Yes,169441,13.46491915,77.25645247
TN-2023-03655,28-05-2023,Coimbatore,Location_48,09:19,Lorry,NH,Fog,Over speed,4,2,0,Male,46,Yes,Yes,486320,10.40022901,79.19488173
TN-2023-03656,09-06-2023,Erode,Location_87,02:21,Car,NH,Rain,Poor road,1,3,0,Male,43,Yes,Yes,307030,13.18680453,79.70853971
TN-2023-03657,14-01-2023,Vellore,Location_48,14:10,Car,NH,Clear,Brake failure,4,3,0,Male,51,Yes,Yes,364002,9.436296777,79.77743494
TN-2023-03658,27-06-2023,Chennai,Location_61,21:33,Bus,NH,Rain,Poor road,1,2,0,Male,34,Yes,Yes,319808,13.40263516,78.70462227
TN-2023-03659,22-02-2023,Erode,Location_12,05:16,Two Wheeler,Rural Road,Cloudy,Brake failure,4,0,0,Male,35,No,Yes,61790,12.73853221,76.69854394
TN-2023-03660,01-12-2023,Coimbatore,Location_78,17:30,Two Wheeler,NH,Fog,Reckless driving,5,1,0,Male,49,Yes,Yes,198045,12.86583664,79.68261776
TN-2023-03661,22-01-2023,Coimbatore,Location_56,03:54,Two Wheeler,NH,Clear,Reckless driving,4,0,1,Male,21,Yes,Yes,11793,8.717190973,79.56239588
TN-2023-03662,30-01-2023,Tirunelveli,Location_18,08:09,Bus,SH,Cloudy,Reckless driving,2,0,0,Male,47,Yes,Yes,193356,12.7853433,79.75910914
TN-2023-03663,10-07-2023,Tiruppur,Location_27,20:57,Two Wheeler,Rural Road,Cloudy,Over speed,5,3,1,Male,48,No,Yes,262987,13.18002645,76.70948701
TN-2023-03664,17-09-2023,Chennai,Location_28,01:30,Two Wheeler,Urban Street,Rain,Drunk drive,4,2,0,Male,35,No,Yes,309177,12.50476389,79.07960986
TN-2023-03665,24-07-2023,Erode,Location_82,10:42,Car,SH,Sunny,Poor road,4,1,0,Male,22,Yes,Yes,481771,8.502502128,80.3210977
TN-2023-03666,28-02-2023,Tirunelveli,Location_80,10:32,Truck,NH,Sunny,Poor road,3,0,0,Male,49,Yes,Yes,193687,8.466271478,77.15227714
TN-2023-03667,21-09-2023,Vellore,Location_52,13:00,Car,Urban Street,Sunny,Drunk drive,5,0,0,Male,46,No,Yes,207719,9.966832965,79.22527612
TN-2023-03668,12-01-2023,Tirunelveli,Location_16,20:22,Lorry,Urban Street,Sunny,Over speed,3,3,0,Male,29,Yes,Yes,422674,11.87709117,77.16512844
TN-2023-03669,29-04-2023,Erode,Location_77,08:55,Bus,Urban Street,Fog,Drunk drive,5,3,0,Male,32,Yes,Yes,336622,8.068490555,77.38193384
TN-2023-03670,17-10-2023,Thoothukudi,Location_58,00:20,Car,SH,Clear,Weather,1,3,0,Male,32,No,Yes,211306,13.2285516,78.18370634
TN-2023-03671,04-12-2023,Madurai,Location_93,21:53,Bus,Rural Road,Clear,Weather,5,2,0,Male,52,Yes,Yes,192331,10.88997096,80.0272932
TN-2023-03672,05-09-2023,Erode,Location_9,03:00,Lorry,Rural Road,Fog,Reckless driving,5,1,0,Male,52,Yes,Yes,338270,9.971048435,76.17397815
TN-2023-03673,20-12-2023,Trichy,Location_26,18:09,Two Wheeler,Urban Street,Rain,Weather,4,1,0,Male,60,Yes,Yes,148682,11.08675911,80.4533859
TN-2023-03674,07-05-2023,Coimbatore,Location_28,14:51,Two Wheeler,NH,Clear,Poor road,2,3,0,Male,31,Yes,No,244379,11.93682408,79.47434717
TN-2023-03675,16-03-2023,Chennai,Location_77,03:28,Two Wheeler,Rural Road,Cloudy,Reckless driving,5,0,1,Male,56,No,No,463944,9.503034983,77.61900504
TN-2023-03676,27-12-2023,Chennai,Location_36,19:45,Car,Rural Road,Clear,Poor road,3,3,0,Male,35,Yes,No,103811,9.60118006,77.59372092
TN-2023-03677,23-07-2023,Tiruppur,Location_9,04:28,Auto Rickshaw,NH,Fog,Over speed,2,3,0,Male,55,Yes,Yes,331944,10.57497267,78.17341556
TN-2023-03678,18-02-2023,Madurai,Location_47,14:46,Two Wheeler,SH,Rain,Brake failure,5,2,0,Male,39,No,Yes,235537,11.684619,79.93965346
TN-2023-03679,20-03-2023,Trichy,Location_78,15:15,Two Wheeler,SH,Clear,Drunk drive,2,3,0,Female,55,Yes,Yes,264051,11.88503684,76.08062803
TN-2023-03680,29-08-2023,Coimbatore,Location_51,03:24,Auto Rickshaw,NH,Fog,Brake failure,1,1,0,Female,28,No,Yes,115018,9.782311517,78.46712343
TN-2023-03681,15-12-2023,Chennai,Location_76,08:00,Car,SH,Cloudy,Poor road,2,3,0,Male,20,No,Yes,45246,9.773703577,76.252389
TN-2023-03682,03-06-2023,Trichy,Location_57,04:40,Car,Urban Street,Sunny,Drunk drive,1,1,0,Male,31,Yes,Yes,336679,10.6790981,76.52020336
TN-2023-03683,01-10-2023,Tirunelveli,Location_32,19:04,Auto Rickshaw,Rural Road,Cloudy,Poor road,2,0,0,Male,61,Yes,Yes,455092,10.98056935,79.10799639
TN-2023-03684,06-04-2023,Tiruppur,Location_67,03:28,Car,SH,Cloudy,Over speed,2,1,0,Female,42,No,Yes,126018,11.57177774,77.05438998
TN-2023-03685,02-08-2023,Erode,Location_57,15:33,Bus,Urban Street,Rain,Reckless driving,3,1,0,Male,31,Yes,Yes,126701,11.39740325,76.18717662
TN-2023-03686,21-10-2023,Erode,Location_54,15:17,Two Wheeler,Urban Street,Clear,Drunk drive,3,3,0,Male,64,Yes,Yes,306342,10.04884836,76.73906776
TN-2023-03687,28-07-2023,Thoothukudi,Location_16,01:15,Two Wheeler,Urban Street,Sunny,Poor road,4,1,0,Female,48,No,Yes,418140,9.632877346,76.93887138
TN-2023-03688,09-12-2023,Coimbatore,Location_62,00:15,Two Wheeler,Urban Street,Fog,Weather,2,1,0,Male,42,Yes,Yes,386399,9.693566551,79.46401898
TN-2023-03689,29-03-2023,Trichy,Location_84,02:46,Car,Urban Street,Sunny,Weather,1,0,0,Male,58,Yes,Yes,6658,11.54970582,78.81215859
TN-2023-03690,02-11-2023,Salem,Location_96,10:41,Truck,NH,Clear,Poor road,2,1,0,Female,36,No,Yes,138207,10.38231155,79.30805806
TN-2023-03691,21-09-2023,Chennai,Location_56,16:03,Truck,Rural Road,Rain,Brake failure,5,1,0,Female,29,Yes,Yes,238907,8.738921493,77.66420026
TN-2023-03692,21-11-2023,Vellore,Location_23,16:03,Auto Rickshaw,Rural Road,Clear,Reckless driving,1,3,1,Male,24,Yes,Yes,164881,8.032576825,76.50909748
TN-2023-03693,16-11-2023,Vellore,Location_17,18:24,Two Wheeler,NH,Fog,Over speed,5,2,0,Male,31,No,Yes,436877,8.163225502,79.62380547
TN-2023-03694,06-06-2023,Erode,Location_80,00:13,Truck,NH,Sunny,Over speed,4,3,0,Male,46,Yes,Yes,189027,12.77133991,76.63183077
TN-2023-03695,05-06-2023,Salem,Location_38,10:24,Bus,Urban Street,Cloudy,Poor road,5,0,0,Male,64,Yes,Yes,479752,10.51804966,77.72206795
TN-2023-03696,19-05-2023,Vellore,Location_72,06:48,Two Wheeler,SH,Clear,Over speed,4,3,0,Male,31,Yes,Yes,41601,11.61584962,77.18025209
TN-2023-03697,01-05-2023,Madurai,Location_83,03:09,Bus,Rural Road,Rain,Drunk drive,4,1,1,Male,40,No,Yes,167670,13.10970623,77.33440684
TN-2023-03698,06-03-2023,Madurai,Location_30,16:35,Two Wheeler,SH,Rain,Over speed,4,2,0,Female,31,Yes,Yes,117557,8.694539197,78.70835498
TN-2023-03699,17-04-2023,Coimbatore,Location_58,18:17,Two Wheeler,Rural Road,Sunny,Weather,5,3,0,Female,40,Yes,Yes,215283,10.46188742,76.73958469
TN-2023-03700,27-05-2023,Salem,Location_98,16:05,Lorry,Urban Street,Cloudy,Poor road,4,3,0,Male,25,Yes,Yes,187089,10.96487068,78.00643251
TN-2023-03701,17-05-2023,Madurai,Location_78,06:37,Car,SH,Fog,Drunk drive,4,0,1,Female,30,Yes,No,377584,12.62844199,78.87409776
TN-2023-03702,11-06-2023,Madurai,Location_22,11:40,Two Wheeler,Rural Road,Cloudy,Over speed,3,1,1,Male,53,Yes,Yes,278309,13.46545134,79.91010939
TN-2023-03703,10-04-2023,Erode,Location_17,17:33,Car,Rural Road,Sunny,Weather,2,3,2,Male,61,Yes,Yes,407254,11.91423168,77.67052384
TN-2023-03704,04-12-2023,Vellore,Location_15,16:52,Auto Rickshaw,Urban Street,Cloudy,Reckless driving,4,3,0,Male,18,No,Yes,411989,11.53008757,77.43411302
TN-2023-03705,03-11-2023,Coimbatore,Location_48,00:22,Car,SH,Sunny,Brake failure,1,2,0,Male,54,Yes,No,243526,13.06171891,77.65531251
TN-2023-03706,21-05-2023,Trichy,Location_32,08:05,Two Wheeler,Urban Street,Cloudy,Over speed,1,0,0,Female,43,No,Yes,40671,12.60559502,78.25358682
TN-2023-03707,24-03-2023,Tirunelveli,Location_77,01:37,Two Wheeler,SH,Clear,Weather,3,1,0,Male,21,Yes,Yes,75718,12.7577429,77.40892567
TN-2023-03708,26-06-2023,Chennai,Location_85,08:02,Two Wheeler,SH,Rain,Reckless driving,5,3,0,Male,33,Yes,Yes,341969,8.014881486,77.12703429
TN-2023-03709,17-07-2023,Chennai,Location_40,15:24,Truck,Rural Road,Sunny,Reckless driving,5,2,0,Male,42,No,Yes,141665,10.8293765,77.68886391
TN-2023-03710,22-04-2023,Tiruppur,Location_97,14:28,Two Wheeler,NH,Sunny,Weather,5,3,0,Male,36,Yes,Yes,111368,12.30500712,79.50023169
TN-2023-03711,25-02-2023,Tirunelveli,Location_57,11:54,Car,SH,Rain,Weather,4,3,0,Male,37,Yes,Yes,167173,8.998014174,77.13766654
TN-2023-03712,28-06-2023,Tirunelveli,Location_58,07:25,Car,SH,Fog,Weather,5,0,0,Female,43,Yes,Yes,319387,12.1329876,79.80083335
TN-2023-03713,05-07-2023,Chennai,Location_91,05:34,Auto Rickshaw,Urban Street,Sunny,Brake failure,5,2,0,Male,49,No,Yes,276388,8.050380834,77.28297944
TN-2023-03714,06-08-2023,Chennai,Location_99,22:03,Car,SH,Clear,Poor road,2,2,0,Male,20,Yes,Yes,395305,11.1634168,78.71384604
TN-2023-03715,12-11-2023,Trichy,Location_16,09:13,Bus,SH,Cloudy,Weather,4,1,0,Male,24,Yes,Yes,7753,12.68230466,80.36939327
TN-2023-03716,05-08-2023,Salem,Location_28,20:55,Two Wheeler,SH,Clear,Poor road,4,3,0,Male,49,Yes,Yes,301641,10.37241597,80.28306787
TN-2023-03717,30-04-2023,Salem,Location_98,14:38,Two Wheeler,SH,Sunny,Reckless driving,1,2,0,Female,22,No,Yes,379401,12.0669889,77.95584849
TN-2023-03718,24-06-2023,Trichy,Location_1,06:07,Truck,SH,Fog,Brake failure,1,3,0,Female,38,No,Yes,383823,10.91719268,76.30382096
TN-2023-03719,23-01-2023,Vellore,Location_41,09:50,Truck,NH,Sunny,Reckless driving,2,3,0,Male,47,Yes,Yes,42685,11.56010038,80.06182921
TN-2023-03720,01-08-2023,Tirunelveli,Location_48,18:01,Truck,Rural Road,Fog,Brake failure,3,1,0,Male,37,Yes,Yes,402144,10.84167354,76.57112192
TN-2023-03721,23-08-2023,Thoothukudi,Location_31,14:00,Truck,SH,Rain,Reckless driving,4,1,0,Male,46,No,Yes,333977,10.61710209,80.15597155
TN-2023-03722,13-01-2023,Tirunelveli,Location_36,09:37,Lorry,Urban Street,Cloudy,Drunk drive,1,2,0,Female,41,No,Yes,342644,12.62894619,79.29683773
TN-2023-03723,11-04-2023,Tiruppur,Location_33,21:12,Bus,Urban Street,Clear,Drunk drive,5,3,1,Male,18,Yes,Yes,378021,8.510087521,80.20407604
TN-2023-03724,24-01-2023,Chennai,Location_33,09:43,Auto Rickshaw,SH,Fog,Weather,4,2,0,Male,60,Yes,Yes,301199,11.21558207,78.99426315
TN-2023-03725,30-12-2023,Tirunelveli,Location_82,05:37,Car,SH,Clear,Poor road,4,3,0,Male,42,No,Yes,69237,8.631457683,80.47800704
TN-2023-03726,11-01-2023,Chennai,Location_23,00:43,Two Wheeler,SH,Rain,Reckless driving,4,2,0,Male,44,Yes,Yes,115236,11.09544351,78.10150756
TN-2023-03727,30-09-2023,Tirunelveli,Location_60,22:22,Two Wheeler,NH,Sunny,Brake failure,1,2,0,Male,42,Yes,Yes,159674,13.29977823,77.48329678
TN-2023-03728,08-10-2023,Tiruppur,Location_87,09:56,Truck,Rural Road,Fog,Over speed,2,3,0,Male,38,Yes,Yes,430079,8.314038401,77.76990381
TN-2023-03729,04-04-2023,Vellore,Location_79,13:14,Two Wheeler,Urban Street,Cloudy,Drunk drive,1,0,1,Female,34,No,No,44780,10.32103742,77.57630019
TN-2023-03730,20-07-2023,Thoothukudi,Location_90,22:55,Auto Rickshaw,NH,Fog,Drunk drive,5,1,0,Female,45,Yes,Yes,450905,12.4108416,77.80358778
TN-2023-03731,21-01-2023,Madurai,Location_30,03:56,Two Wheeler,NH,Sunny,Reckless driving,5,3,0,Male,49,Yes,Yes,310801,10.03330363,79.98340948
TN-2023-03732,06-12-2023,Trichy,Location_89,00:07,Two Wheeler,SH,Sunny,Over speed,3,2,0,Female,61,Yes,Yes,346647,10.86173122,78.66427511
TN-2023-03733,30-07-2023,Trichy,Location_45,02:13,Two Wheeler,Rural Road,Cloudy,Poor road,1,0,0,Male,51,Yes,Yes,194048,8.630892938,79.26564064
TN-2023-03734,20-05-2023,Thoothukudi,Location_80,16:33,Two Wheeler,SH,Cloudy,Poor road,1,2,0,Male,39,Yes,Yes,422329,9.226903014,77.29542967
TN-2023-03735,20-10-2023,Tirunelveli,Location_39,14:05,Two Wheeler,Urban Street,Rain,Poor road,3,0,0,Male,59,Yes,Yes,389552,11.77533863,80.45441807
TN-2023-03736,25-10-2023,Madurai,Location_45,04:45,Two Wheeler,Rural Road,Clear,Weather,3,3,0,Male,36,Yes,No,180849,12.55723155,77.26330634
TN-2023-03737,11-04-2023,Tiruppur,Location_78,18:40,Auto Rickshaw,SH,Fog,Weather,4,1,2,Female,25,Yes,Yes,296381,11.55550992,76.71561316
TN-2023-03738,31-10-2023,Salem,Location_81,07:28,Two Wheeler,Urban Street,Rain,Reckless driving,4,2,0,Male,19,Yes,Yes,494259,12.60306484,79.50187563
TN-2023-03739,25-12-2023,Tirunelveli,Location_12,02:17,Two Wheeler,NH,Clear,Over speed,5,0,0,Female,22,Yes,Yes,372931,11.33111607,79.77583901
TN-2023-03740,28-01-2023,Vellore,Location_93,07:47,Two Wheeler,Urban Street,Rain,Reckless driving,2,0,0,Male,45,No,Yes,353484,12.45614515,77.7720787
TN-2023-03741,10-02-2023,Chennai,Location_32,14:52,Bus,Urban Street,Cloudy,Brake failure,5,1,2,Male,21,No,Yes,257750,13.40587741,78.43482302
TN-2023-03742,21-12-2023,Coimbatore,Location_56,14:15,Car,Urban Street,Cloudy,Over speed,1,2,0,Male,53,Yes,Yes,394142,8.455536038,77.86357593
TN-2023-03743,30-10-2023,Tirunelveli,Location_24,00:09,Car,Rural Road,Sunny,Brake failure,2,3,0,Female,18,No,Yes,201830,10.63807297,77.3226488
TN-2023-03744,26-05-2023,Coimbatore,Location_13,18:36,Two Wheeler,NH,Fog,Over speed,4,3,0,Male,32,No,Yes,240101,9.044409665,79.66019664
TN-2023-03745,13-09-2023,Tirunelveli,Location_20,17:02,Two Wheeler,Rural Road,Fog,Weather,3,2,1,Male,30,No,Yes,26267,10.55875701,79.4066681
TN-2023-03746,15-08-2023,Thoothukudi,Location_79,03:03,Bus,NH,Fog,Poor road,3,1,0,Female,48,Yes,Yes,103342,10.7477271,78.18397883
TN-2023-03747,24-08-2023,Coimbatore,Location_56,10:40,Lorry,SH,Rain,Drunk drive,5,1,0,Male,34,No,Yes,326282,11.42056702,78.04997915
TN-2023-03748,27-12-2023,Tirunelveli,Location_53,00:27,Two Wheeler,SH,Rain,Over speed,1,1,0,Male,23,Yes,Yes,431754,10.41613893,76.81073663
TN-2023-03749,13-01-2023,Trichy,Location_68,15:08,Car,Urban Street,Fog,Over speed,1,0,1,Male,41,Yes,No,409382,9.785918353,78.86773012
TN-2023-03750,29-07-2023,Coimbatore,Location_54,10:05,Two Wheeler,Urban Street,Sunny,Drunk drive,3,0,0,Male,30,Yes,Yes,139406,8.237425625,80.15654984
TN-2023-03751,17-08-2023,Tirunelveli,Location_34,16:26,Two Wheeler,Rural Road,Clear,Over speed,5,1,0,Female,38,Yes,Yes,236808,8.191364435,79.23479752
TN-2023-03752,10-04-2023,Salem,Location_28,11:21,Bus,NH,Rain,Poor road,5,2,0,Female,41,Yes,No,119359,8.962545935,78.27821722
TN-2023-03753,31-01-2023,Chennai,Location_50,07:47,Car,NH,Fog,Reckless driving,4,3,0,Male,39,Yes,Yes,43298,10.46942525,76.17396329
TN-2023-03754,16-01-2023,Salem,Location_2,04:20,Two Wheeler,NH,Cloudy,Drunk drive,4,0,0,Male,46,No,Yes,329593,10.2963382,80.1862728
TN-2023-03755,17-05-2023,Madurai,Location_94,00:16,Two Wheeler,Urban Street,Rain,Drunk drive,4,1,0,Female,41,Yes,Yes,194120,9.048825217,77.38619952
TN-2023-03756,25-11-2023,Tirunelveli,Location_26,20:39,Truck,Urban Street,Clear,Poor road,2,0,0,Female,61,Yes,Yes,17869,12.52286764,77.34978634
TN-2023-03757,15-06-2023,Erode,Location_51,09:17,Auto Rickshaw,NH,Rain,Poor road,5,0,0,Male,29,Yes,No,485723,11.75921266,78.11318224
TN-2023-03758,06-11-2023,Vellore,Location_47,14:51,Auto Rickshaw,Urban Street,Clear,Drunk drive,5,1,0,Male,37,Yes,Yes,131630,9.887407399,77.93124665
TN-2023-03759,10-04-2023,Salem,Location_26,12:26,Car,NH,Clear,Poor road,4,2,0,Female,59,No,Yes,320499,12.38332154,80.33057274
TN-2023-03760,19-04-2023,Coimbatore,Location_84,09:31,Car,Rural Road,Rain,Reckless driving,3,3,0,Male,51,Yes,Yes,38978,13.44085248,76.74253355
TN-2023-03761,09-12-2023,Thoothukudi,Location_92,08:44,Two Wheeler,SH,Clear,Poor road,4,2,0,Female,32,Yes,Yes,142473,9.347733331,79.1010497
TN-2023-03762,22-06-2023,Vellore,Location_84,02:21,Two Wheeler,NH,Rain,Reckless driving,2,0,0,Male,21,Yes,Yes,169603,9.994244482,76.48043439
TN-2023-03763,25-08-2023,Erode,Location_75,22:02,Two Wheeler,Urban Street,Rain,Poor road,3,2,0,Male,31,Yes,Yes,316214,13.46094039,77.2460391
TN-2023-03764,11-06-2023,Tiruppur,Location_74,00:01,Car,Rural Road,Sunny,Drunk drive,5,2,0,Male,18,Yes,Yes,333031,8.758354142,79.2496173
TN-2023-03765,04-08-2023,Tirunelveli,Location_61,10:45,Two Wheeler,Urban Street,Cloudy,Over speed,2,3,0,Male,50,Yes,Yes,297346,8.424532698,79.61819545
TN-2023-03766,21-09-2023,Thoothukudi,Location_23,09:38,Auto Rickshaw,Urban Street,Clear,Brake failure,2,1,0,Male,64,Yes,Yes,79003,10.86545138,78.11016031
TN-2023-03767,20-09-2023,Tirunelveli,Location_37,22:32,Two Wheeler,Urban Street,Rain,Drunk drive,3,1,0,Male,60,No,No,303467,10.57636007,79.55205299
TN-2023-03768,19-10-2023,Madurai,Location_41,06:14,Two Wheeler,NH,Clear,Brake failure,4,1,0,Male,46,No,Yes,341154,8.430588108,80.20807173
TN-2023-03769,01-10-2023,Erode,Location_52,10:37,Two Wheeler,Rural Road,Rain,Poor road,4,2,0,Male,27,Yes,Yes,451035,9.595198127,80.21104346
TN-2023-03770,03-01-2023,Tirunelveli,Location_83,21:38,Two Wheeler,NH,Rain,Poor road,1,2,0,Male,53,No,Yes,442010,10.30415165,77.54113505
TN-2023-03771,28-01-2023,Coimbatore,Location_82,06:00,Two Wheeler,SH,Rain,Over speed,3,3,0,Female,31,No,Yes,277054,12.52215292,77.40462929
TN-2023-03772,22-11-2023,Madurai,Location_49,09:20,Two Wheeler,NH,Cloudy,Poor road,4,1,0,Female,39,Yes,Yes,169158,11.89313295,79.26900093
TN-2023-03773,29-05-2023,Trichy,Location_27,14:29,Two Wheeler,SH,Clear,Brake failure,2,3,0,Male,50,No,Yes,390748,13.02989651,78.94342526
TN-2023-03774,28-01-2023,Tiruppur,Location_6,07:23,Car,Rural Road,Cloudy,Drunk drive,4,3,0,Female,45,No,Yes,487858,9.828749653,77.76519299
TN-2023-03775,06-11-2023,Erode,Location_74,18:02,Car,Rural Road,Cloudy,Drunk drive,4,2,0,Female,24,No,Yes,230747,9.701581324,77.02902987
TN-2023-03776,06-03-2023,Chennai,Location_66,22:14,Two Wheeler,NH,Cloudy,Reckless driving,2,1,0,Male,53,Yes,Yes,252428,10.54749935,78.78294349
TN-2023-03777,22-12-2023,Thoothukudi,Location_24,03:05,Car,NH,Cloudy,Over speed,3,0,0,Male,53,Yes,Yes,9470,8.041404753,77.93607547
TN-2023-03778,21-01-2023,Salem,Location_38,09:49,Car,Urban Street,Sunny,Brake failure,1,0,0,Male,58,No,Yes,115483,9.140260484,76.59451049
TN-2023-03779,09-09-2023,Tirunelveli,Location_28,15:17,Two Wheeler,SH,Clear,Poor road,4,2,0,Female,51,Yes,Yes,49747,9.163091106,78.87661938
TN-2023-03780,23-08-2023,Thoothukudi,Location_28,05:18,Auto Rickshaw,Urban Street,Clear,Weather,4,2,0,Male,54,Yes,Yes,330231,8.335995182,79.13953485
TN-2023-03781,15-08-2023,Thoothukudi,Location_66,16:49,Car,Urban Street,Rain,Over speed,4,2,0,Male,23,Yes,Yes,393284,10.50321879,77.63904405
TN-2023-03782,13-01-2023,Chennai,Location_61,12:38,Two Wheeler,Rural Road,Clear,Over speed,3,2,1,Male,52,Yes,Yes,229445,12.98036113,79.74379483
TN-2023-03783,09-11-2023,Chennai,Location_46,19:11,Truck,NH,Cloudy,Weather,2,0,1,Male,44,Yes,Yes,100305,8.022167291,76.33152887
TN-2023-03784,18-02-2023,Madurai,Location_69,01:58,Auto Rickshaw,Rural Road,Fog,Drunk drive,2,1,0,Male,47,Yes,No,448892,11.45628067,78.23159401
TN-2023-03785,28-04-2023,Erode,Location_75,11:43,Bicycle,NH,Clear,Reckless driving,2,3,0,Male,49,Yes,Yes,432710,12.83632995,80.30350513
TN-2023-03786,23-02-2023,Coimbatore,Location_74,03:35,Bus,Rural Road,Fog,Drunk drive,2,0,1,Male,36,Yes,Yes,379565,8.591366064,76.85708412
TN-2023-03787,18-05-2023,Tiruppur,Location_43,17:47,Two Wheeler,Rural Road,Sunny,Drunk drive,2,1,0,Male,39,Yes,Yes,499683,13.04492056,76.77545909
TN-2023-03788,22-02-2023,Chennai,Location_59,13:16,Two Wheeler,Rural Road,Rain,Weather,2,2,0,Male,38,Yes,Yes,77331,12.50186904,77.70413509
TN-2023-03789,13-02-2023,Chennai,Location_2,16:02,Bus,SH,Rain,Poor road,4,3,0,Male,22,Yes,Yes,273902,9.180142397,77.20637819
TN-2023-03790,30-10-2023,Salem,Location_15,05:22,Bicycle,Rural Road,Rain,Poor road,4,1,0,Male,38,Yes,Yes,271953,12.97938967,76.99690027
TN-2023-03791,22-02-2023,Trichy,Location_37,12:08,Car,SH,Sunny,Reckless driving,2,1,0,Male,58,Yes,Yes,38007,12.42208682,80.27429378
TN-2023-03792,15-03-2023,Chennai,Location_71,20:40,Auto Rickshaw,Rural Road,Cloudy,Reckless driving,2,3,0,Male,37,Yes,Yes,415210,8.612640011,77.55181498
TN-2023-03793,15-02-2023,Trichy,Location_20,07:16,Two Wheeler,NH,Fog,Brake failure,3,1,2,Female,55,Yes,Yes,129719,12.56829696,76.26927134
TN-2023-03794,13-01-2023,Madurai,Location_98,15:15,Two Wheeler,SH,Clear,Brake failure,3,1,0,Female,48,No,Yes,410739,10.98200616,80.04901772
TN-2023-03795,14-06-2023,Coimbatore,Location_35,18:55,Auto Rickshaw,NH,Cloudy,Drunk drive,5,3,0,Male,54,No,Yes,495727,12.4877795,78.01710721
TN-2023-03796,12-04-2023,Thoothukudi,Location_34,15:56,Lorry,NH,Rain,Weather,4,3,0,Male,23,Yes,Yes,218220,11.39715748,79.31173793
TN-2023-03797,07-10-2023,Chennai,Location_86,13:51,Bicycle,NH,Rain,Reckless driving,2,0,0,Male,48,Yes,Yes,75544,10.15521355,77.65306261
TN-2023-03798,15-09-2023,Tirunelveli,Location_31,13:13,Lorry,SH,Cloudy,Over speed,4,2,1,Male,64,No,Yes,128635,11.30627258,80.20826067
TN-2023-03799,03-12-2023,Trichy,Location_87,13:43,Two Wheeler,Urban Street,Fog,Poor road,5,2,0,Female,60,Yes,Yes,241250,11.49899407,77.29510115
TN-2023-03800,22-12-2023,Salem,Location_19,05:19,Car,SH,Cloudy,Weather,3,1,0,Male,41,Yes,Yes,259259,12.21413381,78.98244989
TN-2023-03801,18-05-2023,Tiruppur,Location_68,12:47,Auto Rickshaw,Urban Street,Sunny,Reckless driving,5,2,0,Male,35,Yes,Yes,266677,12.56874967,79.70955216
TN-2023-03802,12-06-2023,Salem,Location_24,08:33,Car,SH,Rain,Brake failure,1,0,0,Male,46,Yes,Yes,249791,11.64765868,77.07069753
TN-2023-03803,21-04-2023,Chennai,Location_84,21:58,Two Wheeler,Rural Road,Fog,Reckless driving,3,1,0,Female,29,Yes,Yes,161956,13.44306515,79.60679879
TN-2023-03804,12-04-2023,Erode,Location_39,02:09,Two Wheeler,Urban Street,Clear,Poor road,4,2,0,Male,29,Yes,Yes,491617,12.28203016,79.56524205
TN-2023-03805,17-01-2023,Thoothukudi,Location_92,19:01,Car,Rural Road,Rain,Reckless driving,3,2,0,Male,46,Yes,No,334032,13.00920749,80.33900621
TN-2023-03806,25-09-2023,Coimbatore,Location_54,09:39,Two Wheeler,Urban Street,Cloudy,Poor road,5,1,0,Male,24,Yes,Yes,352314,9.757218834,80.15265362
TN-2023-03807,01-07-2023,Tirunelveli,Location_39,16:57,Bus,SH,Fog,Weather,2,3,0,Male,33,Yes,Yes,199686,9.739250877,77.74873926
TN-2023-03808,24-01-2023,Erode,Location_17,21:32,Two Wheeler,SH,Rain,Reckless driving,5,0,0,Female,29,Yes,Yes,199507,9.992842919,78.65744689
TN-2023-03809,29-01-2023,Salem,Location_19,05:38,Two Wheeler,Urban Street,Clear,Reckless driving,5,1,0,Male,38,Yes,Yes,458866,10.41843959,80.16382445
TN-2023-03810,20-06-2023,Trichy,Location_48,14:17,Lorry,Rural Road,Clear,Brake failure,2,1,0,Male,21,Yes,No,497441,13.28770074,76.01969053
TN-2023-03811,16-08-2023,Trichy,Location_35,08:07,Car,NH,Cloudy,Weather,4,2,0,Female,59,Yes,Yes,34920,8.404421706,78.82307564
TN-2023-03812,07-07-2023,Erode,Location_32,09:03,Auto Rickshaw,Urban Street,Sunny,Over speed,4,3,1,Female,34,Yes,Yes,464487,10.74143969,76.9691358
TN-2023-03813,12-12-2023,Trichy,Location_47,19:27,Two Wheeler,Urban Street,Cloudy,Poor road,3,2,0,Male,45,Yes,Yes,352466,8.886382869,79.32444705
TN-2023-03814,18-08-2023,Salem,Location_47,07:00,Truck,Rural Road,Fog,Weather,5,1,0,Male,48,No,Yes,70532,12.45991351,79.58411361
TN-2023-03815,17-11-2023,Erode,Location_64,07:54,Two Wheeler,NH,Cloudy,Weather,3,1,0,Female,64,Yes,Yes,328612,8.171293474,79.20831657
TN-2023-03816,06-12-2023,Salem,Location_46,11:22,Two Wheeler,Urban Street,Fog,Over speed,2,2,0,Female,25,No,Yes,52290,10.50329341,80.48235101
TN-2023-03817,29-04-2023,Tirunelveli,Location_35,14:12,Auto Rickshaw,NH,Sunny,Weather,1,3,0,Female,63,Yes,Yes,420495,10.17107563,78.15665932
TN-2023-03818,05-06-2023,Thoothukudi,Location_94,15:25,Lorry,NH,Cloudy,Poor road,4,1,0,Male,43,Yes,Yes,180896,8.506995445,78.52605465
TN-2023-03819,29-09-2023,Tiruppur,Location_17,22:30,Two Wheeler,SH,Clear,Drunk drive,2,0,0,Female,57,Yes,Yes,240219,10.07195423,77.8404659
TN-2023-03820,24-06-2023,Tirunelveli,Location_42,17:00,Bicycle,Rural Road,Fog,Drunk drive,4,3,0,Male,63,Yes,No,343068,12.44966774,80.38292419
TN-2023-03821,14-04-2023,Tirunelveli,Location_29,16:15,Car,Urban Street,Fog,Brake failure,3,1,0,Male,48,Yes,No,401579,8.756110594,80.15240358
TN-2023-03822,02-04-2023,Trichy,Location_70,22:36,Truck,Urban Street,Clear,Over speed,1,3,0,Male,36,No,Yes,229988,13.40928166,80.43986551
TN-2023-03823,05-07-2023,Chennai,Location_17,19:52,Car,NH,Cloudy,Brake failure,5,3,0,Male,24,Yes,Yes,132058,8.321498898,80.43201041
TN-2023-03824,10-10-2023,Vellore,Location_81,09:57,Car,Urban Street,Sunny,Drunk drive,4,0,0,Male,22,Yes,Yes,71713,9.590065252,80.02955553
TN-2023-03825,30-06-2023,Trichy,Location_14,05:43,Two Wheeler,NH,Rain,Over speed,5,1,0,Male,30,Yes,Yes,228011,12.26194513,80.18894888
TN-2023-03826,19-06-2023,Chennai,Location_24,09:53,Two Wheeler,Urban Street,Cloudy,Weather,3,3,0,Male,35,Yes,Yes,124768,9.966367056,76.53946528
TN-2023-03827,06-07-2023,Salem,Location_57,16:33,Car,Rural Road,Cloudy,Weather,4,1,0,Male,35,Yes,Yes,120606,10.64194419,76.78087616
TN-2023-03828,24-06-2023,Vellore,Location_50,18:51,Car,Urban Street,Fog,Poor road,3,1,0,Female,37,Yes,Yes,73581,9.026621813,79.98334411
TN-2023-03829,10-08-2023,Trichy,Location_57,05:27,Two Wheeler,NH,Fog,Reckless driving,5,3,0,Male,40,Yes,Yes,46435,11.93522735,79.27060208
TN-2023-03830,21-08-2023,Vellore,Location_61,12:40,Two Wheeler,NH,Sunny,Drunk drive,3,2,0,Male,53,No,Yes,295472,8.987478871,79.9374492
TN-2023-03831,11-06-2023,Vellore,Location_39,11:49,Two Wheeler,Urban Street,Sunny,Weather,3,3,2,Male,57,Yes,Yes,496850,12.66802103,79.46515082
TN-2023-03832,14-05-2023,Madurai,Location_55,07:56,Auto Rickshaw,Urban Street,Sunny,Over speed,3,2,0,Female,50,Yes,Yes,224051,10.9672475,76.62812599
TN-2023-03833,12-08-2023,Thoothukudi,Location_96,17:56,Car,NH,Clear,Reckless driving,2,2,0,Male,24,Yes,No,135353,11.01486256,80.12454566
TN-2023-03834,02-06-2023,Madurai,Location_36,22:56,Lorry,SH,Rain,Reckless driving,2,2,0,Female,57,Yes,Yes,71003,13.13431376,79.47052836
TN-2023-03835,02-02-2023,Chennai,Location_37,21:01,Truck,SH,Rain,Weather,4,2,0,Male,22,Yes,Yes,380560,12.2514977,78.56862789
TN-2023-03836,24-02-2023,Coimbatore,Location_14,07:41,Car,Urban Street,Sunny,Brake failure,3,3,0,Male,49,No,Yes,416351,12.08726718,78.39562706
TN-2023-03837,07-01-2023,Erode,Location_27,08:55,Bicycle,Rural Road,Fog,Brake failure,3,2,1,Female,26,Yes,Yes,218678,12.71922091,78.58209404
TN-2023-03838,01-09-2023,Tiruppur,Location_83,17:07,Two Wheeler,Urban Street,Rain,Brake failure,3,1,0,Male,47,Yes,Yes,402480,8.504995061,77.75687624
TN-2023-03839,09-11-2023,Coimbatore,Location_31,18:02,Two Wheeler,Rural Road,Cloudy,Reckless driving,2,3,0,Male,49,Yes,Yes,61588,11.993244,79.61448703
TN-2023-03840,06-05-2023,Erode,Location_73,08:12,Two Wheeler,Urban Street,Clear,Brake failure,5,0,0,Male,56,No,Yes,162369,9.282643522,80.09057875
TN-2023-03841,12-01-2023,Chennai,Location_81,08:30,Car,NH,Fog,Brake failure,3,2,1,Female,21,Yes,Yes,78665,9.545204874,77.1381176
TN-2023-03842,16-01-2023,Chennai,Location_83,19:43,Auto Rickshaw,Urban Street,Clear,Reckless driving,1,3,0,Female,42,Yes,Yes,495832,8.083303755,76.17121243
TN-2023-03843,27-07-2023,Salem,Location_44,22:44,Car,Rural Road,Cloudy,Poor road,4,2,2,Male,39,Yes,No,227961,12.91546585,76.91317332
TN-2023-03844,12-02-2023,Tiruppur,Location_68,07:46,Two Wheeler,Rural Road,Rain,Brake failure,2,1,0,Male,25,Yes,Yes,204865,12.06512113,79.40802389
TN-2023-03845,15-05-2023,Thoothukudi,Location_48,12:52,Bus,Urban Street,Clear,Poor road,5,2,0,Female,19,Yes,Yes,77410,8.766079221,79.90780474
TN-2023-03846,16-08-2023,Vellore,Location_57,12:30,Car,Urban Street,Clear,Poor road,1,3,0,Male,54,Yes,Yes,63725,9.803577618,77.56854481
TN-2023-03847,21-04-2023,Madurai,Location_75,16:46,Two Wheeler,SH,Clear,Weather,3,1,1,Male,52,Yes,Yes,272585,10.63963077,76.68574157
TN-2023-03848,03-11-2023,Madurai,Location_22,21:18,Car,Urban Street,Cloudy,Reckless driving,2,2,0,Male,54,Yes,Yes,472197,10.7165093,79.86340324
TN-2023-03849,09-06-2023,Chennai,Location_4,02:45,Auto Rickshaw,Urban Street,Fog,Over speed,3,0,0,Male,39,Yes,Yes,66600,11.27609667,76.96589286
TN-2023-03850,27-11-2023,Madurai,Location_81,09:48,Auto Rickshaw,NH,Fog,Brake failure,4,2,0,Female,18,Yes,Yes,127308,10.5970104,77.08843384
TN-2023-03851,21-09-2023,Chennai,Location_72,07:17,Car,Rural Road,Cloudy,Over speed,2,2,0,Male,56,No,Yes,100053,11.56754924,76.41675665
TN-2023-03852,13-08-2023,Vellore,Location_46,11:48,Two Wheeler,SH,Clear,Drunk drive,1,1,0,Male,59,Yes,Yes,398242,12.86128938,80.09645899
TN-2023-03853,05-08-2023,Chennai,Location_59,22:10,Two Wheeler,NH,Clear,Poor road,5,2,0,Male,50,No,Yes,36025,10.18939905,77.47025503
TN-2023-03854,14-02-2023,Salem,Location_34,08:53,Car,Urban Street,Sunny,Drunk drive,5,3,2,Female,21,No,Yes,368066,12.82191006,76.77328609
TN-2023-03855,02-08-2023,Thoothukudi,Location_11,22:24,Lorry,Rural Road,Rain,Poor road,4,3,0,Male,26,Yes,Yes,15595,9.207856188,80.29140215
TN-2023-03856,28-02-2023,Tirunelveli,Location_31,14:08,Two Wheeler,Urban Street,Rain,Brake failure,5,1,0,Male,25,Yes,Yes,169826,8.667597288,77.50984189
TN-2023-03857,12-05-2023,Trichy,Location_11,11:10,Two Wheeler,Urban Street,Fog,Drunk drive,5,3,0,Male,39,Yes,Yes,22997,9.316707131,79.36368632
TN-2023-03858,14-04-2023,Thoothukudi,Location_56,16:37,Truck,Urban Street,Cloudy,Reckless driving,4,0,0,Male,59,No,Yes,65878,9.136259603,77.03678015
TN-2023-03859,14-07-2023,Thoothukudi,Location_38,07:09,Lorry,Urban Street,Clear,Weather,1,2,0,Male,38,No,Yes,473122,13.41793496,79.27071599
TN-2023-03860,06-06-2023,Coimbatore,Location_21,14:35,Car,Rural Road,Rain,Drunk drive,2,1,0,Male,58,Yes,Yes,106050,10.0957955,77.04472999
TN-2023-03861,08-04-2023,Tiruppur,Location_94,17:42,Two Wheeler,NH,Cloudy,Poor road,2,3,1,Female,45,Yes,No,79423,11.58310298,78.86982992
TN-2023-03862,14-08-2023,Tiruppur,Location_10,08:40,Two Wheeler,Urban Street,Cloudy,Reckless driving,4,0,0,Male,54,No,Yes,282497,11.82828959,77.98388364
TN-2023-03863,24-07-2023,Erode,Location_26,07:02,Two Wheeler,Urban Street,Clear,Poor road,3,0,0,Male,19,Yes,No,217858,10.44864743,79.59423005
TN-2023-03864,20-03-2023,Trichy,Location_91,20:17,Car,SH,Cloudy,Over speed,4,1,0,Male,63,No,Yes,345295,9.229644541,79.28622324
TN-2023-03865,04-05-2023,Vellore,Location_8,13:34,Two Wheeler,SH,Rain,Drunk drive,4,1,0,Male,34,Yes,Yes,404828,10.40953907,80.20968531
TN-2023-03866,06-08-2023,Tirunelveli,Location_8,16:35,Auto Rickshaw,Rural Road,Sunny,Weather,4,3,2,Female,48,No,Yes,84521,10.60568487,77.69480039
TN-2023-03867,04-01-2023,Tirunelveli,Location_60,20:27,Bicycle,Urban Street,Rain,Brake failure,4,2,0,Male,62,Yes,Yes,319672,13.24704229,79.39450807
TN-2023-03868,31-03-2023,Tiruppur,Location_72,17:14,Two Wheeler,Urban Street,Sunny,Over speed,5,0,0,Male,30,Yes,Yes,285283,11.12743038,80.35979589
TN-2023-03869,14-04-2023,Thoothukudi,Location_34,18:21,Car,Urban Street,Cloudy,Drunk drive,5,0,0,Male,62,Yes,No,296543,13.33429933,77.51339062
TN-2023-03870,29-04-2023,Salem,Location_16,05:46,Bus,Rural Road,Rain,Over speed,1,1,2,Male,35,No,Yes,308760,11.17191957,77.3050191
TN-2023-03871,13-05-2023,Erode,Location_13,06:43,Truck,Rural Road,Clear,Drunk drive,4,0,1,Female,41,Yes,Yes,255233,8.797489086,79.46072854
TN-2023-03872,08-11-2023,Chennai,Location_87,15:08,Auto Rickshaw,Urban Street,Cloudy,Brake failure,2,1,0,Male,48,Yes,Yes,399488,10.11407151,78.00484631
TN-2023-03873,06-04-2023,Erode,Location_76,19:36,Two Wheeler,Urban Street,Clear,Brake failure,3,2,0,Male,50,No,Yes,441595,12.35772329,77.79393294
TN-2023-03874,27-11-2023,Coimbatore,Location_91,10:01,Two Wheeler,Rural Road,Sunny,Weather,5,1,1,Male,48,No,Yes,454279,10.31892247,78.45525631
TN-2023-03875,23-05-2023,Erode,Location_22,21:47,Lorry,Urban Street,Fog,Over speed,2,2,0,Male,44,Yes,Yes,380109,8.548536147,80.20988833
TN-2023-03876,15-10-2023,Thoothukudi,Location_96,03:04,Bus,NH,Fog,Weather,5,3,0,Female,53,Yes,Yes,271149,8.528418883,76.37732582
TN-2023-03877,28-01-2023,Vellore,Location_27,06:05,Two Wheeler,NH,Sunny,Drunk drive,1,1,0,Female,38,Yes,Yes,263514,9.303856158,78.09558639
TN-2023-03878,05-10-2023,Thoothukudi,Location_64,21:09,Car,Rural Road,Fog,Brake failure,3,3,0,Male,22,No,Yes,87944,11.10624481,76.49563461
TN-2023-03879,21-08-2023,Tiruppur,Location_2,13:39,Lorry,NH,Cloudy,Brake failure,5,2,0,Male,28,Yes,Yes,183853,12.56585237,79.97613727
TN-2023-03880,17-01-2023,Vellore,Location_97,13:45,Two Wheeler,SH,Cloudy,Poor road,3,0,0,Male,51,Yes,Yes,351649,10.93542012,76.61515559
TN-2023-03881,28-02-2023,Madurai,Location_26,19:27,Auto Rickshaw,Urban Street,Rain,Poor road,3,3,0,Male,51,Yes,Yes,471116,12.10344213,76.40366524
TN-2023-03882,31-03-2023,Vellore,Location_92,22:34,Two Wheeler,SH,Cloudy,Weather,2,1,0,Male,20,Yes,No,178763,11.55076207,80.33689478
TN-2023-03883,18-07-2023,Erode,Location_83,00:28,Lorry,SH,Fog,Over speed,5,1,2,Female,23,Yes,Yes,380064,10.88254552,78.53504279
TN-2023-03884,28-12-2023,Erode,Location_69,08:08,Car,SH,Clear,Drunk drive,3,3,0,Male,37,Yes,Yes,158452,9.1814436,79.71651819
TN-2023-03885,26-01-2023,Erode,Location_97,21:01,Two Wheeler,NH,Rain,Weather,4,3,0,Male,21,Yes,Yes,488955,12.85742697,78.11615552
TN-2023-03886,25-01-2023,Madurai,Location_84,15:39,Bus,Urban Street,Clear,Brake failure,3,3,0,Male,54,No,Yes,245112,9.516434684,77.96038833
TN-2023-03887,28-10-2023,Tiruppur,Location_30,05:54,Lorry,Urban Street,Fog,Brake failure,3,1,1,Male,56,Yes,Yes,101313,9.390509615,80.10224392
TN-2023-03888,05-12-2023,Chennai,Location_8,12:32,Truck,Rural Road,Clear,Brake failure,5,3,0,Male,24,Yes,Yes,428957,9.417886935,80.45442656
TN-2023-03889,24-09-2023,Trichy,Location_38,18:14,Two Wheeler,SH,Fog,Drunk drive,4,3,0,Male,34,Yes,Yes,428343,8.526269966,78.78339346
TN-2023-03890,30-06-2023,Tiruppur,Location_61,00:09,Bus,NH,Cloudy,Weather,3,2,0,Female,55,No,Yes,5268,10.74259722,80.13184753
TN-2023-03891,26-12-2023,Erode,Location_81,00:11,Car,SH,Rain,Drunk drive,5,3,1,Male,53,No,Yes,197470,9.801416582,79.88223374
TN-2023-03892,09-03-2023,Tiruppur,Location_65,10:28,Car,SH,Sunny,Reckless driving,5,3,1,Male,51,Yes,Yes,220648,10.8706809,78.4480445
TN-2023-03893,17-12-2023,Coimbatore,Location_67,16:03,Auto Rickshaw,Urban Street,Fog,Brake failure,3,1,0,Male,23,No,Yes,121120,10.4921346,80.23496663
TN-2023-03894,17-11-2023,Tirunelveli,Location_46,22:06,Two Wheeler,Rural Road,Cloudy,Poor road,1,1,0,Male,56,Yes,Yes,463249,10.85885493,76.94525273
TN-2023-03895,18-02-2023,Tirunelveli,Location_90,11:12,Two Wheeler,NH,Clear,Weather,1,0,0,Male,19,No,Yes,290969,9.637093435,79.9818028
TN-2023-03896,24-06-2023,Trichy,Location_95,04:05,Car,Urban Street,Cloudy,Poor road,2,1,0,Female,35,Yes,Yes,324542,12.48325962,77.39210385
TN-2023-03897,21-02-2023,Trichy,Location_72,01:52,Two Wheeler,SH,Clear,Weather,1,1,0,Male,59,Yes,Yes,355106,10.93806151,76.13731999
TN-2023-03898,12-04-2023,Chennai,Location_43,06:45,Auto Rickshaw,Urban Street,Clear,Brake failure,1,1,0,Male,44,Yes,Yes,492223,9.146390679,79.541894
TN-2023-03899,04-08-2023,Coimbatore,Location_59,21:27,Car,SH,Clear,Poor road,5,1,0,Male,56,No,Yes,339391,12.95992035,80.18507883
TN-2023-03900,07-07-2023,Thoothukudi,Location_46,13:09,Car,NH,Clear,Poor road,5,3,0,Male,58,No,Yes,33208,8.602003055,76.97552119
TN-2023-03901,26-02-2023,Tiruppur,Location_72,03:02,Lorry,Urban Street,Rain,Weather,3,0,0,Male,36,Yes,No,113953,12.03388964,78.40338514
TN-2023-03902,16-02-2023,Vellore,Location_35,22:26,Car,Urban Street,Clear,Reckless driving,3,1,0,Female,49,No,Yes,260344,11.73146623,79.37206013
TN-2023-03903,08-06-2023,Vellore,Location_39,13:37,Car,Urban Street,Rain,Reckless driving,5,3,0,Male,41,Yes,Yes,66929,8.400724074,77.49230615
TN-2023-03904,23-06-2023,Thoothukudi,Location_92,22:46,Two Wheeler,Urban Street,Sunny,Poor road,3,1,1,Male,51,Yes,Yes,440969,12.95829188,76.66113259
TN-2023-03905,30-08-2023,Tirunelveli,Location_51,07:36,Two Wheeler,Urban Street,Rain,Poor road,5,0,0,Female,42,No,Yes,250065,9.73971832,77.76510744
TN-2023-03906,09-10-2023,Thoothukudi,Location_4,02:34,Two Wheeler,NH,Clear,Brake failure,1,2,0,Male,41,Yes,Yes,160579,12.07492259,78.05456531
TN-2023-03907,29-08-2023,Tiruppur,Location_80,12:33,Bus,Rural Road,Sunny,Weather,3,2,0,Female,42,Yes,Yes,289755,9.523508722,79.33999418
TN-2023-03908,05-01-2023,Coimbatore,Location_77,00:11,Car,NH,Cloudy,Weather,1,0,2,Male,29,No,Yes,482477,10.89130459,76.89407738
TN-2023-03909,25-03-2023,Erode,Location_84,07:18,Two Wheeler,Urban Street,Rain,Over speed,2,3,0,Male,47,Yes,Yes,86026,13.34783488,79.66800487
TN-2023-03910,04-11-2023,Madurai,Location_51,08:27,Car,SH,Cloudy,Weather,3,3,1,Male,23,No,Yes,253777,11.35927025,78.25980599
TN-2023-03911,27-12-2023,Erode,Location_5,13:26,Two Wheeler,SH,Sunny,Brake failure,5,0,0,Female,47,No,Yes,45923,9.629775188,80.06750732
TN-2023-03912,05-09-2023,Madurai,Location_55,17:41,Auto Rickshaw,Urban Street,Rain,Poor road,5,2,0,Female,50,Yes,Yes,324954,10.52107431,78.54603669
TN-2023-03913,23-02-2023,Vellore,Location_20,08:05,Two Wheeler,Rural Road,Clear,Over speed,2,1,0,Male,32,No,Yes,461570,11.71822633,78.01084562
TN-2023-03914,10-06-2023,Trichy,Location_24,00:36,Auto Rickshaw,Urban Street,Rain,Poor road,5,2,0,Male,46,Yes,Yes,392536,10.44853893,77.29057141
TN-2023-03915,14-08-2023,Tiruppur,Location_36,09:24,Car,NH,Clear,Weather,1,1,2,Male,31,Yes,Yes,394227,13.00911709,76.47809081
TN-2023-03916,15-01-2023,Erode,Location_34,12:53,Car,Rural Road,Fog,Drunk drive,5,0,1,Male,42,Yes,Yes,390588,12.77103405,77.67266487
TN-2023-03917,12-08-2023,Thoothukudi,Location_54,22:35,Two Wheeler,Rural Road,Rain,Poor road,2,0,0,Male,62,Yes,Yes,196915,8.807455973,77.86130465
TN-2023-03918,02-03-2023,Coimbatore,Location_34,00:20,Truck,NH,Rain,Reckless driving,4,0,0,Male,22,No,Yes,204038,12.31717492,78.55729122
TN-2023-03919,02-05-2023,Coimbatore,Location_83,01:55,Two Wheeler,Rural Road,Cloudy,Weather,4,2,0,Male,19,Yes,Yes,196254,13.18328202,79.86933023
TN-2023-03920,04-10-2023,Tirunelveli,Location_17,03:16,Car,Urban Street,Cloudy,Reckless driving,1,0,0,Male,64,Yes,Yes,166307,9.742995234,78.08716748
TN-2023-03921,15-02-2023,Coimbatore,Location_5,09:22,Bicycle,Urban Street,Sunny,Brake failure,4,2,0,Male,33,No,Yes,100578,9.310208427,77.41428036
TN-2023-03922,21-10-2023,Coimbatore,Location_89,11:58,Auto Rickshaw,SH,Clear,Reckless driving,5,3,0,Male,56,Yes,Yes,156711,8.052738105,79.92966375
TN-2023-03923,03-03-2023,Trichy,Location_18,01:34,Car,NH,Cloudy,Weather,2,1,0,Male,55,Yes,Yes,44141,8.636115895,79.30263117
TN-2023-03924,27-03-2023,Thoothukudi,Location_55,13:56,Bicycle,Rural Road,Sunny,Over speed,1,1,0,Male,34,No,Yes,143443,13.28502189,77.38163347
TN-2023-03925,29-07-2023,Vellore,Location_53,14:44,Bus,Rural Road,Clear,Reckless driving,4,1,0,Male,48,Yes,Yes,232859,10.15116895,76.75125564
TN-2023-03926,19-03-2023,Coimbatore,Location_50,08:01,Two Wheeler,Rural Road,Clear,Drunk drive,5,0,0,Male,18,No,No,97549,10.13037847,77.30962332
TN-2023-03927,21-07-2023,Vellore,Location_72,18:15,Two Wheeler,Urban Street,Clear,Drunk drive,5,1,0,Male,23,Yes,Yes,23178,9.466734049,76.55636927
TN-2023-03928,29-10-2023,Trichy,Location_91,10:43,Two Wheeler,NH,Fog,Drunk drive,3,0,0,Male,48,Yes,Yes,180106,8.902324009,80.06537352
TN-2023-03929,11-08-2023,Coimbatore,Location_79,00:01,Two Wheeler,Urban Street,Clear,Reckless driving,3,2,0,Male,23,Yes,Yes,264862,10.79834605,78.75277092
TN-2023-03930,10-08-2023,Tiruppur,Location_45,15:26,Lorry,Rural Road,Sunny,Brake failure,2,0,0,Female,53,No,Yes,330960,11.97753211,79.88580646
TN-2023-03931,03-01-2023,Tirunelveli,Location_13,01:57,Car,Urban Street,Clear,Drunk drive,1,1,0,Male,25,Yes,Yes,246696,11.02937433,79.69162392
TN-2023-03932,06-01-2023,Erode,Location_16,18:09,Two Wheeler,Rural Road,Clear,Poor road,4,0,1,Male,46,No,Yes,458539,8.194976303,76.68956012
TN-2023-03933,03-04-2023,Tiruppur,Location_86,18:41,Auto Rickshaw,Rural Road,Sunny,Brake failure,4,0,0,Male,26,Yes,Yes,202439,12.41908303,77.99350569
TN-2023-03934,08-01-2023,Salem,Location_84,15:12,Two Wheeler,Urban Street,Rain,Weather,5,2,0,Female,39,Yes,No,453907,13.12376783,80.37428527
TN-2023-03935,23-08-2023,Chennai,Location_13,15:49,Bicycle,Rural Road,Clear,Over speed,4,0,0,Female,27,Yes,Yes,167493,10.42207207,77.05207436
TN-2023-03936,18-04-2023,Coimbatore,Location_20,07:55,Truck,Urban Street,Sunny,Brake failure,2,1,0,Female,41,No,Yes,414881,10.01555504,76.22607505
TN-2023-03937,10-06-2023,Vellore,Location_66,17:30,Truck,SH,Cloudy,Over speed,3,0,0,Male,57,No,Yes,372396,9.264197058,77.55704566
TN-2023-03938,28-07-2023,Chennai,Location_99,12:24,Lorry,Urban Street,Sunny,Brake failure,5,3,0,Male,19,No,Yes,458807,9.660286649,78.29925613
TN-2023-03939,28-08-2023,Madurai,Location_47,06:20,Two Wheeler,SH,Fog,Weather,1,0,0,Male,37,Yes,Yes,156113,11.54446129,76.25144851
TN-2023-03940,27-11-2023,Coimbatore,Location_19,22:55,Car,SH,Cloudy,Over speed,5,3,0,Male,34,Yes,Yes,319923,12.2358037,77.92003198
TN-2023-03941,29-11-2023,Salem,Location_45,17:37,Two Wheeler,Urban Street,Rain,Brake failure,4,1,0,Male,50,No,Yes,193554,9.82718655,77.140357
TN-2023-03942,19-02-2023,Trichy,Location_37,08:28,Two Wheeler,NH,Rain,Over speed,2,3,0,Male,31,Yes,Yes,306010,9.868199429,76.9545308
TN-2023-03943,11-01-2023,Tirunelveli,Location_54,05:17,Car,NH,Sunny,Drunk drive,1,3,0,Female,49,No,Yes,222540,10.48105726,77.1875821
TN-2023-03944,17-12-2023,Salem,Location_6,16:43,Two Wheeler,Urban Street,Sunny,Drunk drive,5,3,0,Male,54,No,Yes,274591,8.936115271,76.47429436
TN-2023-03945,05-06-2023,Vellore,Location_14,02:26,Truck,Urban Street,Clear,Reckless driving,4,3,0,Male,41,Yes,Yes,424042,13.09964503,76.34491535
TN-2023-03946,11-03-2023,Trichy,Location_4,04:06,Auto Rickshaw,Rural Road,Clear,Drunk drive,5,3,0,Male,58,Yes,Yes,93667,11.88000838,78.68130466
TN-2023-03947,18-06-2023,Erode,Location_86,09:09,Two Wheeler,Rural Road,Fog,Poor road,1,0,0,Male,37,No,Yes,244965,10.38470886,80.26523824
TN-2023-03948,29-09-2023,Trichy,Location_55,18:56,Car,Urban Street,Clear,Drunk drive,4,2,1,Male,23,No,Yes,46490,8.672498815,79.62133031
TN-2023-03949,09-03-2023,Coimbatore,Location_34,03:09,Car,NH,Sunny,Drunk drive,3,3,0,Male,50,Yes,Yes,358989,12.66854052,79.75254394
TN-2023-03950,21-12-2023,Chennai,Location_27,17:34,Auto Rickshaw,Rural Road,Sunny,Weather,1,1,0,Female,45,No,Yes,112831,10.6604289,79.30786721
TN-2023-03951,09-09-2023,Chennai,Location_7,20:34,Bus,Rural Road,Clear,Over speed,3,1,0,Female,28,No,No,254462,12.38285586,80.30192262
TN-2023-03952,17-02-2023,Vellore,Location_3,04:47,Two Wheeler,NH,Fog,Over speed,3,0,0,Male,53,Yes,No,234484,8.18366748,80.27747716
TN-2023-03953,03-07-2023,Trichy,Location_47,19:12,Two Wheeler,Urban Street,Sunny,Drunk drive,4,2,0,Female,37,Yes,No,357230,9.50509753,79.502364
TN-2023-03954,16-11-2023,Salem,Location_97,10:57,Two Wheeler,NH,Fog,Over speed,5,2,0,Female,23,Yes,Yes,104026,11.42152457,79.22175816
TN-2023-03955,06-07-2023,Vellore,Location_2,12:18,Truck,SH,Sunny,Brake failure,5,3,1,Male,25,Yes,Yes,447866,10.68357827,77.37375782
TN-2023-03956,31-03-2023,Tirunelveli,Location_80,05:55,Two Wheeler,Rural Road,Fog,Reckless driving,2,1,0,Male,36,Yes,No,441280,9.622895879,76.41024877
TN-2023-03957,28-11-2023,Vellore,Location_25,12:03,Two Wheeler,Rural Road,Fog,Drunk drive,1,1,1,Female,32,Yes,Yes,227302,9.106216306,76.41790588
TN-2023-03958,19-05-2023,Vellore,Location_60,21:36,Auto Rickshaw,Rural Road,Fog,Reckless driving,1,0,0,Male,39,Yes,Yes,476673,9.65997331,79.31317484
TN-2023-03959,23-12-2023,Erode,Location_79,18:36,Auto Rickshaw,NH,Clear,Drunk drive,4,3,0,Male,19,Yes,Yes,375155,12.0828667,76.12768237
TN-2023-03960,30-03-2023,Tiruppur,Location_24,20:13,Auto Rickshaw,NH,Rain,Poor road,4,1,0,Male,45,No,No,68422,9.010390428,79.67384162
TN-2023-03961,01-10-2023,Coimbatore,Location_15,03:43,Car,Urban Street,Fog,Reckless driving,2,3,0,Male,53,No,Yes,19589,11.26597264,77.64914402
TN-2023-03962,19-01-2023,Erode,Location_95,05:18,Bus,Rural Road,Fog,Brake failure,2,2,1,Male,53,Yes,Yes,257752,10.33024458,76.86436243
TN-2023-03963,07-11-2023,Chennai,Location_14,09:00,Car,SH,Sunny,Drunk drive,3,3,1,Male,61,Yes,Yes,293912,12.19670847,77.83414827
TN-2023-03964,24-12-2023,Chennai,Location_54,22:54,Two Wheeler,Urban Street,Rain,Drunk drive,2,3,0,Male,35,No,Yes,447225,9.108901874,79.16472502
TN-2023-03965,03-06-2023,Madurai,Location_78,15:03,Car,NH,Sunny,Over speed,5,0,0,Male,29,Yes,Yes,188054,9.485492669,77.23799776
TN-2023-03966,17-09-2023,Madurai,Location_6,08:17,Two Wheeler,SH,Sunny,Drunk drive,3,0,1,Male,36,Yes,Yes,450885,10.19278143,76.78128269
TN-2023-03967,18-04-2023,Salem,Location_78,16:46,Two Wheeler,Urban Street,Fog,Reckless driving,2,2,1,Female,43,Yes,Yes,102951,8.916165848,79.32047925
TN-2023-03968,12-10-2023,Chennai,Location_81,18:38,Truck,NH,Cloudy,Reckless driving,5,2,0,Male,42,Yes,Yes,330799,10.53657125,79.96306587
TN-2023-03969,28-02-2023,Tiruppur,Location_18,17:05,Two Wheeler,SH,Rain,Drunk drive,5,3,0,Male,45,No,Yes,175122,10.28827944,78.6349516
TN-2023-03970,05-05-2023,Erode,Location_20,18:52,Truck,Urban Street,Sunny,Drunk drive,3,1,0,Male,32,Yes,Yes,212225,13.44547049,78.35735012
TN-2023-03971,20-12-2023,Tirunelveli,Location_62,11:24,Two Wheeler,SH,Cloudy,Drunk drive,3,3,0,Male,27,No,Yes,54420,11.2662504,79.39693953
TN-2023-03972,30-09-2023,Tiruppur,Location_81,02:00,Two Wheeler,NH,Cloudy,Poor road,5,2,0,Male,56,Yes,Yes,79064,8.382041138,79.29690939
TN-2023-03973,17-04-2023,Madurai,Location_80,04:00,Car,Urban Street,Sunny,Brake failure,4,0,0,Male,51,Yes,Yes,49784,10.52967906,76.02825281
TN-2023-03974,26-10-2023,Trichy,Location_40,07:38,Lorry,NH,Fog,Reckless driving,3,0,0,Male,30,Yes,No,216409,12.83175842,77.26830024
TN-2023-03975,02-09-2023,Tiruppur,Location_39,14:42,Car,Rural Road,Clear,Poor road,1,2,0,Male,33,No,Yes,305187,12.76722173,80.19405846
TN-2023-03976,02-12-2023,Tiruppur,Location_52,17:45,Auto Rickshaw,Rural Road,Sunny,Over speed,4,3,0,Male,57,No,Yes,151351,13.28992871,80.32090975
TN-2023-03977,04-09-2023,Tiruppur,Location_32,08:04,Two Wheeler,SH,Fog,Weather,1,1,0,Male,48,Yes,Yes,16702,12.91826977,78.29629221
TN-2023-03978,08-01-2023,Tiruppur,Location_73,22:03,Auto Rickshaw,Rural Road,Rain,Drunk drive,2,0,0,Male,18,Yes,Yes,110487,8.969648358,78.52040507
TN-2023-03979,21-05-2023,Tiruppur,Location_27,11:28,Two Wheeler,NH,Fog,Reckless driving,3,3,0,Male,64,Yes,Yes,43691,8.01963651,76.00295435
TN-2023-03980,28-12-2023,Madurai,Location_52,00:29,Auto Rickshaw,SH,Cloudy,Over speed,3,1,0,Male,40,Yes,Yes,139896,11.38938979,79.02553007
TN-2023-03981,08-01-2023,Chennai,Location_97,12:00,Two Wheeler,Urban Street,Rain,Reckless driving,5,2,0,Male,31,No,Yes,38959,11.86344402,76.95596131
TN-2023-03982,18-12-2023,Vellore,Location_63,02:21,Auto Rickshaw,NH,Rain,Weather,3,3,1,Male,56,Yes,Yes,241435,8.721666825,76.57560349
TN-2023-03983,04-04-2023,Tiruppur,Location_74,07:55,Bus,Urban Street,Clear,Drunk drive,1,1,0,Male,47,Yes,Yes,246894,8.917594146,77.37107858
TN-2023-03984,17-11-2023,Tiruppur,Location_63,17:24,Two Wheeler,Urban Street,Clear,Reckless driving,4,3,1,Male,59,Yes,Yes,413154,13.2969211,78.99201485
TN-2023-03985,08-02-2023,Coimbatore,Location_17,15:51,Auto Rickshaw,Urban Street,Sunny,Drunk drive,2,0,0,Male,37,Yes,No,84079,13.1910829,77.96350017
TN-2023-03986,22-03-2023,Chennai,Location_49,19:30,Two Wheeler,Urban Street,Fog,Weather,4,2,0,Male,42,No,Yes,54504,8.863343518,77.57076229
TN-2023-03987,06-07-2023,Vellore,Location_81,15:01,Two Wheeler,NH,Sunny,Poor road,1,0,0,Male,28,No,Yes,204169,9.358546223,79.27063468
TN-2023-03988,25-03-2023,Tirunelveli,Location_82,16:09,Lorry,Rural Road,Clear,Weather,2,0,0,Male,43,No,Yes,316500,12.90662514,79.6617404
TN-2023-03989,29-03-2023,Tirunelveli,Location_23,06:58,Two Wheeler,NH,Cloudy,Weather,5,3,0,Female,38,Yes,Yes,303241,10.39246332,79.91141111
TN-2023-03990,30-08-2023,Trichy,Location_98,09:50,Two Wheeler,Rural Road,Clear,Reckless driving,3,2,0,Male,22,Yes,Yes,318082,12.38939944,78.00138767
TN-2023-03991,08-12-2023,Thoothukudi,Location_72,19:58,Car,Urban Street,Fog,Brake failure,3,3,0,Male,24,No,Yes,204039,10.17792317,79.23022565
TN-2023-03992,03-04-2023,Erode,Location_13,08:53,Auto Rickshaw,Rural Road,Cloudy,Drunk drive,5,1,0,Male,29,Yes,Yes,188652,12.05010603,79.98346031
TN-2023-03993,27-03-2023,Coimbatore,Location_23,16:08,Two Wheeler,Urban Street,Sunny,Reckless driving,1,2,0,Male,19,No,Yes,482508,10.18254192,80.0900788
TN-2023-03994,13-02-2023,Chennai,Location_57,08:36,Car,SH,Sunny,Drunk drive,5,0,0,Male,56,Yes,Yes,7117,12.94548502,78.21454623
TN-2023-03995,17-05-2023,Chennai,Location_62,06:10,Bus,Urban Street,Clear,Poor road,1,0,0,Male,38,Yes,Yes,136633,9.790649735,77.59896953
TN-2023-03996,15-03-2023,Thoothukudi,Location_54,07:24,Auto Rickshaw,Rural Road,Clear,Poor road,2,0,0,Male,49,No,No,498407,10.87714973,80.05083732
TN-2023-03997,05-02-2023,Trichy,Location_20,13:01,Truck,SH,Sunny,Brake failure,4,3,0,Male,22,Yes,Yes,9271,10.86965749,77.17643711
TN-2023-03998,11-04-2023,Salem,Location_86,09:52,Lorry,SH,Sunny,Brake failure,4,3,0,Male,44,Yes,No,142726,11.56879258,79.58581349
TN-2023-03999,05-06-2023,Madurai,Location_52,15:15,Bus,Urban Street,Rain,Brake failure,5,3,1,Male,48,Yes,Yes,20511,9.686850245,80.08894706
TN-2023-04000,12-09-2023,Trichy,Location_23,18:58,Two Wheeler,NH,Fog,Poor road,3,2,1,Male,29,Yes,Yes,456280,11.53463279,79.3287346
TN-2023-04001,20-06-2023,Vellore,Location_35,10:05,Two Wheeler,Rural Road,Rain,Weather,5,2,0,Male,53,Yes,Yes,234768,8.775697007,79.05937074
TN-2023-04002,04-08-2023,Trichy,Location_67,05:31,Bus,SH,Rain,Reckless driving,3,2,0,Male,38,Yes,Yes,38012,12.91487438,76.22804722
TN-2023-04003,19-06-2023,Thoothukudi,Location_34,06:47,Bicycle,NH,Sunny,Drunk drive,5,2,2,Male,36,Yes,Yes,163841,8.792954182,76.91562845
TN-2023-04004,09-09-2023,Thoothukudi,Location_33,12:58,Bus,Urban Street,Fog,Drunk drive,5,1,2,Male,20,Yes,Yes,180271,12.62162214,78.99956331
TN-2023-04005,26-12-2023,Erode,Location_46,02:55,Two Wheeler,Urban Street,Sunny,Reckless driving,4,0,0,Male,34,No,Yes,419631,11.81231438,79.53338015
TN-2023-04006,18-11-2023,Coimbatore,Location_81,08:55,Car,Urban Street,Rain,Over speed,3,3,0,Male,47,No,Yes,144393,9.875868899,76.28525938
TN-2023-04007,24-02-2023,Tiruppur,Location_45,02:37,Car,Urban Street,Rain,Poor road,4,3,0,Male,53,No,Yes,290256,9.800882809,76.08576754
TN-2023-04008,01-04-2023,Tirunelveli,Location_19,16:02,Bus,Rural Road,Sunny,Poor road,3,1,0,Male,26,Yes,Yes,148237,13.31324791,77.40180658
TN-2023-04009,05-10-2023,Thoothukudi,Location_94,01:11,Bus,SH,Clear,Brake failure,2,0,0,Male,51,Yes,Yes,424474,9.072411242,78.90229784
TN-2023-04010,11-04-2023,Erode,Location_87,05:41,Car,Rural Road,Clear,Reckless driving,2,0,0,Female,46,No,Yes,189928,11.97627321,78.30419189
TN-2023-04011,04-06-2023,Madurai,Location_15,10:47,Two Wheeler,SH,Sunny,Over speed,2,1,0,Male,27,Yes,Yes,439040,9.010252651,76.03761692
TN-2023-04012,15-12-2023,Tirunelveli,Location_78,15:23,Truck,NH,Cloudy,Over speed,1,2,0,Male,26,Yes,Yes,198184,12.97968636,76.68225476
TN-2023-04013,30-12-2023,Salem,Location_66,17:26,Bus,NH,Cloudy,Poor road,4,0,0,Male,57,Yes,Yes,363260,12.08066453,79.38490385
TN-2023-04014,21-05-2023,Chennai,Location_39,21:54,Two Wheeler,SH,Clear,Brake failure,4,2,0,Female,28,Yes,Yes,476543,13.12987579,77.33947767
TN-2023-04015,22-06-2023,Madurai,Location_18,08:20,Two Wheeler,Urban Street,Fog,Drunk drive,2,1,1,Male,36,No,Yes,222836,12.83509242,76.52734919
TN-2023-04016,10-01-2023,Salem,Location_70,18:33,Auto Rickshaw,NH,Rain,Brake failure,5,3,0,Male,39,No,Yes,154308,11.02224386,76.22888542
TN-2023-04017,16-08-2023,Tirunelveli,Location_59,00:57,Auto Rickshaw,Rural Road,Fog,Drunk drive,4,3,0,Male,39,No,Yes,277925,8.837260101,79.82698999
TN-2023-04018,22-09-2023,Madurai,Location_32,15:53,Two Wheeler,SH,Clear,Poor road,3,3,0,Male,64,Yes,Yes,274286,9.218027327,78.12249698
TN-2023-04019,05-09-2023,Erode,Location_21,17:02,Two Wheeler,NH,Sunny,Brake failure,4,3,0,Male,33,Yes,Yes,100348,9.109998306,78.26655391
TN-2023-04020,04-09-2023,Salem,Location_40,00:05,Two Wheeler,SH,Cloudy,Over speed,4,0,0,Male,34,No,Yes,159813,9.213516935,76.27603564
TN-2023-04021,04-06-2023,Chennai,Location_92,18:21,Two Wheeler,Urban Street,Clear,Reckless driving,3,2,0,Male,57,Yes,Yes,111124,10.6202778,78.19860966
TN-2023-04022,03-02-2023,Tiruppur,Location_27,18:42,Car,SH,Fog,Weather,2,3,1,Female,24,Yes,Yes,252697,12.77286411,78.9059792
TN-2023-04023,09-05-2023,Erode,Location_2,07:04,Car,NH,Fog,Over speed,2,3,0,Male,48,No,Yes,354057,8.127130328,76.55259391
TN-2023-04024,09-06-2023,Vellore,Location_97,19:08,Car,SH,Clear,Reckless driving,3,3,0,Male,21,Yes,No,404362,9.311642236,80.0613207
TN-2023-04025,30-03-2023,Chennai,Location_80,14:20,Bus,NH,Rain,Drunk drive,4,1,0,Male,46,Yes,Yes,87821,11.2824164,79.52506588
TN-2023-04026,03-04-2023,Coimbatore,Location_39,13:03,Two Wheeler,NH,Fog,Poor road,4,0,0,Male,24,Yes,No,176931,12.75927915,79.60848287
TN-2023-04027,23-11-2023,Trichy,Location_86,07:51,Two Wheeler,NH,Rain,Brake failure,2,1,0,Male,60,No,Yes,202964,9.636142128,78.41439885
TN-2023-04028,29-08-2023,Coimbatore,Location_56,16:33,Two Wheeler,Rural Road,Rain,Poor road,1,2,0,Female,47,No,Yes,432347,10.10389938,77.50264846
TN-2023-04029,19-11-2023,Thoothukudi,Location_13,19:15,Two Wheeler,Urban Street,Sunny,Poor road,2,3,0,Male,20,No,Yes,388135,10.05383975,78.882035
TN-2023-04030,27-04-2023,Tiruppur,Location_56,09:33,Two Wheeler,Urban Street,Clear,Drunk drive,3,0,0,Male,42,Yes,Yes,489222,9.615315146,77.01416567
TN-2023-04031,04-04-2023,Vellore,Location_66,10:09,Car,SH,Clear,Poor road,1,0,0,Male,51,Yes,Yes,362179,11.84319445,76.61598123
TN-2023-04032,12-06-2023,Vellore,Location_78,18:24,Lorry,SH,Rain,Brake failure,1,0,0,Male,50,Yes,No,57638,11.60698097,78.42248778
TN-2023-04033,09-04-2023,Trichy,Location_56,13:42,Lorry,NH,Sunny,Over speed,3,1,0,Male,48,Yes,No,360900,12.63801256,78.15381785
TN-2023-04034,23-04-2023,Salem,Location_28,08:06,Lorry,Urban Street,Fog,Poor road,5,1,0,Female,41,Yes,Yes,209040,13.04667559,76.67627078
TN-2023-04035,25-12-2023,Trichy,Location_64,14:19,Bus,SH,Fog,Brake failure,2,1,0,Male,55,Yes,Yes,219965,12.95261689,78.38681743
TN-2023-04036,01-04-2023,Thoothukudi,Location_71,16:02,Bus,SH,Clear,Brake failure,4,1,0,Female,63,Yes,Yes,161766,10.97088461,78.45910722
TN-2023-04037,12-12-2023,Coimbatore,Location_82,14:45,Two Wheeler,Urban Street,Rain,Drunk drive,2,2,0,Male,21,No,Yes,244310,9.021336043,79.92181649
TN-2023-04038,25-07-2023,Vellore,Location_64,07:35,Bicycle,NH,Sunny,Poor road,3,3,0,Female,27,No,Yes,69067,9.221891272,79.41644525
TN-2023-04039,17-01-2023,Coimbatore,Location_56,09:33,Two Wheeler,SH,Sunny,Drunk drive,4,3,0,Male,42,Yes,No,140408,11.24639589,76.97904549
TN-2023-04040,01-10-2023,Chennai,Location_41,13:07,Two Wheeler,NH,Fog,Over speed,5,1,2,Male,54,Yes,Yes,393112,13.05119002,79.6806941
TN-2023-04041,22-06-2023,Tiruppur,Location_41,22:26,Two Wheeler,Urban Street,Fog,Over speed,3,1,0,Male,60,No,Yes,450164,10.9173729,80.36056373
TN-2023-04042,26-04-2023,Madurai,Location_4,09:56,Truck,Urban Street,Cloudy,Reckless driving,2,1,0,Male,18,No,Yes,395970,13.146507,79.22478781
TN-2023-04043,15-12-2023,Thoothukudi,Location_57,17:14,Bicycle,SH,Cloudy,Brake failure,1,2,0,Male,34,Yes,Yes,425254,9.442375099,79.54151421
TN-2023-04044,30-06-2023,Madurai,Location_30,04:21,Lorry,SH,Rain,Poor road,3,2,1,Male,63,Yes,Yes,97380,8.474907278,77.19893416
TN-2023-04045,01-04-2023,Thoothukudi,Location_88,12:49,Car,Urban Street,Cloudy,Reckless driving,3,0,0,Male,24,Yes,Yes,282180,12.37959723,80.46356147
TN-2023-04046,23-03-2023,Tirunelveli,Location_84,01:44,Car,NH,Sunny,Brake failure,2,3,0,Male,31,No,Yes,134887,12.8366097,76.79377544
TN-2023-04047,20-11-2023,Tiruppur,Location_46,13:09,Truck,NH,Cloudy,Poor road,5,1,0,Male,18,No,Yes,83887,10.46444691,79.37887033
TN-2023-04048,24-04-2023,Chennai,Location_56,03:46,Bus,Rural Road,Clear,Drunk drive,2,0,0,Female,23,No,Yes,102410,8.563443197,77.77848684
TN-2023-04049,14-09-2023,Tiruppur,Location_31,07:14,Truck,Urban Street,Clear,Over speed,2,3,0,Male,56,No,Yes,478777,8.23280012,77.6059108
TN-2023-04050,27-02-2023,Salem,Location_88,13:30,Two Wheeler,SH,Fog,Reckless driving,5,0,0,Female,60,Yes,No,28680,8.344068536,77.28321653
TN-2023-04051,03-06-2023,Thoothukudi,Location_7,20:08,Two Wheeler,Urban Street,Fog,Reckless driving,5,2,0,Female,27,Yes,Yes,407951,10.41512953,77.98477359
TN-2023-04052,31-12-2023,Madurai,Location_90,19:34,Auto Rickshaw,SH,Rain,Over speed,3,2,0,Male,38,Yes,Yes,217797,9.29148245,79.55893571
TN-2023-04053,26-04-2023,Thoothukudi,Location_77,14:23,Two Wheeler,NH,Clear,Drunk drive,1,0,0,Male,20,Yes,Yes,293959,10.5405778,80.23437661
TN-2023-04054,09-12-2023,Salem,Location_54,16:56,Truck,SH,Rain,Weather,2,0,1,Male,36,No,Yes,349488,10.68669226,77.8730721
TN-2023-04055,23-09-2023,Thoothukudi,Location_8,15:35,Car,Rural Road,Rain,Weather,1,3,0,Male,45,No,Yes,397976,10.51951069,78.93252238
TN-2023-04056,11-11-2023,Tiruppur,Location_55,10:56,Auto Rickshaw,NH,Cloudy,Weather,5,1,2,Male,19,Yes,Yes,245071,11.40957324,79.54700864
TN-2023-04057,22-07-2023,Erode,Location_69,07:02,Two Wheeler,Rural Road,Fog,Poor road,5,3,0,Male,44,Yes,Yes,409266,11.73672082,76.44881276
TN-2023-04058,10-02-2023,Thoothukudi,Location_44,18:45,Bus,Urban Street,Rain,Reckless driving,2,3,0,Female,61,Yes,Yes,221288,10.17769968,80.3224465
TN-2023-04059,15-04-2023,Tirunelveli,Location_13,08:02,Car,SH,Rain,Drunk drive,3,2,0,Female,49,Yes,Yes,148065,9.853674417,76.95235059
TN-2023-04060,12-07-2023,Tirunelveli,Location_93,03:24,Car,NH,Fog,Poor road,2,2,0,Male,29,No,Yes,342409,10.02620706,80.11785686
TN-2023-04061,05-10-2023,Vellore,Location_20,03:10,Car,SH,Fog,Poor road,3,0,0,Female,18,Yes,Yes,135222,8.385998415,80.43971281
TN-2023-04062,20-12-2023,Tirunelveli,Location_78,18:15,Truck,Rural Road,Clear,Drunk drive,4,2,0,Male,63,Yes,Yes,344259,9.768969141,76.45182073
TN-2023-04063,25-08-2023,Thoothukudi,Location_32,22:53,Bus,NH,Fog,Poor road,3,3,0,Female,60,Yes,Yes,219192,9.099519554,80.01736273
TN-2023-04064,09-08-2023,Thoothukudi,Location_60,16:41,Two Wheeler,Rural Road,Cloudy,Reckless driving,2,0,0,Male,57,Yes,No,307172,9.599620946,78.88409173
TN-2023-04065,09-03-2023,Erode,Location_50,16:47,Auto Rickshaw,NH,Clear,Drunk drive,2,0,0,Male,46,No,Yes,453508,11.92918405,79.68067031
TN-2023-04066,16-07-2023,Tirunelveli,Location_27,19:21,Two Wheeler,Urban Street,Rain,Weather,3,2,0,Male,26,Yes,Yes,429541,13.43696139,76.49093945
TN-2023-04067,13-09-2023,Coimbatore,Location_25,05:06,Two Wheeler,Urban Street,Cloudy,Weather,1,1,0,Male,35,Yes,Yes,472377,13.07954132,79.75417892
TN-2023-04068,19-05-2023,Thoothukudi,Location_52,13:10,Two Wheeler,SH,Cloudy,Poor road,3,2,2,Male,62,Yes,Yes,499315,12.51893923,78.81715443
TN-2023-04069,08-11-2023,Chennai,Location_68,11:45,Auto Rickshaw,Rural Road,Clear,Over speed,4,0,1,Female,53,Yes,Yes,367413,12.05458387,78.29778422
TN-2023-04070,29-05-2023,Chennai,Location_21,04:04,Two Wheeler,Rural Road,Rain,Drunk drive,4,0,1,Male,33,Yes,Yes,436617,13.19715707,78.52014706
TN-2023-04071,09-04-2023,Madurai,Location_18,19:53,Two Wheeler,NH,Clear,Brake failure,1,1,0,Male,52,Yes,Yes,388700,12.13623015,79.35010457
TN-2023-04072,17-03-2023,Erode,Location_39,22:57,Auto Rickshaw,Urban Street,Sunny,Brake failure,4,3,0,Male,53,Yes,Yes,300580,10.59025069,77.33936528
TN-2023-04073,09-10-2023,Salem,Location_15,14:25,Lorry,SH,Sunny,Poor road,2,0,0,Male,21,No,Yes,97025,11.30749059,80.24564759
TN-2023-04074,19-04-2023,Coimbatore,Location_53,00:56,Two Wheeler,Urban Street,Clear,Over speed,1,1,0,Male,57,Yes,Yes,405284,9.681817341,77.38436457
TN-2023-04075,07-07-2023,Thoothukudi,Location_38,22:08,Lorry,Rural Road,Rain,Drunk drive,1,3,0,Female,60,Yes,Yes,68567,8.018195858,79.94686067
TN-2023-04076,18-07-2023,Tiruppur,Location_48,02:57,Auto Rickshaw,SH,Rain,Weather,1,2,0,Male,52,No,Yes,337146,9.944870919,76.05450172
TN-2023-04077,30-10-2023,Trichy,Location_52,03:47,Two Wheeler,Urban Street,Fog,Poor road,3,1,1,Male,36,No,Yes,440294,10.22656418,80.1241603
TN-2023-04078,23-11-2023,Trichy,Location_88,06:21,Lorry,Urban Street,Cloudy,Drunk drive,3,3,0,Male,23,Yes,Yes,59460,12.03200687,79.83210019
TN-2023-04079,03-06-2023,Salem,Location_72,13:47,Car,NH,Clear,Drunk drive,1,0,2,Male,48,No,Yes,9960,12.72571277,76.5588119
TN-2023-04080,09-02-2023,Vellore,Location_28,17:15,Bus,NH,Cloudy,Drunk drive,4,0,0,Male,44,Yes,Yes,443393,13.29460095,79.31615319
TN-2023-04081,13-05-2023,Tiruppur,Location_85,15:33,Car,Rural Road,Cloudy,Over speed,2,1,0,Male,20,Yes,Yes,67273,9.934854643,77.68351787
TN-2023-04082,12-05-2023,Trichy,Location_16,09:06,Bus,Urban Street,Sunny,Drunk drive,2,2,0,Male,53,Yes,Yes,376755,13.26568315,78.15900221
TN-2023-04083,06-10-2023,Salem,Location_16,14:31,Two Wheeler,NH,Sunny,Over speed,3,1,0,Male,53,Yes,Yes,302219,12.39662056,76.30866958
TN-2023-04084,28-12-2023,Trichy,Location_35,08:06,Lorry,Urban Street,Clear,Over speed,5,0,0,Male,19,Yes,Yes,163502,8.169644078,76.95658206
TN-2023-04085,25-03-2023,Erode,Location_17,15:25,Two Wheeler,SH,Clear,Reckless driving,1,3,0,Male,54,Yes,Yes,127043,11.27393466,80.29140716
TN-2023-04086,30-08-2023,Madurai,Location_73,02:16,Car,Urban Street,Rain,Drunk drive,5,2,0,Female,32,No,Yes,429752,10.0110299,77.88077719
TN-2023-04087,26-04-2023,Vellore,Location_99,22:07,Two Wheeler,Urban Street,Clear,Reckless driving,2,3,1,Male,54,Yes,Yes,33609,8.187061651,76.11713656
TN-2023-04088,19-04-2023,Erode,Location_52,01:30,Lorry,Rural Road,Rain,Weather,3,1,0,Male,40,Yes,Yes,304564,10.92326696,78.31785149
TN-2023-04089,09-08-2023,Tiruppur,Location_93,19:57,Two Wheeler,SH,Rain,Reckless driving,3,1,1,Male,61,No,Yes,151491,11.21649394,80.4761461
TN-2023-04090,10-02-2023,Salem,Location_82,02:07,Car,SH,Clear,Reckless driving,3,3,0,Male,64,Yes,Yes,55439,9.387269152,77.49769282
TN-2023-04091,27-05-2023,Coimbatore,Location_12,01:30,Two Wheeler,NH,Rain,Drunk drive,3,3,0,Male,23,Yes,Yes,277177,13.16933863,76.63546103
TN-2023-04092,22-04-2023,Tiruppur,Location_83,18:48,Lorry,SH,Cloudy,Weather,3,3,0,Male,50,No,Yes,181675,11.3574983,78.89599043
TN-2023-04093,13-04-2023,Tiruppur,Location_48,04:19,Car,Rural Road,Rain,Poor road,1,1,0,Male,22,Yes,Yes,105165,8.967800094,80.13920954
TN-2023-04094,15-02-2023,Tirunelveli,Location_22,16:09,Lorry,NH,Cloudy,Brake failure,5,3,0,Male,38,Yes,Yes,319280,11.96691272,79.86617244
TN-2023-04095,20-11-2023,Coimbatore,Location_49,08:21,Two Wheeler,Urban Street,Cloudy,Poor road,2,0,1,Male,45,No,Yes,337809,10.74526754,78.95644382
TN-2023-04096,28-09-2023,Chennai,Location_52,05:42,Two Wheeler,SH,Cloudy,Over speed,2,3,0,Male,38,Yes,Yes,431787,10.60278725,76.82866355
TN-2023-04097,14-07-2023,Tirunelveli,Location_79,01:30,Car,Urban Street,Fog,Poor road,3,0,0,Female,41,Yes,Yes,195275,12.58993295,79.52961939
TN-2023-04098,07-10-2023,Salem,Location_1,22:11,Truck,NH,Fog,Brake failure,3,0,0,Male,45,Yes,Yes,287726,8.759988892,79.7044988
TN-2023-04099,10-10-2023,Chennai,Location_66,11:15,Two Wheeler,SH,Rain,Brake failure,3,3,0,Male,28,No,Yes,319253,10.70042706,79.82296501
TN-2023-04100,09-02-2023,Trichy,Location_64,21:26,Two Wheeler,NH,Clear,Weather,4,2,0,Male,39,Yes,Yes,175827,12.2941968,77.81773588
TN-2023-04101,08-07-2023,Trichy,Location_8,11:52,Two Wheeler,NH,Rain,Poor road,2,2,0,Male,63,Yes,Yes,296950,11.63213641,77.83986525
TN-2023-04102,13-06-2023,Tiruppur,Location_86,17:44,Car,SH,Fog,Over speed,3,2,0,Male,63,Yes,Yes,290456,8.029775116,76.69820697
TN-2023-04103,24-01-2023,Tirunelveli,Location_25,14:15,Two Wheeler,SH,Sunny,Reckless driving,5,0,1,Male,51,Yes,Yes,263580,12.33097826,79.47709044
TN-2023-04104,24-01-2023,Thoothukudi,Location_66,03:11,Lorry,NH,Sunny,Reckless driving,4,2,0,Male,54,No,No,365948,13.19569553,79.31751802
TN-2023-04105,04-01-2023,Coimbatore,Location_73,16:32,Two Wheeler,Rural Road,Rain,Over speed,1,2,0,Male,58,Yes,Yes,235604,11.87567859,76.44887371
TN-2023-04106,19-11-2023,Chennai,Location_73,21:17,Two Wheeler,SH,Fog,Weather,4,3,0,Male,34,No,Yes,444093,12.81745509,76.09060399
TN-2023-04107,17-10-2023,Coimbatore,Location_77,21:47,Two Wheeler,NH,Cloudy,Reckless driving,4,1,0,Male,32,Yes,Yes,290068,9.984464454,80.28273967
TN-2023-04108,30-06-2023,Tirunelveli,Location_70,00:26,Car,Urban Street,Fog,Weather,4,0,0,Male,46,Yes,Yes,480007,9.928317302,76.07770784
TN-2023-04109,05-09-2023,Tiruppur,Location_94,09:18,Bus,Urban Street,Rain,Reckless driving,5,1,0,Male,51,Yes,Yes,275255,9.764754915,78.82869397
TN-2023-04110,26-04-2023,Erode,Location_79,15:13,Two Wheeler,SH,Fog,Reckless driving,2,0,0,Male,58,Yes,Yes,336564,12.04233185,78.04138678
TN-2023-04111,06-10-2023,Trichy,Location_51,01:23,Truck,SH,Sunny,Poor road,3,0,0,Male,60,Yes,Yes,156094,13.18136276,79.49836069
TN-2023-04112,31-12-2023,Chennai,Location_53,05:53,Two Wheeler,Urban Street,Cloudy,Weather,5,2,0,Male,39,No,Yes,386489,12.86970424,76.39477932
TN-2023-04113,10-03-2023,Chennai,Location_15,22:04,Bus,NH,Rain,Brake failure,5,3,0,Male,44,No,Yes,286071,8.826176454,79.07068118
TN-2023-04114,17-12-2023,Salem,Location_50,11:58,Car,NH,Rain,Over speed,3,1,0,Male,55,Yes,Yes,307611,11.44359254,78.76724148
TN-2023-04115,11-09-2023,Chennai,Location_71,03:53,Two Wheeler,NH,Clear,Reckless driving,4,1,0,Male,32,Yes,Yes,227571,13.47777054,79.84117379
TN-2023-04116,30-06-2023,Tirunelveli,Location_75,03:04,Auto Rickshaw,Rural Road,Cloudy,Brake failure,1,2,1,Male,38,No,Yes,33583,9.624526296,78.3334531
TN-2023-04117,14-11-2023,Chennai,Location_38,06:05,Lorry,SH,Rain,Drunk drive,4,1,0,Male,21,No,Yes,244872,11.49131636,79.27731437
TN-2023-04118,18-06-2023,Chennai,Location_40,12:35,Two Wheeler,Rural Road,Fog,Brake failure,4,1,0,Male,64,Yes,Yes,296020,12.98643107,77.96912378
TN-2023-04119,09-11-2023,Coimbatore,Location_66,12:03,Car,Rural Road,Fog,Over speed,2,0,0,Female,35,No,Yes,391389,12.94751477,80.42790339
TN-2023-04120,06-09-2023,Tiruppur,Location_39,09:51,Two Wheeler,Rural Road,Fog,Drunk drive,4,3,0,Male,24,No,Yes,212346,9.768114052,78.5173498
TN-2023-04121,07-07-2023,Madurai,Location_74,00:20,Bus,Rural Road,Fog,Poor road,1,3,0,Male,33,Yes,Yes,472135,8.516587032,79.39092628
TN-2023-04122,23-02-2023,Chennai,Location_17,07:38,Two Wheeler,NH,Rain,Drunk drive,5,1,0,Female,52,No,Yes,309930,11.55304927,76.41820816
TN-2023-04123,22-11-2023,Thoothukudi,Location_7,04:02,Auto Rickshaw,SH,Sunny,Weather,4,1,0,Male,29,Yes,Yes,18435,13.20832124,78.08240167
TN-2023-04124,23-12-2023,Tiruppur,Location_39,14:30,Two Wheeler,SH,Cloudy,Over speed,5,0,0,Male,24,Yes,Yes,151557,10.7939105,76.28996954
TN-2023-04125,09-11-2023,Vellore,Location_68,16:22,Two Wheeler,Rural Road,Fog,Weather,2,2,0,Male,58,Yes,Yes,183368,10.51739067,76.5476994
TN-2023-04126,18-05-2023,Salem,Location_35,12:46,Two Wheeler,SH,Rain,Brake failure,1,0,0,Female,27,Yes,Yes,453749,12.75171624,78.27760921
TN-2023-04127,17-06-2023,Coimbatore,Location_51,18:19,Two Wheeler,Urban Street,Rain,Poor road,3,2,0,Male,18,Yes,Yes,280703,10.33528173,77.58537172
TN-2023-04128,13-04-2023,Salem,Location_47,13:52,Car,NH,Fog,Over speed,3,2,0,Male,29,No,Yes,215740,11.74510787,78.06920358
TN-2023-04129,26-03-2023,Erode,Location_36,12:43,Two Wheeler,SH,Clear,Poor road,2,0,1,Male,44,Yes,Yes,316520,10.13753297,78.23264884
TN-2023-04130,13-11-2023,Chennai,Location_64,22:40,Lorry,NH,Rain,Reckless driving,1,3,0,Male,45,Yes,Yes,12356,10.07425621,76.71887592
TN-2023-04131,31-07-2023,Trichy,Location_95,02:42,Two Wheeler,Urban Street,Cloudy,Over speed,5,0,0,Male,35,Yes,Yes,38540,9.032941609,77.64624138
TN-2023-04132,03-01-2023,Thoothukudi,Location_89,09:00,Bus,NH,Cloudy,Weather,2,2,0,Female,18,No,Yes,342117,8.486484187,79.87268883
TN-2023-04133,28-06-2023,Coimbatore,Location_13,16:57,Car,Urban Street,Clear,Brake failure,4,3,2,Male,40,No,Yes,368460,12.86838372,79.8547494
TN-2023-04134,08-12-2023,Salem,Location_18,12:13,Bicycle,Rural Road,Rain,Drunk drive,5,3,0,Male,56,Yes,Yes,450034,8.996709033,78.20777644
TN-2023-04135,30-10-2023,Chennai,Location_21,00:01,Bicycle,SH,Clear,Poor road,4,0,1,Female,34,Yes,Yes,432608,8.342201212,79.3711573
TN-2023-04136,28-11-2023,Trichy,Location_65,01:38,Auto Rickshaw,Rural Road,Rain,Over speed,4,3,1,Male,62,Yes,Yes,471875,11.2026946,79.39098722
TN-2023-04137,07-02-2023,Trichy,Location_8,08:55,Lorry,SH,Rain,Over speed,5,3,0,Male,59,Yes,Yes,315361,11.00298212,76.19848042
TN-2023-04138,27-08-2023,Erode,Location_48,03:33,Two Wheeler,Rural Road,Clear,Reckless driving,4,0,0,Male,63,Yes,Yes,499994,11.12266187,78.74901043
TN-2023-04139,18-06-2023,Tiruppur,Location_85,18:57,Lorry,Urban Street,Sunny,Poor road,3,1,0,Male,18,Yes,Yes,392019,10.57457688,79.62036955
TN-2023-04140,09-12-2023,Thoothukudi,Location_43,04:08,Truck,SH,Fog,Drunk drive,5,3,0,Male,55,No,Yes,74688,8.780649937,78.67287041
TN-2023-04141,10-11-2023,Madurai,Location_53,12:43,Two Wheeler,Rural Road,Fog,Brake failure,2,0,0,Male,21,No,Yes,365967,8.115031582,78.43698758
TN-2023-04142,02-11-2023,Thoothukudi,Location_85,18:40,Car,NH,Fog,Over speed,3,0,1,Male,32,Yes,No,57681,8.2552766,78.3904707
TN-2023-04143,30-01-2023,Erode,Location_27,09:50,Two Wheeler,NH,Clear,Over speed,2,1,0,Male,38,Yes,Yes,391449,13.1873093,78.28577133
TN-2023-04144,09-07-2023,Tirunelveli,Location_19,09:43,Car,Rural Road,Rain,Poor road,1,3,1,Male,38,No,Yes,5872,10.92519842,79.5023868
TN-2023-04145,23-12-2023,Tiruppur,Location_23,13:39,Car,Urban Street,Rain,Poor road,2,2,0,Male,39,Yes,Yes,19730,10.19846515,78.89094523
TN-2023-04146,25-01-2023,Coimbatore,Location_50,15:48,Car,Rural Road,Cloudy,Over speed,5,2,0,Female,61,Yes,Yes,71493,10.25957499,76.96976288
TN-2023-04147,22-04-2023,Tiruppur,Location_51,19:03,Car,NH,Rain,Over speed,2,3,1,Male,31,Yes,Yes,115749,11.58707442,77.95006706
TN-2023-04148,25-07-2023,Erode,Location_43,05:43,Truck,SH,Sunny,Reckless driving,1,3,0,Male,52,Yes,Yes,330758,10.07164528,78.37881363
TN-2023-04149,04-07-2023,Erode,Location_99,17:38,Car,SH,Fog,Over speed,4,0,0,Male,21,No,Yes,98700,12.38052487,77.88527886
TN-2023-04150,16-02-2023,Coimbatore,Location_51,04:41,Auto Rickshaw,Rural Road,Sunny,Weather,5,0,0,Male,52,Yes,Yes,352095,9.429686045,77.06911679
TN-2023-04151,16-08-2023,Coimbatore,Location_69,05:58,Two Wheeler,SH,Fog,Over speed,3,2,0,Male,49,Yes,Yes,111732,10.01992521,76.56133322
TN-2023-04152,08-02-2023,Coimbatore,Location_41,13:05,Two Wheeler,NH,Clear,Brake failure,3,3,0,Male,45,No,Yes,25812,13.14248249,76.52790547
TN-2023-04153,16-01-2023,Tiruppur,Location_72,13:11,Car,SH,Sunny,Brake failure,2,0,0,Male,29,No,Yes,45759,9.431560208,77.33329557
TN-2023-04154,22-01-2023,Chennai,Location_11,21:25,Two Wheeler,Rural Road,Rain,Reckless driving,3,2,1,Male,47,Yes,Yes,151467,11.63872244,77.81194819
TN-2023-04155,01-08-2023,Salem,Location_80,11:07,Two Wheeler,Rural Road,Fog,Drunk drive,1,2,0,Male,26,Yes,Yes,239096,10.00512002,79.0729494
TN-2023-04156,06-11-2023,Vellore,Location_88,09:15,Car,Rural Road,Cloudy,Poor road,3,1,0,Female,36,Yes,Yes,417826,10.59158413,80.43212627
TN-2023-04157,29-05-2023,Coimbatore,Location_85,19:25,Car,NH,Sunny,Drunk drive,2,3,0,Male,33,No,Yes,104871,8.248535573,80.03810171
TN-2023-04158,29-08-2023,Salem,Location_52,07:40,Car,Urban Street,Clear,Over speed,3,1,0,Male,47,Yes,No,136981,8.919786395,79.66164002
TN-2023-04159,29-09-2023,Vellore,Location_23,12:28,Two Wheeler,SH,Cloudy,Poor road,4,0,0,Male,18,No,No,219952,8.560520313,79.66181232
TN-2023-04160,28-02-2023,Tiruppur,Location_49,19:16,Two Wheeler,Rural Road,Clear,Over speed,4,0,0,Male,63,No,Yes,355325,12.64593331,78.68229235
TN-2023-04161,14-10-2023,Salem,Location_38,18:16,Car,Urban Street,Fog,Poor road,3,2,2,Male,62,Yes,Yes,198857,13.28930192,77.13741855
TN-2023-04162,21-07-2023,Coimbatore,Location_47,06:00,Two Wheeler,Rural Road,Sunny,Reckless driving,5,0,1,Female,40,No,Yes,262539,8.373860379,78.12373094
TN-2023-04163,01-02-2023,Madurai,Location_72,19:28,Two Wheeler,Rural Road,Clear,Weather,3,1,0,Male,29,Yes,Yes,163986,8.422651736,76.64149306
TN-2023-04164,11-06-2023,Erode,Location_7,13:16,Two Wheeler,NH,Cloudy,Weather,4,3,0,Male,22,No,Yes,284913,11.03692918,78.54893771
TN-2023-04165,12-09-2023,Salem,Location_66,12:28,Two Wheeler,NH,Cloudy,Weather,4,2,1,Male,37,Yes,Yes,347500,10.77219209,76.10350325
TN-2023-04166,11-09-2023,Trichy,Location_94,01:26,Two Wheeler,Urban Street,Rain,Reckless driving,1,2,0,Male,20,Yes,Yes,22199,11.57814673,76.85259305
TN-2023-04167,09-01-2023,Trichy,Location_77,13:32,Two Wheeler,Rural Road,Clear,Drunk drive,2,0,0,Male,19,No,No,452717,12.0524321,79.20532625
TN-2023-04168,19-05-2023,Salem,Location_62,04:38,Two Wheeler,SH,Sunny,Poor road,1,2,0,Male,60,No,No,261420,12.38470706,77.24601559
TN-2023-04169,10-01-2023,Coimbatore,Location_87,18:45,Bus,SH,Sunny,Drunk drive,5,2,2,Male,37,Yes,Yes,182548,8.819958591,77.88983009
TN-2023-04170,02-08-2023,Thoothukudi,Location_29,13:46,Two Wheeler,SH,Rain,Poor road,2,3,0,Male,19,No,Yes,139856,8.208096511,79.74427435
TN-2023-04171,30-09-2023,Coimbatore,Location_38,04:04,Two Wheeler,Urban Street,Cloudy,Over speed,3,2,1,Male,57,No,Yes,259761,12.8903738,76.20051124
TN-2023-04172,20-11-2023,Tiruppur,Location_84,20:23,Auto Rickshaw,NH,Clear,Weather,3,3,2,Male,52,No,Yes,85282,10.58247492,76.10230318
TN-2023-04173,17-02-2023,Coimbatore,Location_33,01:49,Lorry,Urban Street,Cloudy,Weather,5,1,0,Female,21,Yes,Yes,283849,13.3418438,77.03044217
TN-2023-04174,21-04-2023,Tiruppur,Location_29,08:26,Two Wheeler,NH,Clear,Poor road,4,2,1,Male,53,No,No,42166,10.93023217,79.07999517
TN-2023-04175,02-06-2023,Thoothukudi,Location_79,09:25,Auto Rickshaw,SH,Clear,Drunk drive,3,1,0,Female,57,Yes,Yes,160098,10.80515057,77.06254376
TN-2023-04176,03-05-2023,Madurai,Location_23,17:35,Two Wheeler,SH,Clear,Drunk drive,1,3,0,Male,23,Yes,Yes,104147,11.42638647,79.88664283
TN-2023-04177,23-12-2023,Tiruppur,Location_3,07:17,Two Wheeler,NH,Cloudy,Brake failure,4,2,0,Male,31,Yes,Yes,23955,8.935791898,77.58331689
TN-2023-04178,12-04-2023,Tirunelveli,Location_93,19:57,Bicycle,SH,Cloudy,Weather,3,0,0,Male,32,No,Yes,339274,9.397222778,77.27580038
TN-2023-04179,29-08-2023,Trichy,Location_45,16:47,Auto Rickshaw,Urban Street,Cloudy,Weather,4,0,0,Male,54,Yes,Yes,52641,12.98193553,77.04810895
TN-2023-04180,17-11-2023,Erode,Location_8,17:06,Car,NH,Fog,Drunk drive,2,2,0,Female,50,Yes,Yes,201302,9.167802625,78.5828666
TN-2023-04181,10-07-2023,Trichy,Location_86,00:27,Bus,SH,Cloudy,Weather,3,3,0,Male,61,Yes,Yes,275746,9.281339576,79.85340075
TN-2023-04182,05-08-2023,Tiruppur,Location_29,00:49,Bus,Rural Road,Rain,Drunk drive,3,0,0,Male,36,Yes,Yes,49530,10.80491289,77.82728039
TN-2023-04183,20-02-2023,Tirunelveli,Location_2,03:54,Two Wheeler,SH,Fog,Brake failure,4,1,0,Male,29,Yes,Yes,232436,11.52633244,77.13632647
TN-2023-04184,19-10-2023,Chennai,Location_50,19:52,Two Wheeler,Rural Road,Clear,Poor road,2,3,0,Male,60,Yes,Yes,438314,8.004971266,77.89389804
TN-2023-04185,22-03-2023,Madurai,Location_65,19:35,Car,SH,Sunny,Poor road,1,3,0,Male,26,No,Yes,257940,10.51229655,80.07155389
TN-2023-04186,29-03-2023,Madurai,Location_20,05:27,Auto Rickshaw,Rural Road,Fog,Brake failure,2,2,0,Male,36,Yes,Yes,428038,10.19457219,77.50541912
TN-2023-04187,13-07-2023,Chennai,Location_52,02:05,Two Wheeler,SH,Fog,Weather,1,1,0,Male,49,No,Yes,372349,12.76090556,78.9508656
TN-2023-04188,14-04-2023,Erode,Location_85,12:22,Lorry,Rural Road,Clear,Over speed,5,3,0,Male,45,Yes,Yes,276159,12.61833607,77.48382789
TN-2023-04189,28-09-2023,Thoothukudi,Location_37,06:55,Two Wheeler,NH,Cloudy,Weather,2,2,0,Male,45,No,Yes,332423,12.98257899,79.03641023
TN-2023-04190,06-04-2023,Vellore,Location_72,03:00,Car,NH,Cloudy,Drunk drive,1,1,0,Male,48,No,No,302412,12.63127836,79.96454837
TN-2023-04191,17-07-2023,Tirunelveli,Location_27,05:23,Car,Rural Road,Fog,Reckless driving,4,3,0,Male,53,No,Yes,85042,12.3269125,78.69351448
TN-2023-04192,01-01-2023,Tiruppur,Location_47,04:44,Bus,SH,Cloudy,Over speed,1,0,0,Male,30,Yes,Yes,133885,12.72452728,80.2634889
TN-2023-04193,16-06-2023,Vellore,Location_99,18:35,Two Wheeler,Urban Street,Fog,Brake failure,5,1,0,Female,59,No,Yes,20568,8.961435884,78.70682736
TN-2023-04194,06-05-2023,Erode,Location_6,05:44,Two Wheeler,Urban Street,Sunny,Poor road,1,3,0,Female,50,Yes,Yes,188033,9.874670004,80.38694152
TN-2023-04195,09-11-2023,Thoothukudi,Location_60,04:44,Car,Urban Street,Sunny,Poor road,2,1,0,Male,59,Yes,Yes,81114,11.75990079,79.25678701
TN-2023-04196,22-03-2023,Madurai,Location_45,09:34,Two Wheeler,Urban Street,Clear,Weather,1,0,0,Male,35,Yes,Yes,56027,13.07722027,78.93754739
TN-2023-04197,08-09-2023,Tiruppur,Location_44,22:24,Two Wheeler,Rural Road,Rain,Poor road,2,3,0,Male,46,Yes,Yes,172994,11.66799821,79.73424967
TN-2023-04198,18-06-2023,Tiruppur,Location_83,12:31,Bus,NH,Rain,Weather,5,0,0,Male,62,Yes,Yes,469854,9.143718974,76.04991749
TN-2023-04199,14-03-2023,Thoothukudi,Location_18,11:03,Car,NH,Cloudy,Drunk drive,1,2,1,Male,56,No,Yes,90259,13.19565785,77.15762259
TN-2023-04200,21-05-2023,Trichy,Location_65,09:25,Two Wheeler,Urban Street,Rain,Drunk drive,1,2,0,Male,25,No,Yes,228711,12.18187992,76.97240787
TN-2023-04201,11-03-2023,Tirunelveli,Location_25,02:16,Car,NH,Sunny,Brake failure,5,3,0,Male,39,Yes,Yes,472612,11.94099066,76.49904131
TN-2023-04202,19-09-2023,Thoothukudi,Location_27,08:28,Auto Rickshaw,Rural Road,Clear,Reckless driving,1,3,0,Male,18,Yes,No,278924,12.1937864,80.22003987
TN-2023-04203,06-12-2023,Coimbatore,Location_7,00:17,Two Wheeler,Urban Street,Sunny,Drunk drive,2,1,0,Male,48,Yes,Yes,429880,11.6252958,76.58950959
TN-2023-04204,04-11-2023,Coimbatore,Location_44,08:52,Car,Rural Road,Fog,Weather,3,3,1,Female,37,No,Yes,77127,8.121619211,77.18276501
TN-2023-04205,02-09-2023,Thoothukudi,Location_29,19:56,Two Wheeler,Rural Road,Cloudy,Poor road,3,2,0,Male,53,No,Yes,483066,9.394900428,77.50823792
TN-2023-04206,03-01-2023,Madurai,Location_95,08:33,Two Wheeler,SH,Cloudy,Drunk drive,2,3,0,Male,40,Yes,Yes,371122,13.26114512,78.81082584
TN-2023-04207,03-12-2023,Thoothukudi,Location_44,18:27,Two Wheeler,Rural Road,Rain,Drunk drive,1,1,0,Male,34,No,Yes,424393,9.58732354,79.45358909
TN-2023-04208,04-03-2023,Salem,Location_36,15:34,Two Wheeler,SH,Fog,Weather,2,2,0,Male,62,Yes,Yes,59405,12.24394566,78.72104196
TN-2023-04209,18-02-2023,Erode,Location_19,15:20,Lorry,Urban Street,Rain,Drunk drive,5,3,0,Male,27,Yes,Yes,242780,10.33466184,79.37029475
TN-2023-04210,17-03-2023,Coimbatore,Location_6,12:34,Two Wheeler,Rural Road,Rain,Poor road,2,0,0,Male,26,Yes,Yes,56298,12.99140244,77.80955892
TN-2023-04211,24-06-2023,Vellore,Location_25,09:53,Car,NH,Rain,Reckless driving,3,0,0,Male,63,Yes,Yes,221334,11.0671798,80.48100207
TN-2023-04212,19-04-2023,Thoothukudi,Location_31,17:37,Two Wheeler,Urban Street,Fog,Poor road,4,0,0,Male,34,Yes,Yes,241177,11.47537298,76.76541546
TN-2023-04213,02-07-2023,Coimbatore,Location_9,05:49,Two Wheeler,Rural Road,Rain,Reckless driving,5,0,0,Male,20,Yes,Yes,325560,9.317938421,77.79892094
TN-2023-04214,11-07-2023,Erode,Location_84,05:37,Car,Rural Road,Cloudy,Poor road,1,1,0,Male,50,Yes,Yes,105526,8.316378735,79.74482356
TN-2023-04215,06-03-2023,Erode,Location_74,21:12,Lorry,NH,Rain,Poor road,2,0,0,Male,18,Yes,Yes,452364,12.16105961,77.11042089
TN-2023-04216,03-12-2023,Vellore,Location_37,13:52,Auto Rickshaw,SH,Fog,Over speed,5,0,0,Male,37,Yes,Yes,34476,8.372038092,79.37879357
TN-2023-04217,28-09-2023,Tiruppur,Location_27,06:12,Auto Rickshaw,Rural Road,Fog,Poor road,3,3,0,Male,19,Yes,Yes,77168,11.96989005,77.63926177
TN-2023-04218,10-04-2023,Salem,Location_13,14:11,Two Wheeler,Rural Road,Sunny,Over speed,1,0,0,Male,33,No,No,128909,11.05521074,76.79918324
TN-2023-04219,01-02-2023,Thoothukudi,Location_41,20:58,Lorry,NH,Rain,Poor road,2,0,0,Male,26,Yes,Yes,455290,12.51013042,77.81503209
TN-2023-04220,18-12-2023,Chennai,Location_66,00:27,Two Wheeler,Urban Street,Fog,Poor road,2,3,0,Male,31,Yes,Yes,171441,9.131751992,79.53154828
TN-2023-04221,08-05-2023,Thoothukudi,Location_85,02:17,Bus,Rural Road,Rain,Weather,1,2,0,Male,18,Yes,Yes,131970,10.97841292,76.50379816
TN-2023-04222,05-12-2023,Tiruppur,Location_97,21:39,Truck,SH,Clear,Reckless driving,4,1,1,Male,52,Yes,Yes,245946,11.37794263,78.32245699
TN-2023-04223,12-02-2023,Tirunelveli,Location_24,01:03,Two Wheeler,SH,Cloudy,Poor road,4,1,0,Male,35,Yes,Yes,287066,8.408637863,79.33610388
TN-2023-04224,19-03-2023,Trichy,Location_44,17:27,Two Wheeler,NH,Cloudy,Drunk drive,5,2,0,Male,18,Yes,Yes,456087,12.06417376,79.3820742
TN-2023-04225,10-11-2023,Madurai,Location_98,12:46,Car,SH,Rain,Poor road,2,3,0,Male,60,Yes,Yes,305747,10.13966189,77.75314021
TN-2023-04226,16-10-2023,Tiruppur,Location_60,01:41,Bus,Rural Road,Cloudy,Brake failure,5,2,0,Male,22,No,Yes,325215,8.709027492,78.09897271
TN-2023-04227,27-09-2023,Erode,Location_9,01:29,Two Wheeler,SH,Cloudy,Weather,1,1,0,Female,28,No,Yes,130000,10.12885713,79.85544676
TN-2023-04228,11-06-2023,Chennai,Location_2,20:43,Truck,Rural Road,Clear,Weather,5,1,0,Male,55,No,No,457674,8.540658171,76.93770028
TN-2023-04229,08-07-2023,Madurai,Location_56,04:43,Car,NH,Cloudy,Poor road,2,2,0,Male,41,No,Yes,194008,12.8839773,80.4666661
TN-2023-04230,04-09-2023,Coimbatore,Location_30,22:32,Two Wheeler,SH,Cloudy,Brake failure,4,0,2,Female,56,Yes,Yes,117157,10.51217945,77.88656727
TN-2023-04231,04-08-2023,Thoothukudi,Location_22,01:26,Two Wheeler,Rural Road,Fog,Reckless driving,4,1,0,Male,62,No,Yes,192991,8.759154341,77.23953094
TN-2023-04232,11-11-2023,Madurai,Location_75,15:58,Lorry,Urban Street,Cloudy,Poor road,1,2,0,Female,49,Yes,Yes,106801,9.386526228,76.01169708
TN-2023-04233,05-12-2023,Coimbatore,Location_81,21:33,Two Wheeler,Rural Road,Rain,Drunk drive,3,0,0,Male,33,No,Yes,306631,11.98557007,76.56260397
TN-2023-04234,17-06-2023,Trichy,Location_13,15:19,Two Wheeler,Rural Road,Cloudy,Weather,5,0,0,Male,20,No,Yes,332462,12.32348492,79.40429061
TN-2023-04235,05-12-2023,Coimbatore,Location_71,15:05,Car,NH,Rain,Weather,1,3,0,Male,64,No,Yes,45326,8.227240173,78.92153878
TN-2023-04236,12-07-2023,Chennai,Location_16,12:43,Car,Rural Road,Cloudy,Reckless driving,4,2,1,Female,25,No,Yes,422096,8.329341141,77.10927881
TN-2023-04237,10-10-2023,Erode,Location_97,22:41,Bus,NH,Rain,Brake failure,2,1,0,Male,49,Yes,Yes,59927,13.04451844,80.17151403
TN-2023-04238,02-12-2023,Tiruppur,Location_45,04:07,Two Wheeler,Rural Road,Cloudy,Over speed,2,3,0,Male,39,Yes,Yes,428991,9.820402253,79.76059603
TN-2023-04239,13-01-2023,Vellore,Location_65,05:36,Lorry,Rural Road,Rain,Reckless driving,3,1,2,Female,34,Yes,No,21650,9.063281271,77.21173224
TN-2023-04240,28-08-2023,Tiruppur,Location_11,19:21,Truck,Rural Road,Cloudy,Brake failure,3,0,0,Male,44,Yes,Yes,24848,8.676816974,77.48539542
TN-2023-04241,16-11-2023,Tiruppur,Location_70,05:53,Two Wheeler,NH,Clear,Drunk drive,4,2,0,Male,62,No,Yes,44680,10.61776613,76.83139137
TN-2023-04242,27-05-2023,Coimbatore,Location_20,16:37,Bus,Rural Road,Fog,Brake failure,3,0,0,Male,20,No,Yes,205491,12.24078982,78.89151482
TN-2023-04243,23-07-2023,Thoothukudi,Location_99,16:36,Auto Rickshaw,NH,Fog,Reckless driving,3,0,0,Male,43,Yes,Yes,182698,10.86614772,79.15511839
TN-2023-04244,21-03-2023,Madurai,Location_63,22:48,Bus,Urban Street,Fog,Over speed,2,0,0,Female,52,Yes,Yes,147931,8.113705238,77.78146499
TN-2023-04245,12-02-2023,Vellore,Location_90,16:12,Bus,NH,Fog,Drunk drive,5,2,0,Male,30,Yes,No,292922,10.66147731,79.31721416
TN-2023-04246,30-03-2023,Vellore,Location_12,21:06,Two Wheeler,Urban Street,Clear,Drunk drive,2,3,0,Male,34,Yes,Yes,270991,9.714113925,80.46204993
TN-2023-04247,28-05-2023,Madurai,Location_62,21:20,Car,NH,Clear,Over speed,2,1,0,Male,47,Yes,Yes,268750,11.75572544,78.75376693
TN-2023-04248,05-04-2023,Madurai,Location_94,05:13,Car,NH,Cloudy,Poor road,4,0,0,Female,46,Yes,Yes,290220,10.87929933,78.92177735
TN-2023-04249,31-05-2023,Erode,Location_92,15:02,Bus,Rural Road,Clear,Brake failure,4,1,0,Male,31,Yes,Yes,469996,13.30935432,77.68229074
TN-2023-04250,02-01-2023,Chennai,Location_91,08:46,Bicycle,SH,Fog,Reckless driving,5,1,0,Male,47,No,Yes,491867,11.28990285,76.0476386
TN-2023-04251,22-01-2023,Trichy,Location_42,20:49,Two Wheeler,SH,Sunny,Drunk drive,1,3,0,Male,54,No,Yes,470540,11.47864531,80.29264616
TN-2023-04252,09-11-2023,Chennai,Location_83,09:41,Two Wheeler,Rural Road,Cloudy,Reckless driving,3,2,0,Female,61,Yes,Yes,28755,10.86126925,79.47555117
TN-2023-04253,24-11-2023,Madurai,Location_69,22:02,Two Wheeler,Urban Street,Rain,Brake failure,3,1,0,Male,55,Yes,Yes,313500,9.71053018,79.13005657
TN-2023-04254,07-01-2023,Thoothukudi,Location_58,00:02,Bus,Rural Road,Fog,Over speed,2,3,1,Female,26,No,Yes,439643,11.46831737,76.13414751
TN-2023-04255,25-07-2023,Salem,Location_5,04:06,Two Wheeler,SH,Fog,Weather,2,1,0,Male,49,Yes,Yes,199052,9.831013983,79.41555465
TN-2023-04256,24-04-2023,Salem,Location_27,02:35,Car,NH,Fog,Over speed,5,0,0,Male,21,No,Yes,187294,11.94541481,79.01537909
TN-2023-04257,29-09-2023,Trichy,Location_28,16:02,Two Wheeler,Rural Road,Clear,Brake failure,3,3,1,Male,23,Yes,Yes,321088,9.302655405,78.56007754
TN-2023-04258,24-03-2023,Madurai,Location_26,22:03,Car,Urban Street,Rain,Drunk drive,2,2,0,Male,18,No,Yes,66766,10.02213753,78.80620319
TN-2023-04259,28-06-2023,Salem,Location_91,01:13,Two Wheeler,Rural Road,Cloudy,Brake failure,2,2,0,Male,42,Yes,No,192288,11.2100658,80.13264768
TN-2023-04260,29-07-2023,Trichy,Location_49,04:30,Auto Rickshaw,SH,Fog,Weather,4,0,0,Male,57,Yes,Yes,349722,11.45670436,76.03010678
TN-2023-04261,24-11-2023,Vellore,Location_21,20:01,Car,NH,Rain,Drunk drive,1,0,0,Male,55,Yes,No,412297,11.67737074,76.70637473
TN-2023-04262,04-05-2023,Trichy,Location_1,14:42,Truck,SH,Sunny,Weather,5,1,2,Male,20,No,No,66323,11.85174058,80.02640739
TN-2023-04263,23-04-2023,Vellore,Location_92,21:09,Car,SH,Clear,Poor road,1,3,0,Female,38,Yes,No,379697,9.750685075,76.036948
TN-2023-04264,12-01-2023,Erode,Location_58,19:29,Two Wheeler,SH,Fog,Reckless driving,1,3,0,Female,31,Yes,Yes,120224,12.90917024,80.06636264
TN-2023-04265,06-05-2023,Salem,Location_79,00:18,Two Wheeler,SH,Rain,Over speed,5,3,0,Male,47,No,Yes,269571,8.164634845,76.13334333
TN-2023-04266,22-02-2023,Trichy,Location_55,13:24,Bicycle,NH,Rain,Poor road,3,3,1,Male,19,Yes,Yes,463719,9.036364659,79.50702004
TN-2023-04267,27-11-2023,Trichy,Location_81,22:53,Bus,SH,Fog,Brake failure,2,1,0,Male,39,No,Yes,463747,8.385774508,80.00915445
TN-2023-04268,10-10-2023,Trichy,Location_26,13:00,Two Wheeler,Urban Street,Rain,Poor road,5,3,0,Male,30,No,Yes,265015,11.69345335,78.75637266
TN-2023-04269,20-05-2023,Thoothukudi,Location_84,08:16,Bus,Urban Street,Rain,Over speed,2,3,0,Male,42,Yes,Yes,306034,9.505158801,78.88648474
TN-2023-04270,07-04-2023,Trichy,Location_25,13:44,Two Wheeler,SH,Cloudy,Drunk drive,4,2,0,Male,60,Yes,Yes,243417,9.09534429,76.22753679
TN-2023-04271,05-01-2023,Thoothukudi,Location_77,12:37,Two Wheeler,Urban Street,Clear,Reckless driving,1,2,0,Male,28,Yes,Yes,228357,10.64367118,76.94901048
TN-2023-04272,26-02-2023,Tiruppur,Location_33,06:01,Two Wheeler,SH,Cloudy,Weather,4,1,1,Male,27,No,Yes,297510,11.40476137,80.047623
TN-2023-04273,30-11-2023,Erode,Location_89,07:55,Auto Rickshaw,NH,Clear,Drunk drive,1,0,0,Male,61,Yes,Yes,132417,11.40585349,79.7067221
TN-2023-04274,10-03-2023,Tiruppur,Location_72,05:24,Two Wheeler,NH,Clear,Reckless driving,3,2,0,Male,54,Yes,Yes,337604,11.06598891,76.26796454
TN-2023-04275,28-04-2023,Tirunelveli,Location_69,02:17,Two Wheeler,Urban Street,Cloudy,Poor road,5,0,1,Male,42,Yes,Yes,89011,13.45592498,79.658433
TN-2023-04276,28-02-2023,Tiruppur,Location_6,17:53,Two Wheeler,Urban Street,Fog,Brake failure,3,1,1,Male,61,No,Yes,201360,12.73118127,77.90568028
TN-2023-04277,02-02-2023,Madurai,Location_23,22:37,Two Wheeler,SH,Rain,Poor road,1,2,0,Male,52,Yes,Yes,212508,9.313731128,78.523252
TN-2023-04278,14-11-2023,Vellore,Location_30,10:02,Car,Rural Road,Sunny,Over speed,4,2,0,Male,36,Yes,Yes,178414,12.17293943,76.48782456
TN-2023-04279,19-02-2023,Madurai,Location_78,15:04,Two Wheeler,SH,Cloudy,Over speed,1,1,0,Male,45,No,Yes,99406,11.13113472,77.79389818
TN-2023-04280,19-01-2023,Chennai,Location_54,21:33,Two Wheeler,SH,Cloudy,Brake failure,3,3,0,Male,59,No,Yes,498196,8.387854769,77.95709731
TN-2023-04281,02-08-2023,Tiruppur,Location_87,14:47,Truck,NH,Fog,Reckless driving,3,1,0,Male,60,Yes,Yes,194068,8.272695967,79.01269755
TN-2023-04282,16-07-2023,Salem,Location_11,06:47,Two Wheeler,Rural Road,Rain,Drunk drive,4,0,0,Male,27,Yes,Yes,468155,12.39790479,78.95890887
TN-2023-04283,16-02-2023,Coimbatore,Location_31,03:27,Two Wheeler,Rural Road,Cloudy,Over speed,4,0,0,Male,32,Yes,Yes,176803,10.99744879,78.46993516
TN-2023-04284,16-06-2023,Tiruppur,Location_6,15:48,Car,SH,Sunny,Over speed,3,3,0,Male,49,No,Yes,422124,11.14228689,76.14150694
TN-2023-04285,16-10-2023,Erode,Location_11,01:15,Car,NH,Rain,Brake failure,1,1,0,Male,20,No,Yes,278496,9.849479802,76.72675479
TN-2023-04286,21-05-2023,Tiruppur,Location_77,03:06,Lorry,Urban Street,Cloudy,Drunk drive,1,1,0,Male,41,Yes,Yes,315445,13.11691439,76.72121128
TN-2023-04287,25-03-2023,Thoothukudi,Location_12,17:05,Two Wheeler,NH,Cloudy,Poor road,5,3,0,Male,27,Yes,Yes,229943,11.9234128,79.99479595
TN-2023-04288,01-07-2023,Chennai,Location_66,17:27,Auto Rickshaw,Urban Street,Clear,Weather,3,1,1,Male,61,Yes,Yes,28916,13.10274872,80.05769354
TN-2023-04289,20-03-2023,Trichy,Location_53,06:33,Lorry,NH,Clear,Brake failure,5,2,0,Male,47,No,Yes,230753,8.545969916,79.62924215
TN-2023-04290,03-08-2023,Chennai,Location_99,18:40,Bus,Rural Road,Cloudy,Drunk drive,3,1,0,Female,58,No,Yes,265331,11.21051142,76.78695717
TN-2023-04291,14-01-2023,Chennai,Location_36,03:13,Two Wheeler,NH,Fog,Weather,5,2,0,Male,50,Yes,Yes,271599,11.50639987,79.78068231
TN-2023-04292,03-08-2023,Vellore,Location_17,04:24,Two Wheeler,SH,Clear,Brake failure,2,1,0,Male,62,Yes,Yes,195887,8.692963275,76.84417477
TN-2023-04293,08-05-2023,Coimbatore,Location_28,06:07,Car,Urban Street,Cloudy,Poor road,1,2,0,Male,42,Yes,Yes,436094,9.904457435,78.49583814
TN-2023-04294,06-11-2023,Chennai,Location_92,14:58,Auto Rickshaw,NH,Rain,Poor road,1,0,0,Male,56,Yes,Yes,237501,9.18142391,79.3024436
TN-2023-04295,05-09-2023,Vellore,Location_22,18:58,Car,NH,Sunny,Drunk drive,2,3,0,Female,56,Yes,Yes,173602,13.41452437,76.23202452
TN-2023-04296,29-01-2023,Trichy,Location_7,10:19,Two Wheeler,Urban Street,Clear,Drunk drive,4,0,0,Female,42,No,Yes,285910,10.98878355,78.69068192
TN-2023-04297,07-10-2023,Madurai,Location_15,22:35,Two Wheeler,NH,Cloudy,Poor road,2,2,0,Male,55,Yes,Yes,493322,9.733935021,77.13010084
TN-2023-04298,04-12-2023,Trichy,Location_96,17:13,Bus,Urban Street,Clear,Poor road,1,3,0,Male,29,Yes,Yes,478692,11.65473159,78.24035413
TN-2023-04299,15-11-2023,Salem,Location_11,05:24,Bus,Rural Road,Rain,Brake failure,3,0,0,Male,21,No,Yes,382146,11.62751191,77.72756016
TN-2023-04300,21-07-2023,Chennai,Location_24,15:17,Two Wheeler,Urban Street,Fog,Reckless driving,5,0,2,Male,45,Yes,Yes,144751,9.910317068,79.08960321
TN-2023-04301,27-12-2023,Chennai,Location_67,00:39,Two Wheeler,Urban Street,Cloudy,Reckless driving,1,2,0,Female,37,Yes,Yes,116990,13.46657572,78.20135649
TN-2023-04302,26-02-2023,Madurai,Location_30,00:00,Two Wheeler,Rural Road,Rain,Drunk drive,2,1,0,Male,27,No,Yes,327423,12.4492887,77.35733603
TN-2023-04303,06-08-2023,Erode,Location_70,18:20,Car,NH,Sunny,Weather,3,1,0,Female,48,Yes,Yes,280473,10.20174993,80.09661435
TN-2023-04304,03-03-2023,Chennai,Location_66,09:49,Bus,NH,Cloudy,Poor road,1,2,0,Male,36,No,Yes,462367,11.63032639,80.3157413
TN-2023-04305,06-06-2023,Coimbatore,Location_61,11:27,Lorry,Rural Road,Sunny,Weather,2,0,0,Male,19,Yes,Yes,175812,11.90796793,79.60858442
TN-2023-04306,21-07-2023,Tirunelveli,Location_78,16:31,Car,SH,Fog,Drunk drive,1,1,1,Male,21,Yes,Yes,349038,8.955990858,78.61333448
TN-2023-04307,17-01-2023,Chennai,Location_41,00:07,Two Wheeler,Urban Street,Cloudy,Drunk drive,2,1,0,Male,32,Yes,Yes,294404,12.82987545,79.97980219
TN-2023-04308,18-11-2023,Tirunelveli,Location_82,09:25,Bus,NH,Cloudy,Over speed,2,0,0,Female,55,Yes,Yes,462589,12.54320795,78.7075298
TN-2023-04309,06-01-2023,Trichy,Location_51,09:49,Bicycle,NH,Rain,Poor road,1,2,0,Male,50,No,Yes,167744,12.15621212,76.66973543
TN-2023-04310,27-02-2023,Tiruppur,Location_44,08:56,Auto Rickshaw,Urban Street,Clear,Reckless driving,3,2,0,Male,35,Yes,Yes,484019,9.224718336,76.0784232
TN-2023-04311,21-11-2023,Erode,Location_95,01:34,Auto Rickshaw,Urban Street,Cloudy,Reckless driving,1,1,0,Male,57,Yes,Yes,46646,8.749373981,79.26661555
TN-2023-04312,14-11-2023,Vellore,Location_13,01:05,Two Wheeler,Urban Street,Fog,Drunk drive,1,2,0,Male,49,Yes,No,351055,8.99301446,79.38618443
TN-2023-04313,18-06-2023,Thoothukudi,Location_90,22:11,Lorry,SH,Cloudy,Drunk drive,3,0,0,Male,49,No,Yes,257124,8.511603451,80.16621694
TN-2023-04314,23-03-2023,Erode,Location_12,21:50,Auto Rickshaw,Rural Road,Cloudy,Poor road,1,2,0,Female,30,No,No,302839,13.17159956,79.70906882
TN-2023-04315,07-08-2023,Thoothukudi,Location_82,14:18,Bus,SH,Cloudy,Over speed,5,3,2,Male,33,Yes,Yes,153900,12.68321947,78.87812066
TN-2023-04316,26-06-2023,Trichy,Location_9,11:49,Two Wheeler,SH,Cloudy,Over speed,5,2,1,Male,50,Yes,Yes,443308,8.499287068,76.85636546
TN-2023-04317,23-07-2023,Erode,Location_85,15:01,Truck,Urban Street,Fog,Over speed,5,2,0,Male,51,Yes,Yes,389328,11.72883888,78.67322717
TN-2023-04318,12-03-2023,Vellore,Location_48,10:43,Car,Rural Road,Rain,Over speed,2,2,0,Male,31,Yes,Yes,211764,9.350730426,77.95608321
TN-2023-04319,23-09-2023,Thoothukudi,Location_49,04:58,Two Wheeler,NH,Clear,Brake failure,4,3,0,Male,64,Yes,Yes,266262,8.095005093,77.04448811
TN-2023-04320,08-04-2023,Madurai,Location_53,05:24,Two Wheeler,Urban Street,Fog,Poor road,1,0,0,Female,19,No,Yes,297583,9.608156756,79.59608098
TN-2023-04321,11-12-2023,Coimbatore,Location_56,10:20,Car,Rural Road,Fog,Poor road,4,2,0,Male,30,Yes,Yes,401235,10.42016538,76.67300149
TN-2023-04322,18-10-2023,Erode,Location_40,09:35,Two Wheeler,NH,Sunny,Poor road,5,1,0,Male,46,Yes,Yes,225531,8.110209872,78.83652628
TN-2023-04323,27-07-2023,Trichy,Location_24,08:11,Two Wheeler,SH,Clear,Reckless driving,3,2,1,Female,60,Yes,Yes,287492,9.78046017,78.74839263
TN-2023-04324,02-01-2023,Chennai,Location_98,09:58,Bus,Rural Road,Rain,Over speed,5,3,0,Female,59,Yes,Yes,186736,11.85193946,77.36626253
TN-2023-04325,04-05-2023,Vellore,Location_72,13:04,Lorry,SH,Rain,Over speed,1,3,0,Male,51,Yes,Yes,373538,9.256356525,77.93157613
TN-2023-04326,07-10-2023,Thoothukudi,Location_33,00:04,Bus,SH,Sunny,Reckless driving,4,1,0,Male,34,Yes,Yes,315574,10.66691136,76.5245728
TN-2023-04327,15-03-2023,Thoothukudi,Location_23,15:36,Two Wheeler,Rural Road,Sunny,Reckless driving,4,3,0,Female,20,Yes,Yes,364982,12.88169502,76.11489813
TN-2023-04328,15-06-2023,Coimbatore,Location_77,04:28,Bus,NH,Fog,Drunk drive,2,3,0,Male,47,Yes,Yes,178055,8.156150408,76.05858457
TN-2023-04329,22-01-2023,Thoothukudi,Location_54,17:28,Two Wheeler,Rural Road,Rain,Brake failure,3,3,2,Female,21,Yes,Yes,6950,12.3210043,76.78445164
TN-2023-04330,03-06-2023,Tirunelveli,Location_53,05:52,Two Wheeler,NH,Rain,Reckless driving,5,0,0,Male,48,No,No,158804,10.11141053,79.90137881
TN-2023-04331,22-10-2023,Salem,Location_49,17:31,Two Wheeler,Urban Street,Rain,Poor road,3,3,0,Male,22,No,Yes,187542,10.9763244,78.35173932
TN-2023-04332,07-08-2023,Tirunelveli,Location_78,09:46,Auto Rickshaw,Urban Street,Fog,Brake failure,1,2,0,Male,19,Yes,Yes,183357,9.269794502,76.52702179
TN-2023-04333,06-06-2023,Thoothukudi,Location_78,21:10,Two Wheeler,Urban Street,Rain,Reckless driving,2,1,0,Male,21,Yes,Yes,399948,11.18421653,80.07472788
TN-2023-04334,18-08-2023,Vellore,Location_80,18:56,Two Wheeler,SH,Cloudy,Poor road,5,2,0,Female,61,Yes,Yes,191153,12.01884807,78.55999945
TN-2023-04335,20-01-2023,Erode,Location_49,12:26,Two Wheeler,Urban Street,Sunny,Over speed,1,2,0,Male,55,Yes,Yes,431614,9.108458613,76.12548488
TN-2023-04336,10-02-2023,Trichy,Location_60,19:02,Car,SH,Sunny,Over speed,3,1,0,Male,44,No,Yes,179360,9.887978498,79.43228012
TN-2023-04337,28-05-2023,Chennai,Location_90,15:38,Truck,NH,Sunny,Poor road,2,0,0,Male,44,No,Yes,40851,11.12058449,78.13045819
TN-2023-04338,18-04-2023,Erode,Location_90,11:28,Truck,Rural Road,Sunny,Weather,5,0,0,Male,32,Yes,No,273272,10.29229548,78.39788425
TN-2023-04339,25-03-2023,Madurai,Location_65,14:29,Two Wheeler,Rural Road,Cloudy,Over speed,3,3,0,Male,56,Yes,Yes,344208,9.612340828,78.75952085
TN-2023-04340,18-11-2023,Erode,Location_32,07:54,Two Wheeler,SH,Clear,Drunk drive,5,0,0,Male,55,Yes,Yes,85508,10.48428088,76.42502677
TN-2023-04341,05-11-2023,Erode,Location_79,16:00,Two Wheeler,SH,Rain,Reckless driving,2,0,1,Male,31,Yes,Yes,69345,9.599552719,80.26483084
TN-2023-04342,17-10-2023,Trichy,Location_21,20:29,Lorry,SH,Sunny,Over speed,2,3,0,Male,35,Yes,Yes,437420,9.660304709,77.14926608
TN-2023-04343,19-11-2023,Coimbatore,Location_18,07:45,Two Wheeler,NH,Rain,Drunk drive,3,0,0,Male,46,Yes,No,470032,11.35848523,78.798245
TN-2023-04344,14-05-2023,Thoothukudi,Location_94,09:26,Two Wheeler,NH,Rain,Brake failure,5,0,0,Male,24,No,Yes,181324,10.62385899,79.85003335
TN-2023-04345,26-07-2023,Coimbatore,Location_60,18:07,Car,Urban Street,Cloudy,Over speed,4,3,0,Male,55,Yes,Yes,293438,11.72389724,77.49362891
TN-2023-04346,10-10-2023,Madurai,Location_13,18:35,Two Wheeler,Urban Street,Rain,Reckless driving,1,2,0,Male,41,Yes,Yes,486069,12.60594749,78.82398832
TN-2023-04347,23-09-2023,Tiruppur,Location_24,09:54,Two Wheeler,Rural Road,Sunny,Over speed,2,2,0,Female,55,Yes,Yes,128334,13.18630931,80.44994716
TN-2023-04348,14-03-2023,Chennai,Location_30,02:35,Two Wheeler,Urban Street,Rain,Reckless driving,5,1,0,Male,23,Yes,Yes,471856,8.832432319,79.83309647
TN-2023-04349,18-12-2023,Tirunelveli,Location_2,15:55,Two Wheeler,NH,Cloudy,Brake failure,3,0,1,Male,37,Yes,Yes,92134,11.4440469,79.50678108
TN-2023-04350,17-02-2023,Chennai,Location_83,03:24,Car,NH,Sunny,Reckless driving,3,3,2,Male,59,No,No,335987,11.20319746,77.97685091
TN-2023-04351,22-11-2023,Thoothukudi,Location_25,19:51,Truck,NH,Cloudy,Drunk drive,2,3,0,Male,53,No,Yes,462316,12.76819891,78.03071293
TN-2023-04352,21-08-2023,Chennai,Location_50,12:52,Two Wheeler,NH,Fog,Weather,2,0,0,Male,27,No,Yes,287630,12.92739448,78.18492952
TN-2023-04353,10-04-2023,Salem,Location_14,16:22,Two Wheeler,Rural Road,Clear,Reckless driving,4,0,0,Male,39,Yes,Yes,142604,12.18276425,79.10694228
TN-2023-04354,28-02-2023,Tirunelveli,Location_6,15:56,Truck,Rural Road,Rain,Reckless driving,3,3,0,Female,50,Yes,Yes,441147,11.27504006,76.64951752
TN-2023-04355,15-09-2023,Madurai,Location_76,16:30,Auto Rickshaw,NH,Rain,Drunk drive,5,3,0,Male,40,No,Yes,159748,9.095945399,79.87462611
TN-2023-04356,06-03-2023,Thoothukudi,Location_84,05:34,Two Wheeler,SH,Rain,Poor road,1,3,0,Male,63,No,Yes,102488,9.521511186,76.0813557
TN-2023-04357,24-03-2023,Vellore,Location_87,19:55,Bus,Urban Street,Fog,Poor road,1,1,0,Male,58,Yes,Yes,135762,11.31521899,76.76496913
TN-2023-04358,03-06-2023,Madurai,Location_30,03:39,Two Wheeler,Rural Road,Clear,Poor road,4,2,0,Male,59,Yes,Yes,181804,8.766390704,78.16816459
TN-2023-04359,23-09-2023,Salem,Location_30,19:40,Bus,SH,Cloudy,Reckless driving,5,3,0,Male,21,Yes,Yes,412355,9.011802954,77.13452623
TN-2023-04360,05-11-2023,Tirunelveli,Location_38,21:00,Truck,Urban Street,Fog,Brake failure,1,2,1,Male,38,No,Yes,256171,13.01287748,77.64511764
TN-2023-04361,20-03-2023,Trichy,Location_58,12:25,Car,SH,Fog,Drunk drive,1,0,0,Male,30,No,No,79714,13.25971605,77.49662391
TN-2023-04362,11-11-2023,Salem,Location_94,01:54,Car,NH,Sunny,Reckless driving,5,2,0,Male,59,Yes,Yes,382344,8.028790877,77.2103413
TN-2023-04363,30-05-2023,Madurai,Location_41,09:22,Two Wheeler,Urban Street,Fog,Over speed,5,2,0,Male,30,No,Yes,145793,12.7436506,77.7112436
TN-2023-04364,17-02-2023,Thoothukudi,Location_94,18:48,Car,SH,Fog,Reckless driving,2,2,0,Male,29,No,Yes,250376,13.15907466,78.27379766
TN-2023-04365,05-09-2023,Tiruppur,Location_57,12:28,Car,Rural Road,Rain,Poor road,1,0,0,Male,41,Yes,Yes,429436,10.89156709,78.14361461
TN-2023-04366,05-10-2023,Thoothukudi,Location_36,13:26,Bus,Rural Road,Sunny,Drunk drive,1,2,0,Male,52,Yes,Yes,224579,10.4689528,79.65365077
TN-2023-04367,22-12-2023,Tirunelveli,Location_64,10:09,Two Wheeler,Rural Road,Cloudy,Over speed,4,2,0,Male,36,No,Yes,361827,13.05339723,77.38665277
TN-2023-04368,08-04-2023,Tiruppur,Location_98,06:09,Car,Urban Street,Clear,Drunk drive,2,1,0,Male,26,Yes,Yes,147120,8.041432362,77.26859714
TN-2023-04369,25-01-2023,Coimbatore,Location_16,00:13,Car,NH,Cloudy,Brake failure,2,0,1,Male,30,No,Yes,418120,12.6226721,78.27001956
TN-2023-04370,11-10-2023,Tirunelveli,Location_88,02:44,Two Wheeler,NH,Sunny,Poor road,1,2,0,Male,39,Yes,Yes,325391,9.631168363,76.21570456
TN-2023-04371,28-10-2023,Tirunelveli,Location_78,01:16,Two Wheeler,Urban Street,Rain,Weather,3,0,0,Male,57,Yes,Yes,145268,11.52639213,76.50314632
TN-2023-04372,09-03-2023,Salem,Location_90,20:31,Two Wheeler,Urban Street,Clear,Reckless driving,3,3,1,Male,53,Yes,Yes,398256,9.777589156,79.61389595
TN-2023-04373,07-01-2023,Thoothukudi,Location_72,02:57,Bus,NH,Cloudy,Poor road,5,2,1,Male,45,Yes,Yes,62262,10.87619608,78.22169258
TN-2023-04374,01-11-2023,Madurai,Location_14,14:07,Car,Rural Road,Clear,Poor road,2,0,0,Male,58,No,Yes,68866,12.44574439,76.29940922
TN-2023-04375,17-05-2023,Trichy,Location_31,05:25,Auto Rickshaw,NH,Clear,Brake failure,1,2,0,Male,24,Yes,Yes,60146,8.996979267,77.98172316
TN-2023-04376,13-06-2023,Chennai,Location_66,08:56,Two Wheeler,NH,Clear,Over speed,1,2,0,Male,47,Yes,Yes,74465,11.6515524,77.79218966
TN-2023-04377,24-03-2023,Erode,Location_68,10:21,Auto Rickshaw,SH,Fog,Poor road,1,3,0,Female,48,Yes,Yes,92971,12.9408526,77.10760517
TN-2023-04378,18-05-2023,Trichy,Location_65,01:40,Bus,Rural Road,Sunny,Over speed,4,1,0,Male,28,Yes,Yes,134116,12.9557844,77.6744646
TN-2023-04379,14-03-2023,Chennai,Location_55,17:18,Two Wheeler,Urban Street,Sunny,Over speed,3,0,0,Female,47,No,Yes,335855,12.91766515,76.84759931
TN-2023-04380,25-08-2023,Coimbatore,Location_84,21:17,Two Wheeler,NH,Rain,Brake failure,4,2,0,Male,32,No,Yes,52468,10.85154889,78.02076804
TN-2023-04381,15-02-2023,Madurai,Location_78,04:17,Two Wheeler,Rural Road,Cloudy,Poor road,1,3,0,Male,30,No,Yes,43128,12.22235689,77.8383765
TN-2023-04382,16-04-2023,Thoothukudi,Location_40,11:03,Truck,Urban Street,Rain,Reckless driving,1,3,1,Male,52,Yes,Yes,434315,10.4577176,78.73375158
TN-2023-04383,15-10-2023,Vellore,Location_25,14:42,Two Wheeler,SH,Cloudy,Brake failure,2,1,1,Female,52,Yes,Yes,462897,10.53089863,80.23946898
TN-2023-04384,19-09-2023,Tirunelveli,Location_25,18:04,Two Wheeler,SH,Clear,Brake failure,2,1,0,Female,37,No,Yes,446593,9.561198494,76.83458129
TN-2023-04385,25-06-2023,Trichy,Location_3,05:12,Two Wheeler,Rural Road,Cloudy,Weather,3,3,0,Male,60,No,Yes,440165,9.568751078,77.87848419
TN-2023-04386,15-06-2023,Chennai,Location_69,22:41,Lorry,NH,Cloudy,Reckless driving,5,3,0,Male,40,Yes,Yes,362267,8.208033771,78.52999239
TN-2023-04387,25-05-2023,Vellore,Location_26,13:03,Two Wheeler,Urban Street,Clear,Brake failure,1,0,0,Male,54,Yes,Yes,287653,10.92309393,78.4614606
TN-2023-04388,26-11-2023,Trichy,Location_40,19:54,Two Wheeler,Rural Road,Rain,Weather,2,0,0,Male,37,Yes,No,30681,9.698185029,78.97603284
TN-2023-04389,10-10-2023,Madurai,Location_38,11:14,Two Wheeler,SH,Cloudy,Over speed,3,3,0,Male,36,No,No,437413,9.032275381,77.20568671
TN-2023-04390,23-02-2023,Thoothukudi,Location_38,09:10,Two Wheeler,Urban Street,Rain,Reckless driving,4,3,0,Male,61,Yes,Yes,125685,8.669420503,78.85547857
TN-2023-04391,27-06-2023,Tiruppur,Location_68,08:10,Two Wheeler,Urban Street,Rain,Reckless driving,1,1,0,Male,35,Yes,Yes,54506,9.908493565,76.90526564
TN-2023-04392,01-09-2023,Trichy,Location_7,01:44,Car,NH,Sunny,Over speed,5,0,0,Male,21,Yes,Yes,315528,12.94455809,76.56454996
TN-2023-04393,07-12-2023,Trichy,Location_94,21:57,Lorry,SH,Clear,Drunk drive,3,3,0,Male,25,Yes,No,440513,10.84020866,79.7424025
TN-2023-04394,07-05-2023,Thoothukudi,Location_30,07:20,Lorry,SH,Clear,Reckless driving,5,0,0,Male,63,Yes,Yes,400074,11.06314785,78.13182958
TN-2023-04395,28-09-2023,Coimbatore,Location_19,20:07,Lorry,SH,Fog,Drunk drive,1,0,0,Female,47,Yes,Yes,325022,8.298803341,77.78774797
TN-2023-04396,12-05-2023,Salem,Location_35,00:37,Two Wheeler,Urban Street,Rain,Over speed,3,3,0,Male,37,Yes,Yes,147330,10.85915488,80.17831588
TN-2023-04397,03-04-2023,Trichy,Location_33,12:08,Lorry,SH,Fog,Poor road,2,3,1,Male,25,Yes,Yes,378676,11.67186458,79.19390825
TN-2023-04398,14-03-2023,Thoothukudi,Location_33,05:46,Two Wheeler,Rural Road,Clear,Drunk drive,5,2,0,Male,22,Yes,Yes,233583,8.828933709,79.04707948
TN-2023-04399,05-09-2023,Salem,Location_78,22:47,Two Wheeler,SH,Clear,Brake failure,4,0,0,Male,58,Yes,Yes,264477,13.40954588,76.87416877
TN-2023-04400,14-12-2023,Thoothukudi,Location_38,03:57,Truck,Urban Street,Fog,Reckless driving,4,0,2,Male,51,Yes,Yes,19640,13.03312968,76.94166194
TN-2023-04401,30-09-2023,Thoothukudi,Location_10,16:08,Lorry,SH,Clear,Drunk drive,5,1,0,Male,57,No,Yes,388350,13.46206244,78.1739561
TN-2023-04402,12-02-2023,Coimbatore,Location_57,11:21,Car,SH,Clear,Reckless driving,1,1,0,Male,24,No,Yes,251012,9.981743393,78.93536696
TN-2023-04403,10-02-2023,Thoothukudi,Location_28,18:51,Auto Rickshaw,Urban Street,Sunny,Over speed,1,1,0,Male,39,Yes,Yes,195383,12.52264536,77.77872634
TN-2023-04404,19-06-2023,Madurai,Location_78,11:53,Bicycle,SH,Cloudy,Poor road,1,0,0,Male,26,Yes,Yes,485830,9.808046441,76.28883371
TN-2023-04405,31-07-2023,Trichy,Location_38,05:43,Car,NH,Sunny,Over speed,4,3,0,Female,28,Yes,Yes,493239,12.12021266,79.07363019
TN-2023-04406,17-06-2023,Chennai,Location_16,08:51,Car,Urban Street,Cloudy,Poor road,4,3,0,Male,29,No,Yes,192435,13.2130638,79.48188066
TN-2023-04407,08-02-2023,Chennai,Location_21,04:52,Lorry,SH,Sunny,Reckless driving,2,3,0,Male,25,Yes,No,278970,8.85261339,80.24936114
TN-2023-04408,02-09-2023,Chennai,Location_92,02:33,Two Wheeler,NH,Sunny,Drunk drive,1,0,0,Male,49,Yes,Yes,471109,8.771759297,77.83945476
TN-2023-04409,31-05-2023,Thoothukudi,Location_97,07:09,Two Wheeler,Rural Road,Rain,Brake failure,4,3,0,Female,34,Yes,Yes,32375,8.574224716,77.16121625
TN-2023-04410,21-04-2023,Vellore,Location_6,14:40,Lorry,Urban Street,Fog,Brake failure,4,1,0,Male,43,Yes,No,422486,12.3909292,80.16613602
TN-2023-04411,16-02-2023,Salem,Location_41,09:42,Two Wheeler,SH,Sunny,Over speed,1,3,0,Male,50,Yes,Yes,280324,11.66648483,79.21812479
TN-2023-04412,04-03-2023,Salem,Location_15,08:13,Two Wheeler,Urban Street,Rain,Reckless driving,1,3,0,Male,43,Yes,Yes,257456,10.87273337,76.28793836
TN-2023-04413,13-08-2023,Thoothukudi,Location_3,04:26,Two Wheeler,NH,Sunny,Poor road,4,1,0,Male,39,Yes,Yes,160087,12.2565196,78.61012303
TN-2023-04414,10-03-2023,Madurai,Location_43,08:31,Two Wheeler,Urban Street,Fog,Drunk drive,5,2,0,Female,20,No,Yes,279911,12.67457748,76.12836997
TN-2023-04415,26-10-2023,Madurai,Location_47,03:01,Truck,Rural Road,Rain,Poor road,4,2,0,Male,48,Yes,Yes,56809,13.22240636,77.01935813
TN-2023-04416,17-10-2023,Tirunelveli,Location_99,18:32,Bus,SH,Cloudy,Poor road,2,2,0,Male,31,Yes,No,330688,9.106880773,76.319288
TN-2023-04417,23-10-2023,Thoothukudi,Location_14,20:00,Car,Rural Road,Fog,Poor road,3,0,1,Male,35,Yes,No,327729,10.42922144,76.9220112
TN-2023-04418,22-07-2023,Erode,Location_66,11:10,Truck,NH,Clear,Reckless driving,1,0,0,Male,51,Yes,Yes,157331,13.07657338,78.20465216
TN-2023-04419,02-03-2023,Coimbatore,Location_29,00:45,Auto Rickshaw,Urban Street,Rain,Drunk drive,2,1,0,Male,57,No,Yes,96601,10.5372804,77.34489918
TN-2023-04420,14-11-2023,Chennai,Location_4,10:06,Car,SH,Clear,Reckless driving,5,2,0,Male,34,Yes,Yes,419267,10.68210263,76.39605684
TN-2023-04421,10-11-2023,Coimbatore,Location_26,01:14,Auto Rickshaw,SH,Rain,Poor road,3,0,0,Male,58,Yes,No,249287,13.18344877,78.16927138
TN-2023-04422,10-06-2023,Chennai,Location_12,07:53,Two Wheeler,NH,Cloudy,Reckless driving,4,3,1,Male,29,Yes,Yes,79499,12.04071963,79.1881975
TN-2023-04423,27-11-2023,Tiruppur,Location_2,19:56,Two Wheeler,NH,Rain,Brake failure,1,2,0,Male,56,Yes,Yes,125289,11.03626488,76.23906379
TN-2023-04424,16-01-2023,Tiruppur,Location_17,14:25,Two Wheeler,Urban Street,Sunny,Over speed,4,2,0,Male,50,Yes,No,131374,9.965074093,79.97081106
TN-2023-04425,04-12-2023,Thoothukudi,Location_35,07:41,Bus,SH,Clear,Weather,2,0,0,Female,49,Yes,Yes,127258,13.03442208,78.93881425
TN-2023-04426,04-04-2023,Tiruppur,Location_10,18:34,Car,NH,Clear,Poor road,1,2,0,Male,38,Yes,Yes,260850,8.049161768,78.33748664
TN-2023-04427,31-10-2023,Vellore,Location_86,19:45,Bus,SH,Rain,Brake failure,4,1,0,Male,31,No,Yes,463429,9.765534089,77.78342586
TN-2023-04428,18-05-2023,Tirunelveli,Location_43,08:40,Bus,Urban Street,Sunny,Reckless driving,1,1,1,Male,19,No,Yes,421684,13.20340237,77.76979475
TN-2023-04429,04-12-2023,Madurai,Location_21,20:56,Two Wheeler,Rural Road,Sunny,Brake failure,2,0,2,Male,24,Yes,No,460740,10.74012088,77.51001451
TN-2023-04430,07-02-2023,Vellore,Location_15,05:07,Two Wheeler,NH,Rain,Over speed,4,2,0,Female,32,No,Yes,130342,11.43120048,76.5207821
TN-2023-04431,07-05-2023,Coimbatore,Location_35,10:31,Car,Urban Street,Fog,Over speed,3,1,0,Female,48,Yes,Yes,258104,10.92938578,76.35658849
TN-2023-04432,02-10-2023,Coimbatore,Location_85,07:43,Two Wheeler,Rural Road,Cloudy,Weather,5,2,0,Male,45,Yes,Yes,392742,10.18548388,77.38973628
TN-2023-04433,13-06-2023,Tiruppur,Location_85,09:22,Car,Urban Street,Rain,Weather,4,1,0,Male,58,Yes,Yes,400817,11.65905342,79.0017882
TN-2023-04434,15-11-2023,Madurai,Location_85,03:47,Car,NH,Sunny,Weather,1,1,0,Female,25,No,Yes,298807,12.215611,77.29777461
TN-2023-04435,18-03-2023,Tirunelveli,Location_60,19:37,Car,Urban Street,Cloudy,Drunk drive,4,2,0,Male,24,Yes,Yes,286619,10.0043451,79.65519229
TN-2023-04436,23-06-2023,Chennai,Location_44,08:22,Two Wheeler,SH,Rain,Drunk drive,1,0,0,Male,53,Yes,Yes,342007,11.24786797,77.7113079
TN-2023-04437,24-12-2023,Vellore,Location_96,04:20,Car,NH,Cloudy,Brake failure,2,0,0,Female,27,Yes,Yes,448091,8.455169797,78.84037113
TN-2023-04438,17-11-2023,Tirunelveli,Location_5,05:48,Lorry,SH,Fog,Reckless driving,5,0,0,Male,56,Yes,Yes,228839,11.01178853,77.94361049
TN-2023-04439,01-04-2023,Trichy,Location_73,16:24,Bicycle,Urban Street,Sunny,Over speed,1,2,2,Male,64,No,Yes,399255,12.11262297,78.24021921
TN-2023-04440,26-08-2023,Salem,Location_18,21:12,Auto Rickshaw,NH,Fog,Poor road,4,2,1,Male,47,Yes,Yes,318850,11.21884112,77.12572256
TN-2023-04441,21-09-2023,Tiruppur,Location_21,16:13,Car,SH,Fog,Over speed,2,2,0,Male,62,Yes,Yes,98240,12.83146197,78.31241085
TN-2023-04442,28-06-2023,Chennai,Location_72,01:25,Two Wheeler,SH,Sunny,Drunk drive,3,0,1,Male,57,No,Yes,8346,9.57406253,76.49793882
TN-2023-04443,28-07-2023,Trichy,Location_98,18:25,Bus,SH,Fog,Brake failure,4,2,0,Female,58,Yes,Yes,28262,10.70465838,77.74045411
TN-2023-04444,14-03-2023,Chennai,Location_74,02:01,Truck,Rural Road,Rain,Poor road,5,0,0,Male,58,Yes,Yes,278420,8.48113974,78.01735434
TN-2023-04445,17-04-2023,Chennai,Location_51,01:21,Two Wheeler,SH,Rain,Weather,2,1,0,Male,22,Yes,Yes,340606,11.85011502,79.16798175
TN-2023-04446,11-12-2023,Tiruppur,Location_41,06:03,Two Wheeler,SH,Cloudy,Weather,4,0,0,Male,38,Yes,Yes,369051,10.43590331,77.8009953
TN-2023-04447,22-10-2023,Chennai,Location_24,16:37,Two Wheeler,Urban Street,Rain,Drunk drive,1,0,0,Female,23,Yes,Yes,482546,10.91701011,78.99446203
TN-2023-04448,11-10-2023,Tirunelveli,Location_24,06:19,Bus,Urban Street,Rain,Brake failure,1,3,1,Male,33,Yes,Yes,221395,8.706170647,76.78577259
TN-2023-04449,19-12-2023,Tirunelveli,Location_96,05:08,Two Wheeler,Urban Street,Cloudy,Reckless driving,1,3,0,Male,33,No,Yes,221496,13.48543504,76.11351721
TN-2023-04450,01-07-2023,Trichy,Location_97,19:30,Two Wheeler,Urban Street,Clear,Over speed,4,0,0,Male,41,No,Yes,399478,12.24556015,78.27676362
TN-2023-04451,06-02-2023,Coimbatore,Location_38,03:25,Auto Rickshaw,Rural Road,Sunny,Drunk drive,5,3,0,Male,63,Yes,Yes,190753,10.20346375,78.13241852
TN-2023-04452,17-05-2023,Madurai,Location_44,04:50,Car,Urban Street,Rain,Reckless driving,1,2,0,Female,36,No,Yes,212394,11.13477845,79.01388623
TN-2023-04453,04-12-2023,Vellore,Location_57,09:17,Two Wheeler,Urban Street,Cloudy,Reckless driving,4,3,0,Male,36,Yes,Yes,67632,11.40294426,77.41095368
TN-2023-04454,25-02-2023,Vellore,Location_59,14:56,Two Wheeler,Urban Street,Fog,Over speed,4,3,0,Male,54,Yes,Yes,209169,13.28421317,76.13439412
TN-2023-04455,06-07-2023,Erode,Location_34,00:04,Two Wheeler,SH,Fog,Poor road,5,3,0,Male,50,No,Yes,222419,12.22613736,79.25606322
TN-2023-04456,07-12-2023,Tiruppur,Location_75,04:39,Car,Rural Road,Rain,Over speed,2,0,0,Male,22,Yes,Yes,173949,9.923167505,80.23995218
TN-2023-04457,15-09-2023,Thoothukudi,Location_95,21:21,Two Wheeler,Urban Street,Sunny,Poor road,2,1,0,Male,26,Yes,Yes,127056,13.3773814,77.77418596
TN-2023-04458,27-02-2023,Thoothukudi,Location_82,21:51,Car,SH,Cloudy,Reckless driving,4,1,1,Male,38,No,Yes,46975,9.659879693,78.75007501
TN-2023-04459,29-12-2023,Trichy,Location_23,14:16,Lorry,NH,Cloudy,Brake failure,2,1,0,Male,24,Yes,Yes,141004,11.17320336,78.45109246
TN-2023-04460,03-05-2023,Chennai,Location_86,18:44,Bus,Rural Road,Cloudy,Drunk drive,3,1,0,Male,59,Yes,Yes,192550,11.85367223,78.54700656
TN-2023-04461,07-07-2023,Chennai,Location_43,21:20,Two Wheeler,Urban Street,Cloudy,Over speed,5,1,0,Male,42,Yes,No,137533,9.491191858,79.90319296
TN-2023-04462,18-08-2023,Tiruppur,Location_82,09:16,Car,SH,Cloudy,Brake failure,4,1,0,Male,64,Yes,Yes,155841,13.25998602,79.31351548
TN-2023-04463,17-06-2023,Salem,Location_40,04:17,Auto Rickshaw,NH,Sunny,Brake failure,2,0,0,Male,38,Yes,Yes,400361,9.188604462,79.46403885
TN-2023-04464,24-04-2023,Coimbatore,Location_47,16:03,Two Wheeler,NH,Cloudy,Over speed,2,2,0,Male,61,Yes,Yes,27331,10.42975273,76.40516877
TN-2023-04465,09-09-2023,Erode,Location_41,21:06,Two Wheeler,SH,Sunny,Weather,5,2,0,Male,30,Yes,Yes,494482,8.989303159,76.66018361
TN-2023-04466,17-04-2023,Tirunelveli,Location_47,04:39,Car,SH,Sunny,Reckless driving,1,1,1,Female,38,Yes,Yes,248272,12.81243146,78.98487078
TN-2023-04467,06-02-2023,Chennai,Location_20,07:42,Car,Rural Road,Sunny,Weather,2,3,1,Male,27,No,Yes,470109,9.21880671,78.43206003
TN-2023-04468,01-12-2023,Erode,Location_77,08:18,Two Wheeler,SH,Fog,Poor road,5,3,0,Male,41,No,Yes,60335,8.191077883,79.48425244
TN-2023-04469,02-04-2023,Vellore,Location_65,18:08,Bus,Urban Street,Clear,Brake failure,1,0,0,Male,44,Yes,Yes,376118,8.214172214,76.41882994
TN-2023-04470,18-01-2023,Salem,Location_68,22:30,Car,NH,Rain,Drunk drive,4,1,0,Male,50,Yes,Yes,229219,10.27564356,78.54919205
TN-2023-04471,20-12-2023,Tirunelveli,Location_24,19:30,Auto Rickshaw,Urban Street,Fog,Drunk drive,1,1,0,Male,43,Yes,Yes,120132,10.87527685,78.18731229
TN-2023-04472,04-03-2023,Tiruppur,Location_36,16:47,Two Wheeler,Urban Street,Clear,Brake failure,2,3,1,Female,53,No,Yes,105047,8.229012474,79.84609094
TN-2023-04473,30-05-2023,Erode,Location_45,06:57,Lorry,Urban Street,Fog,Weather,4,1,0,Female,34,Yes,Yes,166353,8.510759405,76.84217038
TN-2023-04474,19-05-2023,Trichy,Location_2,21:34,Two Wheeler,NH,Sunny,Reckless driving,4,1,0,Male,38,Yes,Yes,496553,8.53604625,77.56920913
TN-2023-04475,05-07-2023,Tirunelveli,Location_28,20:50,Car,NH,Sunny,Brake failure,1,3,0,Male,62,Yes,Yes,21445,11.67675707,76.67712157
TN-2023-04476,04-07-2023,Tiruppur,Location_26,07:36,Car,NH,Cloudy,Poor road,4,2,0,Male,19,Yes,Yes,358358,9.648982613,78.03279625
TN-2023-04477,24-07-2023,Thoothukudi,Location_23,05:33,Two Wheeler,SH,Sunny,Brake failure,1,2,0,Male,32,No,Yes,491353,11.09414959,79.96632616
TN-2023-04478,17-09-2023,Tiruppur,Location_79,18:12,Auto Rickshaw,Urban Street,Fog,Over speed,1,0,0,Male,61,Yes,No,157748,8.405327841,79.01650065
TN-2023-04479,02-08-2023,Tiruppur,Location_36,05:37,Two Wheeler,Rural Road,Rain,Weather,1,3,0,Male,19,No,Yes,355814,12.90663558,79.34934452
TN-2023-04480,13-09-2023,Tirunelveli,Location_91,01:57,Car,SH,Sunny,Over speed,5,0,0,Male,24,Yes,Yes,336268,9.674382976,76.42001595
TN-2023-04481,15-05-2023,Salem,Location_6,04:10,Two Wheeler,SH,Clear,Over speed,2,1,0,Female,53,Yes,Yes,117946,12.28010398,78.03411671
TN-2023-04482,02-03-2023,Tirunelveli,Location_35,10:23,Bus,Rural Road,Fog,Brake failure,4,3,0,Male,63,No,No,5352,12.54686689,79.7740166
TN-2023-04483,29-12-2023,Madurai,Location_38,13:44,Two Wheeler,Urban Street,Clear,Reckless driving,3,2,0,Male,60,Yes,Yes,88001,13.43349751,79.76865824
TN-2023-04484,06-11-2023,Coimbatore,Location_35,07:46,Auto Rickshaw,Rural Road,Cloudy,Brake failure,2,1,0,Male,49,Yes,Yes,252930,12.07571397,80.44609087
TN-2023-04485,29-03-2023,Salem,Location_74,11:34,Auto Rickshaw,NH,Cloudy,Reckless driving,3,2,0,Male,20,Yes,Yes,154084,10.43543051,78.36718373
TN-2023-04486,20-11-2023,Trichy,Location_94,20:54,Auto Rickshaw,Urban Street,Rain,Drunk drive,1,2,0,Male,20,No,Yes,271242,8.83945299,76.00932143
TN-2023-04487,26-07-2023,Salem,Location_53,04:37,Two Wheeler,SH,Fog,Reckless driving,4,0,1,Male,50,No,No,413598,8.263297259,80.04577223
TN-2023-04488,09-05-2023,Vellore,Location_38,01:39,Car,NH,Rain,Over speed,2,3,0,Male,62,Yes,Yes,379025,12.87442899,80.30288522
TN-2023-04489,07-11-2023,Trichy,Location_93,04:53,Two Wheeler,NH,Clear,Brake failure,3,3,0,Male,42,No,Yes,79542,10.45664866,80.17485792
TN-2023-04490,03-01-2023,Thoothukudi,Location_59,16:57,Auto Rickshaw,SH,Rain,Drunk drive,3,3,0,Male,54,Yes,Yes,393895,12.12480024,79.47360066
TN-2023-04491,30-08-2023,Tirunelveli,Location_43,01:10,Bus,Rural Road,Clear,Over speed,3,0,0,Male,53,No,Yes,156416,10.72981764,76.95361728
TN-2023-04492,01-05-2023,Tiruppur,Location_4,03:10,Car,NH,Rain,Drunk drive,2,2,0,Male,52,No,Yes,114615,12.83815462,76.62575684
TN-2023-04493,12-04-2023,Tirunelveli,Location_5,08:05,Bus,NH,Cloudy,Weather,5,0,0,Male,36,No,No,260898,12.12315938,79.15398702
TN-2023-04494,07-02-2023,Vellore,Location_68,01:57,Two Wheeler,Urban Street,Fog,Poor road,1,3,0,Male,62,Yes,Yes,251012,8.470017676,76.63190354
TN-2023-04495,07-12-2023,Erode,Location_45,14:36,Car,Urban Street,Rain,Over speed,4,1,1,Male,36,Yes,Yes,172459,12.13680798,80.28992049
TN-2023-04496,13-05-2023,Vellore,Location_80,11:44,Two Wheeler,SH,Clear,Brake failure,3,3,0,Male,50,Yes,Yes,280543,9.467477818,78.00622497
TN-2023-04497,21-07-2023,Madurai,Location_25,16:03,Truck,SH,Fog,Reckless driving,2,3,0,Male,35,Yes,Yes,238781,12.25180916,76.13866777
TN-2023-04498,14-12-2023,Tiruppur,Location_78,09:32,Auto Rickshaw,SH,Cloudy,Weather,3,2,0,Male,44,No,Yes,267675,13.21683251,76.6776712
TN-2023-04499,21-01-2023,Tiruppur,Location_11,10:47,Bus,Rural Road,Cloudy,Drunk drive,2,3,2,Male,47,No,Yes,211466,13.11572715,77.30716531
TN-2023-04500,30-08-2023,Chennai,Location_29,10:08,Truck,NH,Sunny,Poor road,5,3,0,Male,48,No,Yes,54348,8.687501279,79.16689616
TN-2023-04501,19-04-2023,Erode,Location_34,01:38,Two Wheeler,SH,Fog,Reckless driving,3,2,2,Female,56,Yes,Yes,223498,8.300697316,79.31781546
TN-2023-04502,30-10-2023,Chennai,Location_86,18:29,Auto Rickshaw,Urban Street,Rain,Over speed,3,3,0,Female,20,Yes,No,210735,12.27339902,76.95861341
TN-2023-04503,25-03-2023,Thoothukudi,Location_14,17:19,Two Wheeler,NH,Cloudy,Poor road,4,3,0,Male,39,Yes,Yes,417922,11.90478942,78.91849989
TN-2023-04504,24-03-2023,Coimbatore,Location_24,06:22,Bus,SH,Rain,Weather,2,2,1,Female,27,Yes,Yes,99011,8.968948624,76.14322316
TN-2023-04505,18-10-2023,Coimbatore,Location_59,08:43,Bus,NH,Rain,Poor road,2,1,0,Female,25,Yes,Yes,277325,11.76512033,76.46283816
TN-2023-04506,10-03-2023,Tirunelveli,Location_39,02:22,Two Wheeler,NH,Clear,Over speed,5,2,0,Female,51,Yes,Yes,275798,8.085183262,78.40754804
TN-2023-04507,09-05-2023,Coimbatore,Location_26,21:57,Two Wheeler,NH,Rain,Weather,3,3,0,Male,59,Yes,Yes,162050,11.47139147,79.16720638
TN-2023-04508,15-07-2023,Tiruppur,Location_43,15:38,Two Wheeler,SH,Sunny,Drunk drive,4,0,0,Female,35,Yes,Yes,170573,12.57768056,80.11465266
TN-2023-04509,20-05-2023,Vellore,Location_36,22:57,Bicycle,NH,Fog,Over speed,1,1,0,Male,29,No,Yes,62366,11.5301145,77.96988614
TN-2023-04510,10-10-2023,Erode,Location_39,04:56,Two Wheeler,NH,Fog,Poor road,4,2,0,Male,63,Yes,Yes,450115,8.359680314,76.53978877
TN-2023-04511,08-11-2023,Tirunelveli,Location_61,22:38,Car,NH,Clear,Over speed,4,1,0,Male,49,Yes,No,391845,13.45034804,80.18039484
TN-2023-04512,22-08-2023,Tirunelveli,Location_16,18:48,Lorry,Urban Street,Sunny,Weather,4,1,0,Male,19,Yes,Yes,319534,9.958503135,77.96846958
TN-2023-04513,23-01-2023,Erode,Location_59,15:29,Two Wheeler,SH,Sunny,Poor road,4,0,1,Male,34,Yes,No,458799,10.09263005,78.23862895
TN-2023-04514,02-06-2023,Tiruppur,Location_96,20:23,Car,Rural Road,Fog,Drunk drive,3,0,0,Female,29,No,No,47543,8.466132355,79.84493277
TN-2023-04515,04-10-2023,Thoothukudi,Location_6,20:25,Car,Urban Street,Sunny,Reckless driving,4,0,0,Female,24,Yes,Yes,211036,8.919147249,78.63600862
TN-2023-04516,02-03-2023,Thoothukudi,Location_98,18:56,Two Wheeler,NH,Cloudy,Brake failure,2,3,0,Female,32,Yes,Yes,476076,9.491466864,77.35652615
TN-2023-04517,15-11-2023,Tirunelveli,Location_56,17:50,Lorry,NH,Rain,Drunk drive,2,2,0,Female,19,Yes,Yes,472349,12.39561303,78.43351197
TN-2023-04518,21-02-2023,Thoothukudi,Location_8,03:25,Two Wheeler,Rural Road,Rain,Over speed,4,3,0,Male,44,No,Yes,303035,11.80461844,78.81187494
TN-2023-04519,10-12-2023,Tiruppur,Location_94,00:58,Two Wheeler,Rural Road,Fog,Brake failure,2,2,0,Male,43,No,Yes,313993,11.21006856,80.0040995
TN-2023-04520,02-06-2023,Madurai,Location_27,03:03,Car,Urban Street,Fog,Reckless driving,3,3,0,Female,42,Yes,Yes,227221,12.75141268,77.05675512
TN-2023-04521,25-08-2023,Madurai,Location_71,08:07,Two Wheeler,NH,Sunny,Reckless driving,1,3,0,Male,29,No,Yes,30105,13.48792855,78.51720564
TN-2023-04522,07-11-2023,Chennai,Location_27,01:28,Auto Rickshaw,Rural Road,Clear,Weather,4,0,0,Female,34,Yes,Yes,225273,10.11625952,80.14224567
TN-2023-04523,29-10-2023,Salem,Location_89,22:05,Auto Rickshaw,Urban Street,Fog,Reckless driving,2,3,0,Male,18,No,Yes,378518,10.15172885,76.20462756
TN-2023-04524,01-02-2023,Trichy,Location_46,22:42,Car,Rural Road,Fog,Poor road,2,0,0,Female,48,Yes,No,372396,12.04849157,76.87555516
TN-2023-04525,24-02-2023,Coimbatore,Location_41,03:45,Two Wheeler,NH,Fog,Poor road,3,2,0,Male,57,Yes,Yes,181513,11.54391855,77.55841711
TN-2023-04526,18-12-2023,Thoothukudi,Location_79,20:21,Two Wheeler,NH,Sunny,Weather,3,0,0,Male,22,No,Yes,111614,8.073663963,79.0531078
TN-2023-04527,05-02-2023,Madurai,Location_25,08:33,Two Wheeler,NH,Cloudy,Reckless driving,1,1,1,Female,45,Yes,Yes,154354,11.60485018,79.78831272
TN-2023-04528,20-04-2023,Vellore,Location_86,00:35,Car,NH,Fog,Over speed,5,1,0,Male,45,No,Yes,157905,11.95784614,76.89626882
TN-2023-04529,26-06-2023,Erode,Location_18,11:04,Lorry,SH,Cloudy,Drunk drive,5,3,1,Male,25,Yes,Yes,65996,13.42265126,77.11017015
TN-2023-04530,28-12-2023,Salem,Location_12,08:21,Two Wheeler,SH,Sunny,Brake failure,5,1,0,Male,31,Yes,Yes,474023,11.22724051,79.70478446
TN-2023-04531,10-11-2023,Chennai,Location_87,03:47,Two Wheeler,SH,Clear,Weather,1,2,0,Male,23,Yes,No,131913,11.76429796,76.66754578
TN-2023-04532,22-10-2023,Trichy,Location_51,01:15,Car,Urban Street,Rain,Reckless driving,4,3,0,Male,35,Yes,Yes,468595,12.33811238,77.17529624
TN-2023-04533,02-12-2023,Madurai,Location_39,15:52,Two Wheeler,Urban Street,Rain,Over speed,5,0,1,Female,54,No,Yes,118392,8.527777913,79.29712114
TN-2023-04534,07-04-2023,Chennai,Location_89,21:42,Bus,Rural Road,Rain,Over speed,5,3,0,Male,27,Yes,Yes,248000,12.04058697,76.74771458
TN-2023-04535,01-08-2023,Salem,Location_10,00:14,Car,Rural Road,Rain,Brake failure,2,3,0,Male,64,Yes,Yes,191684,11.00776143,79.72615086
TN-2023-04536,13-11-2023,Erode,Location_94,03:17,Car,Urban Street,Sunny,Weather,2,1,0,Male,52,Yes,Yes,425612,8.550415706,78.20732469
TN-2023-04537,17-05-2023,Coimbatore,Location_74,16:06,Two Wheeler,Rural Road,Rain,Drunk drive,4,3,0,Male,52,No,Yes,108252,11.68434464,78.01407434
TN-2023-04538,06-01-2023,Madurai,Location_98,17:44,Auto Rickshaw,Urban Street,Sunny,Drunk drive,3,2,0,Male,34,No,Yes,479769,9.289773511,76.60864841
TN-2023-04539,19-04-2023,Erode,Location_77,19:51,Two Wheeler,SH,Clear,Weather,1,3,0,Male,63,Yes,Yes,181943,10.95843819,79.05846229
TN-2023-04540,04-02-2023,Trichy,Location_54,09:00,Auto Rickshaw,Urban Street,Fog,Poor road,5,0,0,Male,44,Yes,Yes,476335,9.545281153,79.97800467
TN-2023-04541,08-02-2023,Thoothukudi,Location_29,01:48,Two Wheeler,Urban Street,Fog,Reckless driving,1,0,0,Male,41,Yes,Yes,30439,8.574950073,79.11448548
TN-2023-04542,30-05-2023,Salem,Location_41,21:31,Auto Rickshaw,Rural Road,Fog,Drunk drive,2,1,0,Female,27,Yes,Yes,484203,9.379754295,77.42598071
TN-2023-04543,28-04-2023,Trichy,Location_9,02:16,Bus,Rural Road,Sunny,Poor road,1,3,0,Male,34,Yes,No,455615,10.41343642,79.144594
TN-2023-04544,18-09-2023,Coimbatore,Location_63,11:23,Two Wheeler,Urban Street,Sunny,Weather,2,0,0,Male,62,No,Yes,107275,10.71770872,78.29474107
TN-2023-04545,28-03-2023,Erode,Location_77,11:29,Auto Rickshaw,NH,Sunny,Reckless driving,1,3,0,Male,50,Yes,Yes,125883,8.816645056,79.84178697
TN-2023-04546,17-03-2023,Tiruppur,Location_37,19:41,Bus,Rural Road,Clear,Over speed,2,3,2,Male,50,Yes,Yes,302596,9.765382434,78.06841195
TN-2023-04547,09-11-2023,Coimbatore,Location_14,06:41,Two Wheeler,Urban Street,Cloudy,Weather,1,0,0,Male,34,Yes,Yes,266566,12.72664854,77.06786193
TN-2023-04548,02-08-2023,Tirunelveli,Location_73,17:53,Two Wheeler,Rural Road,Sunny,Over speed,5,3,0,Male,35,No,Yes,438065,13.00710173,76.455653
TN-2023-04549,12-10-2023,Madurai,Location_72,05:06,Car,NH,Sunny,Weather,5,1,0,Male,61,Yes,Yes,194856,10.94350148,77.26480043
TN-2023-04550,27-08-2023,Thoothukudi,Location_39,16:29,Bus,Rural Road,Fog,Poor road,4,1,0,Male,55,Yes,Yes,313181,10.69698884,78.53592949
TN-2023-04551,14-06-2023,Salem,Location_40,11:48,Bus,Urban Street,Rain,Reckless driving,1,0,0,Female,24,Yes,Yes,301721,11.19775019,76.76519139
TN-2023-04552,28-03-2023,Vellore,Location_54,17:45,Bus,Urban Street,Rain,Poor road,3,2,0,Male,43,No,Yes,35106,9.180132007,76.1789251
TN-2023-04553,21-05-2023,Erode,Location_3,10:01,Bus,NH,Clear,Reckless driving,4,2,0,Female,18,Yes,Yes,33799,13.46464132,78.01979373
TN-2023-04554,09-06-2023,Tiruppur,Location_55,20:32,Lorry,Urban Street,Rain,Weather,1,3,0,Female,28,Yes,Yes,290646,12.09899997,77.56344453
TN-2023-04555,15-02-2023,Vellore,Location_33,10:33,Car,NH,Cloudy,Over speed,3,1,0,Female,27,Yes,Yes,354628,9.313102337,77.89175781
TN-2023-04556,22-04-2023,Madurai,Location_96,15:53,Two Wheeler,Urban Street,Fog,Weather,5,0,0,Male,48,Yes,Yes,330656,9.49680524,78.04360035
TN-2023-04557,14-02-2023,Madurai,Location_71,02:51,Auto Rickshaw,Urban Street,Clear,Over speed,5,1,1,Male,42,Yes,Yes,365508,11.56626813,79.44731712
TN-2023-04558,04-09-2023,Salem,Location_19,00:20,Two Wheeler,Rural Road,Rain,Poor road,5,2,0,Male,18,No,Yes,413457,9.775655911,80.32417085
TN-2023-04559,14-04-2023,Tiruppur,Location_34,19:07,Two Wheeler,Rural Road,Rain,Brake failure,3,2,2,Female,60,Yes,Yes,303319,9.954242246,77.18027997
TN-2023-04560,26-03-2023,Madurai,Location_78,18:25,Bus,NH,Fog,Drunk drive,2,3,0,Male,20,No,Yes,259339,12.29518469,80.24079496
TN-2023-04561,14-05-2023,Vellore,Location_50,00:25,Two Wheeler,Rural Road,Clear,Poor road,1,0,0,Male,18,Yes,Yes,429575,9.468098773,77.02769029
TN-2023-04562,18-04-2023,Tiruppur,Location_47,04:29,Two Wheeler,SH,Fog,Weather,4,3,0,Male,24,Yes,No,321062,11.87882658,79.39725298
TN-2023-04563,18-01-2023,Vellore,Location_46,00:10,Two Wheeler,NH,Clear,Weather,4,1,0,Male,60,Yes,Yes,199298,13.14186675,79.06605722
TN-2023-04564,04-04-2023,Coimbatore,Location_56,20:40,Car,SH,Rain,Over speed,5,1,0,Male,31,Yes,Yes,463748,8.682743363,76.23499997
TN-2023-04565,30-05-2023,Trichy,Location_57,04:01,Truck,NH,Fog,Drunk drive,2,2,0,Male,40,Yes,Yes,272039,8.793563071,79.26214811
TN-2023-04566,03-09-2023,Tiruppur,Location_83,12:17,Car,SH,Fog,Reckless driving,1,3,0,Male,34,Yes,Yes,366111,13.18580205,80.05505211
TN-2023-04567,16-10-2023,Chennai,Location_51,11:13,Car,Rural Road,Cloudy,Poor road,1,1,0,Male,31,Yes,Yes,27842,9.119355915,80.18600034
TN-2023-04568,28-07-2023,Trichy,Location_54,04:58,Two Wheeler,Rural Road,Fog,Drunk drive,4,1,0,Male,26,Yes,No,267033,8.114954574,79.08337032
TN-2023-04569,06-05-2023,Trichy,Location_90,09:51,Two Wheeler,Urban Street,Clear,Drunk drive,4,1,0,Male,38,Yes,Yes,414567,12.77679354,79.53964616
TN-2023-04570,23-08-2023,Tiruppur,Location_81,01:03,Two Wheeler,SH,Cloudy,Poor road,4,0,1,Male,62,Yes,Yes,183036,9.552665878,76.32193833
TN-2023-04571,02-05-2023,Thoothukudi,Location_28,11:10,Two Wheeler,Urban Street,Fog,Over speed,1,2,1,Male,19,No,Yes,408035,9.640946643,76.72563691
TN-2023-04572,18-05-2023,Madurai,Location_19,03:42,Two Wheeler,NH,Fog,Reckless driving,4,3,0,Male,49,No,Yes,120914,9.248066304,77.18115848
TN-2023-04573,25-04-2023,Coimbatore,Location_27,08:09,Two Wheeler,SH,Cloudy,Over speed,1,1,0,Female,25,Yes,Yes,253007,13.04716794,78.39102268
TN-2023-04574,11-06-2023,Thoothukudi,Location_48,05:14,Two Wheeler,Urban Street,Rain,Over speed,5,0,0,Male,53,No,Yes,417352,12.25930256,77.73810135
TN-2023-04575,20-07-2023,Thoothukudi,Location_19,09:30,Bus,NH,Fog,Brake failure,2,1,0,Male,43,Yes,Yes,195325,11.28235851,78.95710766
TN-2023-04576,22-08-2023,Chennai,Location_97,21:52,Auto Rickshaw,SH,Sunny,Drunk drive,4,1,1,Female,54,No,Yes,253705,10.49292074,78.00559954
TN-2023-04577,28-01-2023,Erode,Location_51,05:32,Truck,Urban Street,Rain,Brake failure,1,2,0,Male,32,No,Yes,35612,8.789415653,79.48760008
TN-2023-04578,11-01-2023,Tiruppur,Location_7,20:53,Car,SH,Fog,Over speed,5,0,0,Male,51,No,Yes,193400,13.09292724,79.21114637
TN-2023-04579,25-07-2023,Vellore,Location_29,19:29,Two Wheeler,SH,Rain,Reckless driving,3,1,0,Male,38,Yes,Yes,220675,12.12314978,79.36276629
TN-2023-04580,16-06-2023,Madurai,Location_43,20:35,Bus,Urban Street,Clear,Poor road,5,2,1,Male,40,Yes,Yes,109563,9.533859459,79.72981962
TN-2023-04581,04-09-2023,Thoothukudi,Location_69,22:57,Two Wheeler,Rural Road,Rain,Drunk drive,2,0,0,Male,26,No,Yes,482138,13.21122836,79.75400087
TN-2023-04582,16-02-2023,Coimbatore,Location_94,21:45,Bus,Rural Road,Cloudy,Poor road,5,1,1,Female,57,Yes,Yes,494129,13.14355018,79.50798571
TN-2023-04583,03-09-2023,Erode,Location_58,19:21,Lorry,Urban Street,Fog,Weather,4,3,0,Male,43,No,No,203132,11.62735355,76.29666962
TN-2023-04584,07-05-2023,Chennai,Location_8,19:39,Bus,NH,Rain,Drunk drive,4,2,0,Male,60,No,Yes,123398,13.41751956,78.80441508
TN-2023-04585,27-05-2023,Tirunelveli,Location_42,10:46,Truck,Urban Street,Sunny,Poor road,3,1,0,Male,39,No,Yes,86767,9.02986535,76.08905244
TN-2023-04586,28-04-2023,Madurai,Location_76,18:39,Bus,Urban Street,Clear,Over speed,1,1,0,Male,30,Yes,Yes,285984,12.02264698,79.34691568
TN-2023-04587,01-06-2023,Tirunelveli,Location_42,12:17,Bus,SH,Clear,Brake failure,5,0,2,Male,42,Yes,Yes,226748,8.836968625,76.27475983
TN-2023-04588,13-03-2023,Trichy,Location_13,21:55,Two Wheeler,Rural Road,Rain,Poor road,3,3,0,Male,24,Yes,Yes,80144,11.80430164,80.42446748
TN-2023-04589,29-12-2023,Thoothukudi,Location_26,16:37,Auto Rickshaw,Rural Road,Cloudy,Reckless driving,4,2,0,Male,44,No,Yes,66609,13.05918501,78.76335194
TN-2023-04590,17-05-2023,Salem,Location_18,14:12,Two Wheeler,Rural Road,Clear,Weather,1,0,0,Female,32,Yes,Yes,107171,10.94853659,76.81899143
TN-2023-04591,24-06-2023,Madurai,Location_42,17:10,Auto Rickshaw,Rural Road,Rain,Over speed,1,1,0,Male,29,Yes,Yes,25388,12.19686651,78.10725779
TN-2023-04592,16-10-2023,Vellore,Location_51,12:32,Two Wheeler,Urban Street,Rain,Weather,2,2,0,Male,62,Yes,No,493508,8.787169507,79.72004639
TN-2023-04593,19-01-2023,Erode,Location_84,17:36,Two Wheeler,SH,Clear,Reckless driving,4,1,0,Female,50,Yes,Yes,184258,11.48257014,76.80999083
TN-2023-04594,14-07-2023,Coimbatore,Location_16,05:00,Lorry,Rural Road,Rain,Reckless driving,1,1,0,Male,38,Yes,No,453415,8.347555429,78.41548962
TN-2023-04595,26-11-2023,Madurai,Location_3,06:26,Two Wheeler,Rural Road,Rain,Brake failure,2,3,0,Male,42,Yes,Yes,343856,8.202938319,76.01611345
TN-2023-04596,24-06-2023,Vellore,Location_91,03:31,Auto Rickshaw,SH,Sunny,Weather,2,1,0,Male,57,Yes,Yes,489856,11.4873442,79.54791812
TN-2023-04597,20-12-2023,Tiruppur,Location_79,08:14,Two Wheeler,Urban Street,Rain,Reckless driving,4,2,0,Male,64,Yes,No,464121,11.15044719,76.87573421
TN-2023-04598,21-05-2023,Tirunelveli,Location_98,05:24,Auto Rickshaw,Urban Street,Rain,Poor road,1,1,0,Male,39,Yes,Yes,196700,9.81088128,77.74230186
TN-2023-04599,03-09-2023,Tiruppur,Location_45,16:51,Bus,Urban Street,Cloudy,Reckless driving,1,2,0,Male,31,No,Yes,449541,10.82111286,78.38609665
TN-2023-04600,03-04-2023,Erode,Location_22,17:21,Bus,Rural Road,Clear,Reckless driving,5,3,0,Male,25,No,Yes,358431,11.76387083,76.65187695
TN-2023-04601,27-08-2023,Chennai,Location_23,03:08,Two Wheeler,Rural Road,Cloudy,Poor road,1,1,0,Male,41,Yes,Yes,82376,11.546003,80.17001881
TN-2023-04602,24-07-2023,Thoothukudi,Location_59,13:02,Two Wheeler,Rural Road,Fog,Over speed,2,0,0,Male,20,Yes,Yes,266839,8.404978813,78.10962762
TN-2023-04603,17-02-2023,Madurai,Location_62,00:26,Auto Rickshaw,Urban Street,Cloudy,Brake failure,3,2,0,Male,29,No,No,244731,11.72965627,77.04302603
TN-2023-04604,02-09-2023,Salem,Location_68,10:00,Two Wheeler,Rural Road,Fog,Brake failure,4,1,0,Male,64,Yes,Yes,355807,11.62743194,79.30814247
TN-2023-04605,16-11-2023,Tirunelveli,Location_54,11:56,Two Wheeler,NH,Fog,Drunk drive,3,0,0,Male,39,Yes,Yes,49553,11.68287695,80.02396042
TN-2023-04606,13-11-2023,Tirunelveli,Location_57,08:04,Car,SH,Cloudy,Drunk drive,1,2,0,Male,33,Yes,Yes,289127,12.66044294,80.10701912
TN-2023-04607,22-10-2023,Madurai,Location_23,14:49,Car,NH,Sunny,Poor road,2,0,0,Male,24,Yes,Yes,18147,11.17186453,77.94010273
TN-2023-04608,08-05-2023,Trichy,Location_60,08:44,Two Wheeler,NH,Cloudy,Reckless driving,3,1,0,Female,35,Yes,Yes,85433,13.15845472,77.61757573
TN-2023-04609,10-12-2023,Tiruppur,Location_73,12:23,Two Wheeler,Rural Road,Clear,Weather,4,3,0,Male,62,No,Yes,313832,13.39005104,80.18165838
TN-2023-04610,09-10-2023,Tirunelveli,Location_88,12:58,Two Wheeler,SH,Cloudy,Reckless driving,5,3,0,Male,40,Yes,No,298627,12.13514107,76.23777172
TN-2023-04611,17-01-2023,Vellore,Location_85,09:41,Auto Rickshaw,NH,Sunny,Reckless driving,3,0,0,Male,43,Yes,Yes,48582,9.972749646,79.37743048
TN-2023-04612,12-03-2023,Coimbatore,Location_55,21:38,Two Wheeler,Urban Street,Cloudy,Weather,5,1,0,Male,55,Yes,Yes,86893,8.787041286,76.79878972
TN-2023-04613,26-09-2023,Thoothukudi,Location_80,21:36,Truck,Urban Street,Sunny,Over speed,1,1,0,Male,19,Yes,Yes,383453,12.51076955,78.09475581
TN-2023-04614,21-11-2023,Tirunelveli,Location_63,19:38,Two Wheeler,Urban Street,Clear,Brake failure,1,2,0,Female,19,Yes,Yes,91208,8.806477848,80.29161513
TN-2023-04615,09-10-2023,Vellore,Location_56,19:09,Two Wheeler,Urban Street,Rain,Poor road,4,1,0,Male,39,Yes,Yes,316650,8.803931821,78.61516657
TN-2023-04616,01-11-2023,Erode,Location_55,09:25,Car,SH,Sunny,Weather,5,3,0,Male,55,No,Yes,275393,13.05473406,78.35548338
TN-2023-04617,07-01-2023,Erode,Location_25,20:55,Two Wheeler,Urban Street,Sunny,Drunk drive,5,1,1,Male,59,No,No,363892,11.07929971,76.27810341
TN-2023-04618,10-11-2023,Thoothukudi,Location_26,12:14,Car,SH,Sunny,Poor road,4,2,0,Male,45,Yes,Yes,256083,9.613331353,77.24803246
TN-2023-04619,01-11-2023,Trichy,Location_49,05:51,Auto Rickshaw,SH,Clear,Over speed,3,2,0,Male,34,Yes,Yes,471423,13.29641137,76.01372996
TN-2023-04620,13-04-2023,Salem,Location_63,11:18,Two Wheeler,SH,Fog,Poor road,4,1,0,Male,35,Yes,Yes,41141,11.89031877,79.93752581
TN-2023-04621,05-11-2023,Thoothukudi,Location_45,10:37,Lorry,SH,Sunny,Weather,1,1,0,Male,19,Yes,Yes,454880,10.9416448,78.90184605
TN-2023-04622,12-07-2023,Chennai,Location_73,00:01,Two Wheeler,Rural Road,Clear,Over speed,5,2,0,Male,52,Yes,Yes,123043,9.812141401,76.53112449
TN-2023-04623,29-08-2023,Trichy,Location_79,22:14,Two Wheeler,NH,Rain,Reckless driving,2,2,1,Female,32,Yes,Yes,33791,11.72139092,77.6356271
TN-2023-04624,03-03-2023,Tirunelveli,Location_39,03:04,Two Wheeler,Rural Road,Sunny,Drunk drive,2,0,1,Male,32,Yes,Yes,289112,12.01992342,79.65136904
TN-2023-04625,17-01-2023,Thoothukudi,Location_97,14:42,Auto Rickshaw,NH,Fog,Drunk drive,1,3,0,Male,61,No,Yes,23639,11.91660599,76.63136439
TN-2023-04626,20-06-2023,Tiruppur,Location_65,09:16,Two Wheeler,Rural Road,Clear,Weather,5,3,0,Male,62,No,Yes,127591,9.074357068,77.03619387
TN-2023-04627,25-01-2023,Erode,Location_69,01:51,Auto Rickshaw,Urban Street,Rain,Over speed,5,0,0,Male,51,Yes,Yes,78196,11.8348433,78.43632935
TN-2023-04628,08-09-2023,Vellore,Location_56,09:51,Car,SH,Fog,Drunk drive,4,0,0,Male,32,No,No,341643,11.19795782,76.65225991
TN-2023-04629,10-09-2023,Thoothukudi,Location_9,02:50,Two Wheeler,Urban Street,Rain,Over speed,3,3,0,Male,35,Yes,Yes,10755,12.67541933,77.72217853
TN-2023-04630,26-07-2023,Tiruppur,Location_70,04:02,Car,Urban Street,Fog,Poor road,4,2,0,Male,30,Yes,Yes,235056,11.43622841,80.41957478
TN-2023-04631,29-01-2023,Trichy,Location_28,07:04,Lorry,Urban Street,Cloudy,Brake failure,2,3,0,Male,55,Yes,Yes,217080,8.804521749,78.44733098
TN-2023-04632,27-04-2023,Chennai,Location_45,11:13,Bus,Rural Road,Cloudy,Brake failure,5,2,0,Male,25,Yes,Yes,234947,9.751929939,79.15687502
TN-2023-04633,09-10-2023,Vellore,Location_26,06:10,Car,Urban Street,Cloudy,Brake failure,3,3,0,Female,33,Yes,Yes,465093,12.09099716,78.98476472
TN-2023-04634,24-05-2023,Coimbatore,Location_28,07:36,Auto Rickshaw,SH,Rain,Drunk drive,4,2,0,Male,37,No,Yes,164242,12.0697898,76.95272211
TN-2023-04635,25-01-2023,Chennai,Location_40,07:11,Two Wheeler,SH,Cloudy,Weather,3,3,0,Male,43,No,Yes,23963,9.224931342,79.80751024
TN-2023-04636,06-11-2023,Tirunelveli,Location_15,14:18,Auto Rickshaw,NH,Clear,Brake failure,2,0,0,Male,52,Yes,Yes,36961,9.950263243,76.5492257
TN-2023-04637,05-06-2023,Tiruppur,Location_6,15:45,Auto Rickshaw,Rural Road,Clear,Reckless driving,3,1,0,Male,34,Yes,Yes,386062,8.084258028,80.14717811
TN-2023-04638,14-03-2023,Thoothukudi,Location_27,06:39,Bus,SH,Cloudy,Weather,5,1,0,Male,43,No,Yes,365798,9.824375015,76.97232345
TN-2023-04639,30-04-2023,Thoothukudi,Location_38,06:29,Lorry,SH,Fog,Brake failure,3,1,0,Male,35,No,Yes,329157,8.144864596,80.29634929
TN-2023-04640,08-11-2023,Madurai,Location_68,17:23,Car,Rural Road,Fog,Poor road,3,2,1,Male,61,Yes,Yes,250638,12.80078889,79.59083558
TN-2023-04641,17-11-2023,Erode,Location_75,05:57,Bus,Urban Street,Rain,Brake failure,4,1,0,Male,24,No,Yes,190974,11.66655984,76.76942459
TN-2023-04642,03-04-2023,Tirunelveli,Location_85,18:03,Car,SH,Fog,Weather,3,3,0,Female,61,Yes,No,248519,13.33031274,76.72181211
TN-2023-04643,27-03-2023,Tiruppur,Location_64,22:02,Two Wheeler,Urban Street,Sunny,Drunk drive,3,1,0,Male,52,Yes,Yes,168513,12.90558332,76.38038248
TN-2023-04644,02-12-2023,Thoothukudi,Location_30,16:53,Car,SH,Fog,Reckless driving,2,2,0,Female,29,No,Yes,7691,11.31911405,77.11309925
TN-2023-04645,30-12-2023,Coimbatore,Location_82,18:58,Two Wheeler,NH,Clear,Poor road,3,2,2,Male,64,Yes,No,58447,10.76610765,78.9659804
TN-2023-04646,28-04-2023,Vellore,Location_99,14:57,Two Wheeler,Urban Street,Fog,Weather,4,2,0,Male,61,Yes,Yes,44154,12.8604847,78.34136107
TN-2023-04647,21-08-2023,Tirunelveli,Location_3,05:25,Two Wheeler,SH,Rain,Over speed,4,3,0,Male,58,Yes,Yes,280597,9.641282979,78.76007855
TN-2023-04648,18-07-2023,Trichy,Location_62,11:50,Two Wheeler,Rural Road,Fog,Brake failure,5,2,0,Male,18,Yes,Yes,90240,9.229350325,76.14013272
TN-2023-04649,25-07-2023,Coimbatore,Location_12,05:10,Two Wheeler,Rural Road,Rain,Poor road,2,3,0,Male,42,Yes,Yes,81629,10.25511615,76.35987122
TN-2023-04650,05-12-2023,Vellore,Location_91,19:28,Auto Rickshaw,Rural Road,Sunny,Drunk drive,1,2,0,Male,33,Yes,Yes,356894,8.29258815,79.11388321
TN-2023-04651,27-05-2023,Salem,Location_30,19:09,Two Wheeler,SH,Cloudy,Over speed,5,0,0,Male,32,Yes,Yes,187104,9.660845037,79.81558755
TN-2023-04652,28-09-2023,Erode,Location_85,15:26,Bus,Urban Street,Sunny,Brake failure,3,2,0,Female,28,Yes,No,273067,8.460241797,77.617398
TN-2023-04653,19-05-2023,Tirunelveli,Location_38,17:13,Two Wheeler,NH,Clear,Poor road,2,1,0,Female,54,Yes,Yes,227196,8.289635154,76.74917084
TN-2023-04654,30-06-2023,Tiruppur,Location_85,03:58,Two Wheeler,NH,Sunny,Reckless driving,5,1,0,Male,56,Yes,Yes,125304,11.03236899,77.38759983
TN-2023-04655,30-01-2023,Chennai,Location_60,11:51,Two Wheeler,SH,Sunny,Weather,4,0,0,Male,20,Yes,Yes,195553,11.89490868,77.85413484
TN-2023-04656,26-02-2023,Vellore,Location_38,22:20,Two Wheeler,SH,Clear,Brake failure,2,2,0,Male,62,Yes,No,195231,10.95170986,78.83561168
TN-2023-04657,20-08-2023,Trichy,Location_15,07:38,Car,SH,Clear,Poor road,2,1,0,Female,62,Yes,Yes,19929,8.388175571,77.84263041
TN-2023-04658,26-05-2023,Thoothukudi,Location_18,08:23,Car,Urban Street,Cloudy,Brake failure,3,1,0,Male,59,Yes,Yes,59292,10.17233143,80.03668506
TN-2023-04659,17-02-2023,Chennai,Location_52,16:41,Two Wheeler,Rural Road,Cloudy,Reckless driving,2,3,0,Male,56,Yes,Yes,487366,8.610232895,77.80545578
TN-2023-04660,13-07-2023,Coimbatore,Location_29,02:20,Car,Urban Street,Fog,Poor road,2,3,0,Male,37,No,Yes,66742,11.57535005,76.81618084
TN-2023-04661,12-08-2023,Erode,Location_60,07:13,Auto Rickshaw,Urban Street,Rain,Weather,1,2,0,Male,40,Yes,Yes,189644,12.54523558,77.11755073
TN-2023-04662,16-05-2023,Tiruppur,Location_21,06:15,Two Wheeler,SH,Clear,Brake failure,3,0,0,Male,32,No,Yes,181910,8.641881474,78.09324818
TN-2023-04663,22-01-2023,Chennai,Location_17,17:30,Two Wheeler,NH,Sunny,Poor road,2,2,0,Male,35,Yes,Yes,310054,8.36769021,79.52108204
TN-2023-04664,06-01-2023,Trichy,Location_18,10:37,Bus,Urban Street,Sunny,Over speed,2,3,1,Female,56,Yes,Yes,367201,10.23273568,79.9123309
TN-2023-04665,23-07-2023,Vellore,Location_57,19:52,Two Wheeler,NH,Cloudy,Drunk drive,1,3,1,Female,52,Yes,No,85131,9.669105221,76.83380824
TN-2023-04666,27-08-2023,Tiruppur,Location_37,13:52,Truck,SH,Rain,Reckless driving,1,2,0,Female,46,Yes,Yes,126726,9.433794179,76.01562358
TN-2023-04667,04-07-2023,Salem,Location_60,12:03,Car,Urban Street,Clear,Poor road,4,2,0,Male,37,Yes,Yes,459275,9.162678748,79.91233965
TN-2023-04668,26-12-2023,Thoothukudi,Location_38,19:30,Car,Rural Road,Cloudy,Poor road,3,2,0,Female,59,Yes,Yes,219187,9.743087592,77.0268841
TN-2023-04669,19-10-2023,Erode,Location_12,19:10,Two Wheeler,Rural Road,Rain,Poor road,1,2,1,Male,32,No,Yes,38393,13.3095594,79.69748233
TN-2023-04670,01-12-2023,Chennai,Location_75,17:00,Car,Urban Street,Clear,Brake failure,2,0,0,Male,49,Yes,Yes,324932,12.71719019,78.47836559
TN-2023-04671,08-08-2023,Erode,Location_84,11:17,Two Wheeler,Rural Road,Sunny,Reckless driving,1,1,0,Female,29,No,Yes,323654,11.30746399,77.81851994
TN-2023-04672,26-04-2023,Erode,Location_73,06:43,Truck,Urban Street,Sunny,Drunk drive,5,2,0,Male,29,Yes,Yes,242650,12.40261008,76.6604069
TN-2023-04673,09-11-2023,Erode,Location_1,00:53,Car,Rural Road,Cloudy,Reckless driving,4,1,0,Male,42,No,Yes,414753,8.081045458,79.02416691
TN-2023-04674,18-02-2023,Vellore,Location_58,03:17,Two Wheeler,SH,Rain,Brake failure,4,3,0,Male,51,No,Yes,374073,8.613004253,79.68170816
TN-2023-04675,22-06-2023,Erode,Location_3,14:30,Car,Rural Road,Sunny,Poor road,3,1,0,Female,25,Yes,Yes,419112,9.608538503,78.07492352
TN-2023-04676,23-03-2023,Salem,Location_63,02:38,Two Wheeler,Rural Road,Rain,Reckless driving,4,2,0,Female,41,Yes,Yes,94987,11.5414445,78.00859907
TN-2023-04677,18-11-2023,Coimbatore,Location_21,05:14,Two Wheeler,SH,Cloudy,Poor road,3,1,0,Male,62,Yes,Yes,344640,12.85877693,79.39875595
TN-2023-04678,29-11-2023,Trichy,Location_23,14:05,Car,SH,Fog,Drunk drive,5,2,0,Female,18,Yes,Yes,340086,9.271270872,78.25053376
TN-2023-04679,14-02-2023,Tiruppur,Location_9,07:39,Car,Rural Road,Rain,Over speed,2,2,1,Female,42,No,Yes,273093,8.765613511,79.53525663
TN-2023-04680,01-12-2023,Salem,Location_83,21:00,Car,NH,Rain,Brake failure,5,3,2,Male,51,Yes,Yes,248813,12.66355644,76.24352389
TN-2023-04681,20-01-2023,Tiruppur,Location_55,12:54,Two Wheeler,NH,Cloudy,Over speed,3,2,2,Male,31,No,No,391903,10.25024604,79.85933778
TN-2023-04682,09-08-2023,Trichy,Location_19,20:44,Car,Urban Street,Fog,Reckless driving,3,3,0,Male,53,Yes,Yes,52070,11.84729642,77.1793179
TN-2023-04683,03-05-2023,Coimbatore,Location_62,10:03,Two Wheeler,Rural Road,Sunny,Poor road,3,0,0,Male,23,Yes,Yes,74793,11.01415795,76.76137581
TN-2023-04684,22-08-2023,Tirunelveli,Location_87,06:11,Car,Urban Street,Clear,Poor road,2,2,0,Male,62,Yes,No,135685,8.967512716,76.14532078
TN-2023-04685,09-08-2023,Tiruppur,Location_91,12:53,Car,SH,Cloudy,Weather,3,3,0,Male,26,Yes,Yes,103081,11.85316425,79.75332895
TN-2023-04686,19-11-2023,Tiruppur,Location_91,11:15,Bus,Rural Road,Clear,Weather,5,3,0,Male,18,Yes,No,341513,10.31428002,76.27051881
TN-2023-04687,05-12-2023,Coimbatore,Location_39,05:13,Auto Rickshaw,SH,Fog,Over speed,2,2,0,Female,26,Yes,Yes,435378,9.58261696,80.29493687
TN-2023-04688,03-01-2023,Chennai,Location_76,18:47,Auto Rickshaw,Rural Road,Fog,Weather,5,1,1,Female,41,No,Yes,154831,12.96484057,78.54178907
TN-2023-04689,01-07-2023,Salem,Location_27,03:36,Bicycle,Rural Road,Rain,Reckless driving,2,3,0,Male,56,Yes,Yes,309560,8.032922023,79.14407433
TN-2023-04690,25-07-2023,Chennai,Location_46,08:55,Truck,SH,Clear,Drunk drive,3,0,1,Male,35,Yes,Yes,406940,10.22678353,79.2638969
TN-2023-04691,16-11-2023,Chennai,Location_34,02:53,Lorry,Rural Road,Clear,Reckless driving,2,1,0,Female,56,Yes,Yes,193043,9.652815969,77.3170802
TN-2023-04692,09-02-2023,Chennai,Location_33,09:16,Truck,Rural Road,Fog,Over speed,1,1,0,Male,35,Yes,Yes,363947,8.2996372,79.62906257
TN-2023-04693,28-02-2023,Erode,Location_92,18:41,Auto Rickshaw,Urban Street,Clear,Reckless driving,5,2,0,Male,58,Yes,Yes,208642,8.442327983,80.25808304
TN-2023-04694,03-03-2023,Thoothukudi,Location_95,11:54,Bus,SH,Sunny,Weather,1,3,0,Male,45,Yes,Yes,291464,8.947577917,77.66432999
TN-2023-04695,12-05-2023,Tiruppur,Location_96,06:17,Two Wheeler,NH,Fog,Weather,1,0,1,Male,19,Yes,Yes,319875,10.7774985,79.75907226
TN-2023-04696,01-03-2023,Chennai,Location_50,18:14,Two Wheeler,NH,Rain,Drunk drive,3,3,0,Male,54,Yes,Yes,150833,9.554539544,79.47417917
TN-2023-04697,27-11-2023,Salem,Location_20,06:43,Auto Rickshaw,Rural Road,Rain,Reckless driving,3,0,0,Female,58,Yes,Yes,116974,12.60822457,78.65318142
TN-2023-04698,02-05-2023,Thoothukudi,Location_40,21:38,Car,Urban Street,Rain,Drunk drive,1,3,0,Male,53,Yes,Yes,495639,9.319867453,77.6542719
TN-2023-04699,17-04-2023,Thoothukudi,Location_99,09:56,Lorry,Rural Road,Clear,Over speed,2,2,1,Male,41,Yes,Yes,25016,11.96121659,77.86833382
TN-2023-04700,06-04-2023,Chennai,Location_95,21:29,Two Wheeler,Urban Street,Fog,Brake failure,3,0,0,Male,52,No,Yes,315789,9.157071721,77.38423834
TN-2023-04701,13-12-2023,Vellore,Location_58,19:31,Two Wheeler,Rural Road,Rain,Reckless driving,5,2,1,Male,23,Yes,Yes,424963,8.234039095,77.91821716
TN-2023-04702,23-08-2023,Chennai,Location_31,09:24,Bus,NH,Fog,Reckless driving,1,3,0,Male,34,Yes,Yes,13928,9.455419489,80.45332113
TN-2023-04703,03-03-2023,Vellore,Location_38,22:04,Auto Rickshaw,SH,Clear,Drunk drive,5,0,1,Male,47,Yes,Yes,318322,12.60662689,77.63536646
TN-2023-04704,13-09-2023,Chennai,Location_86,17:40,Two Wheeler,Urban Street,Sunny,Weather,5,0,0,Male,25,Yes,Yes,478868,8.452381288,78.99479389
TN-2023-04705,18-02-2023,Salem,Location_45,15:38,Auto Rickshaw,Rural Road,Sunny,Over speed,5,3,0,Male,59,Yes,Yes,289844,9.894726146,77.43822895
TN-2023-04706,14-12-2023,Vellore,Location_41,09:36,Lorry,Rural Road,Sunny,Brake failure,1,2,0,Female,27,Yes,Yes,253328,8.044092482,78.09991481
TN-2023-04707,08-06-2023,Erode,Location_9,06:04,Two Wheeler,Urban Street,Clear,Reckless driving,4,0,0,Female,33,No,Yes,181866,11.46634514,76.37698299
TN-2023-04708,04-05-2023,Thoothukudi,Location_9,14:50,Two Wheeler,Urban Street,Rain,Over speed,3,0,1,Female,55,Yes,Yes,352803,13.18517882,79.43455406
TN-2023-04709,13-11-2023,Chennai,Location_63,09:07,Two Wheeler,NH,Clear,Weather,5,0,0,Male,43,Yes,Yes,332359,10.11401397,78.97461001
TN-2023-04710,26-07-2023,Thoothukudi,Location_79,08:10,Two Wheeler,Urban Street,Fog,Brake failure,1,3,0,Male,48,No,Yes,22825,11.17304863,77.56368254
TN-2023-04711,17-02-2023,Chennai,Location_77,21:33,Car,Rural Road,Sunny,Brake failure,4,1,0,Female,25,Yes,Yes,89127,10.48756479,78.36180107
TN-2023-04712,16-05-2023,Tiruppur,Location_22,02:12,Two Wheeler,NH,Fog,Drunk drive,1,3,1,Male,52,No,Yes,63486,13.35331907,79.92499826
TN-2023-04713,20-07-2023,Tiruppur,Location_16,10:31,Two Wheeler,NH,Clear,Poor road,3,2,0,Male,51,No,Yes,317256,12.04799264,76.19994722
TN-2023-04714,07-09-2023,Madurai,Location_32,09:58,Auto Rickshaw,SH,Cloudy,Weather,1,1,0,Male,27,Yes,Yes,398304,8.243226509,80.18597424
TN-2023-04715,10-11-2023,Chennai,Location_66,14:37,Car,SH,Cloudy,Poor road,2,0,0,Female,57,Yes,Yes,26171,8.597985663,78.11859821
TN-2023-04716,23-12-2023,Madurai,Location_90,00:45,Car,SH,Clear,Weather,2,0,1,Female,61,No,Yes,377041,10.58764458,79.86844932
TN-2023-04717,14-11-2023,Coimbatore,Location_14,17:23,Two Wheeler,Urban Street,Rain,Over speed,5,1,0,Male,29,Yes,Yes,441673,11.47460261,79.87667316
TN-2023-04718,22-10-2023,Coimbatore,Location_38,10:39,Lorry,NH,Fog,Poor road,1,0,0,Female,58,Yes,Yes,80907,9.597177389,76.26420525
TN-2023-04719,10-11-2023,Thoothukudi,Location_98,21:02,Auto Rickshaw,Urban Street,Clear,Reckless driving,1,0,0,Male,44,No,Yes,315808,11.7105459,79.51717557
TN-2023-04720,28-07-2023,Vellore,Location_8,13:01,Car,NH,Clear,Reckless driving,5,3,1,Male,36,Yes,Yes,342487,11.17088968,79.29790324
TN-2023-04721,21-12-2023,Chennai,Location_21,15:37,Auto Rickshaw,Rural Road,Cloudy,Reckless driving,5,3,0,Male,43,Yes,Yes,187334,10.39300918,76.19437096
TN-2023-04722,30-07-2023,Trichy,Location_56,00:45,Auto Rickshaw,Urban Street,Sunny,Brake failure,4,2,0,Male,32,Yes,Yes,473775,11.20263364,80.23242042
TN-2023-04723,11-07-2023,Chennai,Location_46,09:05,Bus,NH,Sunny,Drunk drive,1,0,0,Female,48,Yes,Yes,201715,13.04054941,78.85546706
TN-2023-04724,13-02-2023,Chennai,Location_43,08:38,Bus,SH,Rain,Weather,3,2,0,Male,63,No,Yes,483870,9.337622763,76.75390304
TN-2023-04725,29-01-2023,Trichy,Location_92,01:10,Two Wheeler,SH,Rain,Drunk drive,3,2,0,Male,54,Yes,Yes,489947,12.35166563,76.55393737
TN-2023-04726,28-02-2023,Coimbatore,Location_46,13:36,Two Wheeler,Rural Road,Rain,Weather,3,1,0,Female,35,No,Yes,141578,8.06576436,78.52887847
TN-2023-04727,12-03-2023,Madurai,Location_48,08:06,Two Wheeler,Urban Street,Cloudy,Reckless driving,5,1,0,Male,46,Yes,Yes,73991,8.466390792,76.26475419
TN-2023-04728,02-04-2023,Thoothukudi,Location_70,13:58,Two Wheeler,NH,Clear,Brake failure,5,0,0,Male,61,Yes,Yes,322760,13.2232704,76.73984363
TN-2023-04729,22-09-2023,Coimbatore,Location_84,15:21,Two Wheeler,SH,Rain,Brake failure,5,1,0,Male,44,Yes,Yes,464757,11.83750766,80.26803493
TN-2023-04730,08-08-2023,Trichy,Location_31,15:38,Auto Rickshaw,NH,Cloudy,Brake failure,3,2,0,Male,55,Yes,Yes,445189,11.48324465,79.35133386
TN-2023-04731,03-08-2023,Chennai,Location_33,09:20,Two Wheeler,Urban Street,Fog,Brake failure,4,3,1,Male,37,Yes,Yes,349370,9.837303973,78.760701
TN-2023-04732,04-10-2023,Coimbatore,Location_44,05:48,Truck,SH,Clear,Brake failure,2,1,0,Male,38,Yes,Yes,462463,9.01385449,76.93968831
TN-2023-04733,05-03-2023,Salem,Location_71,00:33,Car,Rural Road,Fog,Reckless driving,1,2,0,Male,46,Yes,Yes,148640,10.0895384,76.98332115
TN-2023-04734,12-12-2023,Tiruppur,Location_8,13:35,Two Wheeler,Rural Road,Sunny,Drunk drive,2,1,2,Male,60,No,No,259159,11.29114606,78.00623196
TN-2023-04735,19-10-2023,Chennai,Location_73,08:54,Car,Urban Street,Sunny,Over speed,1,0,0,Male,32,Yes,Yes,296624,11.48910018,79.3932442
TN-2023-04736,02-09-2023,Tirunelveli,Location_2,05:30,Two Wheeler,Urban Street,Clear,Poor road,5,1,0,Male,39,Yes,Yes,478604,8.932528657,76.01768322
TN-2023-04737,03-03-2023,Trichy,Location_17,16:52,Bicycle,NH,Rain,Drunk drive,3,3,0,Male,40,No,Yes,390763,10.45026056,76.1992387
TN-2023-04738,28-11-2023,Erode,Location_52,10:35,Auto Rickshaw,Rural Road,Clear,Reckless driving,2,0,0,Male,21,No,Yes,20551,11.11717158,79.91550229
TN-2023-04739,19-06-2023,Vellore,Location_45,20:26,Two Wheeler,Urban Street,Rain,Poor road,5,1,0,Male,41,No,Yes,199181,13.27978445,79.66329557
TN-2023-04740,26-09-2023,Erode,Location_37,08:27,Truck,Urban Street,Sunny,Over speed,1,3,0,Male,31,Yes,No,234165,11.02182708,79.12606518
TN-2023-04741,24-09-2023,Coimbatore,Location_42,15:34,Bus,Rural Road,Clear,Weather,2,2,0,Male,54,Yes,Yes,292638,11.19329676,78.24789405
TN-2023-04742,23-02-2023,Chennai,Location_44,03:55,Two Wheeler,NH,Clear,Over speed,2,1,0,Male,38,Yes,Yes,196085,12.20853777,76.6530705
TN-2023-04743,16-01-2023,Vellore,Location_81,02:44,Bus,NH,Rain,Over speed,2,1,2,Female,60,Yes,No,295981,10.3040157,76.46004936
TN-2023-04744,08-01-2023,Vellore,Location_38,18:56,Car,Rural Road,Sunny,Reckless driving,2,2,0,Male,56,Yes,Yes,335628,10.11127313,80.07419347
TN-2023-04745,14-04-2023,Thoothukudi,Location_99,20:57,Two Wheeler,Rural Road,Sunny,Weather,2,2,1,Male,30,Yes,Yes,329668,11.25000065,77.72134828
TN-2023-04746,28-02-2023,Erode,Location_94,00:22,Lorry,Rural Road,Rain,Poor road,5,1,1,Male,36,Yes,Yes,105993,12.30819296,79.13075178
TN-2023-04747,09-11-2023,Chennai,Location_6,22:05,Two Wheeler,Rural Road,Rain,Brake failure,1,3,0,Male,43,No,Yes,318346,11.50669944,78.05289137
TN-2023-04748,09-02-2023,Thoothukudi,Location_68,21:02,Car,Rural Road,Rain,Weather,1,2,1,Female,53,Yes,Yes,199536,9.023721323,79.28918014
TN-2023-04749,25-08-2023,Madurai,Location_51,02:15,Two Wheeler,Urban Street,Sunny,Weather,4,2,1,Male,61,Yes,Yes,191713,10.18735154,76.86988997
TN-2023-04750,04-04-2023,Erode,Location_35,09:58,Truck,SH,Sunny,Over speed,3,3,0,Male,63,No,Yes,334163,10.81928239,78.18055564
TN-2023-04751,10-08-2023,Tiruppur,Location_58,16:38,Lorry,Rural Road,Clear,Weather,2,1,2,Male,50,No,No,433465,10.88059412,77.69589859
TN-2023-04752,23-07-2023,Tiruppur,Location_57,12:27,Two Wheeler,SH,Sunny,Drunk drive,1,0,0,Male,57,Yes,Yes,464707,9.867773264,77.10274165
TN-2023-04753,18-05-2023,Thoothukudi,Location_73,10:09,Two Wheeler,NH,Fog,Brake failure,3,1,2,Male,33,Yes,Yes,54132,10.87328053,78.68970012
TN-2023-04754,27-10-2023,Madurai,Location_6,06:23,Two Wheeler,Urban Street,Fog,Over speed,3,1,0,Male,36,Yes,Yes,386888,11.70136466,78.41637982
TN-2023-04755,26-07-2023,Salem,Location_13,05:23,Lorry,SH,Rain,Poor road,5,0,0,Male,54,Yes,Yes,497224,10.57384992,78.23061054
TN-2023-04756,02-12-2023,Salem,Location_59,00:16,Two Wheeler,NH,Rain,Poor road,2,1,0,Female,31,Yes,Yes,281832,10.4824105,78.65996232
TN-2023-04757,22-03-2023,Tiruppur,Location_86,11:35,Auto Rickshaw,NH,Rain,Poor road,4,1,0,Male,61,No,Yes,281541,12.40870554,76.64138846
TN-2023-04758,06-08-2023,Tirunelveli,Location_92,02:05,Truck,NH,Clear,Poor road,3,2,0,Male,61,Yes,Yes,376956,12.16260916,77.6674675
TN-2023-04759,02-01-2023,Trichy,Location_30,15:44,Bus,Rural Road,Fog,Poor road,5,3,0,Female,47,No,No,233326,10.32322724,77.46103423
TN-2023-04760,27-06-2023,Trichy,Location_2,08:31,Two Wheeler,Urban Street,Fog,Over speed,2,1,1,Male,48,Yes,Yes,95619,13.47807338,79.46128939
TN-2023-04761,12-12-2023,Tirunelveli,Location_58,10:51,Two Wheeler,NH,Sunny,Drunk drive,1,0,0,Male,37,Yes,Yes,433084,8.365590431,76.16075834
TN-2023-04762,06-10-2023,Thoothukudi,Location_36,20:44,Car,Rural Road,Fog,Drunk drive,4,0,0,Female,61,No,No,223632,9.792976553,77.26868992
TN-2023-04763,26-05-2023,Trichy,Location_72,22:50,Car,SH,Sunny,Poor road,2,2,0,Male,60,Yes,Yes,215560,8.202567774,80.1323244
TN-2023-04764,14-11-2023,Trichy,Location_45,02:11,Bus,Urban Street,Clear,Drunk drive,5,1,0,Male,64,Yes,Yes,484630,12.6170816,77.35157792
TN-2023-04765,12-08-2023,Erode,Location_9,18:39,Car,SH,Rain,Brake failure,5,1,0,Female,24,Yes,Yes,84704,12.15596624,76.68354764
TN-2023-04766,03-03-2023,Erode,Location_65,13:53,Two Wheeler,SH,Rain,Drunk drive,5,1,0,Female,59,Yes,Yes,452595,11.76022131,79.40805428
TN-2023-04767,21-10-2023,Tirunelveli,Location_77,08:24,Auto Rickshaw,Rural Road,Sunny,Weather,5,1,0,Female,54,Yes,Yes,247467,9.179597228,76.21529886
TN-2023-04768,27-08-2023,Chennai,Location_50,16:37,Two Wheeler,SH,Cloudy,Poor road,5,0,0,Male,64,Yes,Yes,64785,11.89245367,77.91843932
TN-2023-04769,14-07-2023,Madurai,Location_79,03:35,Car,Urban Street,Sunny,Weather,4,0,1,Male,19,Yes,Yes,33022,9.954214666,79.84910992
TN-2023-04770,15-06-2023,Thoothukudi,Location_32,18:43,Lorry,SH,Clear,Weather,3,2,0,Male,39,Yes,Yes,371129,12.77713226,80.29342665
TN-2023-04771,10-08-2023,Erode,Location_98,01:16,Two Wheeler,Rural Road,Fog,Poor road,3,1,0,Male,30,No,Yes,53542,9.097259047,77.12058891
TN-2023-04772,02-03-2023,Erode,Location_43,14:09,Bus,NH,Sunny,Reckless driving,1,0,0,Male,63,Yes,Yes,363898,9.198124191,77.33291005
TN-2023-04773,09-05-2023,Salem,Location_95,02:51,Lorry,Rural Road,Clear,Over speed,3,1,0,Male,55,No,No,454235,13.2832246,78.55262997
TN-2023-04774,22-06-2023,Madurai,Location_78,03:53,Bus,NH,Rain,Reckless driving,5,3,0,Male,48,Yes,Yes,417123,10.84361081,77.01948201
TN-2023-04775,05-06-2023,Salem,Location_54,00:00,Two Wheeler,SH,Cloudy,Drunk drive,3,3,1,Female,18,Yes,Yes,410601,10.45512157,76.6783483
TN-2023-04776,20-04-2023,Chennai,Location_47,17:03,Two Wheeler,NH,Cloudy,Reckless driving,3,0,0,Male,64,No,Yes,104942,9.934617871,77.9169168
TN-2023-04777,26-09-2023,Madurai,Location_14,22:53,Two Wheeler,Rural Road,Sunny,Brake failure,5,3,0,Male,60,Yes,Yes,484077,12.57166886,76.32511636
TN-2023-04778,22-12-2023,Trichy,Location_48,14:26,Two Wheeler,Rural Road,Fog,Reckless driving,4,3,0,Male,30,Yes,Yes,226199,9.939891512,80.02398987
TN-2023-04779,05-10-2023,Salem,Location_55,22:27,Truck,Urban Street,Sunny,Reckless driving,5,0,0,Female,34,Yes,Yes,59350,9.958863338,77.5038848
TN-2023-04780,15-03-2023,Tiruppur,Location_29,20:21,Bus,Urban Street,Cloudy,Over speed,3,2,0,Male,21,Yes,Yes,225904,8.678337829,77.51327856
TN-2023-04781,26-07-2023,Thoothukudi,Location_47,09:24,Two Wheeler,NH,Cloudy,Brake failure,3,3,0,Male,60,No,Yes,178798,10.86399511,79.56117901
TN-2023-04782,06-10-2023,Trichy,Location_63,16:58,Auto Rickshaw,NH,Rain,Reckless driving,1,1,0,Male,48,No,Yes,450737,13.08062495,77.53696761
TN-2023-04783,22-11-2023,Madurai,Location_19,21:43,Bus,Urban Street,Fog,Poor road,5,3,0,Male,50,No,Yes,27937,13.26646576,79.42408086
TN-2023-04784,06-12-2023,Tiruppur,Location_91,19:11,Two Wheeler,SH,Fog,Drunk drive,1,2,0,Male,31,Yes,Yes,102537,13.47533548,76.81558906
TN-2023-04785,23-12-2023,Chennai,Location_9,15:36,Two Wheeler,Urban Street,Cloudy,Reckless driving,1,2,1,Male,38,Yes,Yes,490314,10.60188796,78.38044752
TN-2023-04786,06-12-2023,Tiruppur,Location_37,15:16,Two Wheeler,SH,Cloudy,Over speed,2,2,1,Male,39,No,Yes,333914,12.26221446,79.45830161
TN-2023-04787,23-07-2023,Erode,Location_92,22:30,Truck,NH,Sunny,Poor road,1,2,0,Male,22,Yes,Yes,431167,11.03894103,78.02454596
TN-2023-04788,10-06-2023,Tirunelveli,Location_52,14:12,Car,NH,Sunny,Over speed,3,2,0,Male,54,Yes,Yes,56095,11.0137676,76.32315969
TN-2023-04789,28-01-2023,Tiruppur,Location_57,07:26,Auto Rickshaw,Rural Road,Rain,Weather,3,3,0,Male,49,No,Yes,52298,12.43432501,79.31606057
TN-2023-04790,14-09-2023,Vellore,Location_88,20:01,Two Wheeler,Rural Road,Cloudy,Reckless driving,2,3,0,Male,20,Yes,No,54191,12.59446888,78.22325422
TN-2023-04791,14-06-2023,Chennai,Location_28,07:41,Auto Rickshaw,SH,Sunny,Drunk drive,2,3,2,Male,58,Yes,Yes,456262,8.108862899,77.42387255
TN-2023-04792,04-03-2023,Trichy,Location_36,06:09,Two Wheeler,SH,Rain,Drunk drive,5,3,2,Female,30,Yes,Yes,77132,13.1853442,80.46758081
TN-2023-04793,22-01-2023,Salem,Location_64,03:42,Bicycle,Urban Street,Fog,Poor road,2,2,0,Male,28,Yes,Yes,440514,12.52640942,79.94232502
TN-2023-04794,11-03-2023,Coimbatore,Location_18,08:35,Auto Rickshaw,SH,Cloudy,Poor road,4,2,0,Male,59,Yes,Yes,499559,11.9660982,76.17020147
TN-2023-04795,06-04-2023,Chennai,Location_89,02:42,Two Wheeler,NH,Clear,Poor road,3,1,0,Male,55,Yes,Yes,473659,12.68617805,78.67144314
TN-2023-04796,12-06-2023,Vellore,Location_35,02:57,Lorry,NH,Cloudy,Drunk drive,3,3,0,Male,41,Yes,Yes,78547,10.95494792,77.59555929
TN-2023-04797,20-03-2023,Erode,Location_68,17:57,Lorry,NH,Sunny,Reckless driving,2,2,0,Female,26,Yes,Yes,197234,12.25294937,76.16832335
TN-2023-04798,05-01-2023,Salem,Location_78,18:45,Auto Rickshaw,Rural Road,Cloudy,Weather,2,1,1,Male,30,No,Yes,318379,11.29256952,76.05083662
TN-2023-04799,12-11-2023,Thoothukudi,Location_39,10:23,Two Wheeler,SH,Clear,Drunk drive,3,1,0,Male,39,No,Yes,325030,10.98611898,78.62691002
TN-2023-04800,30-04-2023,Coimbatore,Location_90,01:58,Car,SH,Cloudy,Poor road,2,0,0,Female,35,No,Yes,291432,9.163842473,77.44058797
TN-2023-04801,29-10-2023,Tiruppur,Location_8,01:01,Auto Rickshaw,Rural Road,Sunny,Brake failure,5,3,0,Male,27,No,Yes,105614,12.66078266,79.16492293
TN-2023-04802,27-06-2023,Vellore,Location_88,09:22,Lorry,Rural Road,Fog,Reckless driving,2,2,1,Male,64,Yes,Yes,228354,12.86129059,78.04489579
TN-2023-04803,25-06-2023,Tiruppur,Location_80,14:53,Two Wheeler,Rural Road,Sunny,Weather,2,3,2,Male,29,Yes,Yes,302177,13.34155943,79.44923902
TN-2023-04804,05-08-2023,Thoothukudi,Location_84,11:42,Auto Rickshaw,NH,Rain,Drunk drive,5,1,1,Male,47,Yes,Yes,207073,8.662412663,79.65879356
TN-2023-04805,25-02-2023,Chennai,Location_15,16:17,Two Wheeler,SH,Sunny,Brake failure,5,3,0,Male,64,Yes,Yes,390299,9.60365807,78.95755482
TN-2023-04806,06-07-2023,Tirunelveli,Location_7,13:16,Lorry,Urban Street,Rain,Reckless driving,5,0,0,Male,63,No,Yes,184297,11.76973124,77.88087674
TN-2023-04807,20-08-2023,Vellore,Location_17,14:11,Two Wheeler,Urban Street,Cloudy,Weather,3,0,0,Male,36,Yes,Yes,239400,12.70376142,80.44814763
TN-2023-04808,12-09-2023,Madurai,Location_86,15:31,Two Wheeler,SH,Rain,Drunk drive,2,2,0,Male,36,No,No,311642,12.13217296,77.38008421
TN-2023-04809,14-04-2023,Trichy,Location_86,22:37,Car,SH,Cloudy,Reckless driving,5,2,0,Male,27,Yes,Yes,182040,10.50575655,78.315607
TN-2023-04810,18-03-2023,Madurai,Location_64,01:33,Two Wheeler,Rural Road,Rain,Reckless driving,5,2,2,Male,18,Yes,Yes,349042,11.99287569,78.34181846
TN-2023-04811,18-08-2023,Tirunelveli,Location_12,15:33,Car,Rural Road,Sunny,Poor road,3,2,1,Male,24,No,Yes,125292,8.396686986,77.92752483
TN-2023-04812,15-09-2023,Thoothukudi,Location_82,07:06,Car,NH,Clear,Drunk drive,4,3,0,Male,28,Yes,Yes,97165,11.64396146,76.54636894
TN-2023-04813,21-09-2023,Madurai,Location_56,00:03,Two Wheeler,Rural Road,Cloudy,Reckless driving,2,3,0,Male,21,Yes,Yes,388098,8.044070737,77.59273941
TN-2023-04814,27-11-2023,Erode,Location_46,10:51,Two Wheeler,SH,Rain,Weather,4,1,0,Male,53,Yes,Yes,96877,8.261518239,76.96835386
TN-2023-04815,01-07-2023,Vellore,Location_47,06:17,Lorry,NH,Clear,Poor road,4,1,0,Male,38,Yes,Yes,446846,12.16512557,80.04935737
TN-2023-04816,13-09-2023,Erode,Location_79,03:48,Two Wheeler,Urban Street,Rain,Reckless driving,5,2,0,Male,39,No,Yes,409560,10.62694875,78.94918787
TN-2023-04817,07-02-2023,Coimbatore,Location_16,10:42,Car,SH,Rain,Over speed,3,3,0,Male,27,Yes,Yes,438043,8.327530412,77.29516383
TN-2023-04818,25-06-2023,Tirunelveli,Location_69,19:10,Car,Urban Street,Rain,Brake failure,2,2,1,Male,40,No,Yes,431345,10.65023657,78.5457968
TN-2023-04819,27-01-2023,Coimbatore,Location_2,14:45,Auto Rickshaw,SH,Sunny,Reckless driving,2,1,1,Male,22,Yes,Yes,45361,8.345148818,79.83943385
TN-2023-04820,03-10-2023,Coimbatore,Location_92,16:33,Bus,SH,Rain,Poor road,2,3,0,Male,29,Yes,Yes,441926,9.903177338,80.20495523
TN-2023-04821,20-05-2023,Coimbatore,Location_54,17:47,Two Wheeler,NH,Clear,Poor road,4,2,1,Male,47,Yes,Yes,111238,8.86554933,76.33766003
TN-2023-04822,26-10-2023,Chennai,Location_27,11:41,Auto Rickshaw,NH,Rain,Weather,1,0,0,Male,50,No,Yes,492464,9.20654856,79.54108826
TN-2023-04823,14-10-2023,Chennai,Location_31,15:34,Bicycle,Rural Road,Fog,Reckless driving,3,1,0,Male,54,No,Yes,141921,9.075830823,80.34838641
TN-2023-04824,01-04-2023,Tirunelveli,Location_41,07:26,Car,SH,Cloudy,Reckless driving,1,0,0,Male,35,Yes,Yes,174307,10.04472359,78.10260611
TN-2023-04825,02-03-2023,Salem,Location_36,21:53,Truck,SH,Sunny,Weather,4,0,2,Male,21,No,Yes,123897,8.593495742,80.47990305
TN-2023-04826,31-12-2023,Madurai,Location_47,01:30,Car,NH,Fog,Brake failure,5,3,0,Male,44,Yes,Yes,305908,10.90255047,80.30685096
TN-2023-04827,13-12-2023,Chennai,Location_43,21:00,Car,Urban Street,Fog,Weather,1,0,0,Female,64,Yes,Yes,142415,10.23905558,78.95601107
TN-2023-04828,12-06-2023,Tiruppur,Location_65,13:24,Two Wheeler,Rural Road,Clear,Poor road,1,0,0,Female,40,No,Yes,480114,12.61925774,79.8142513
TN-2023-04829,17-12-2023,Erode,Location_50,03:35,Bus,SH,Clear,Brake failure,3,2,0,Male,23,No,Yes,280590,12.54258801,77.33453403
TN-2023-04830,23-05-2023,Chennai,Location_93,08:02,Two Wheeler,NH,Sunny,Brake failure,4,3,0,Male,24,Yes,Yes,183374,12.5335278,80.12858643
TN-2023-04831,10-09-2023,Thoothukudi,Location_1,04:00,Two Wheeler,SH,Sunny,Drunk drive,3,2,0,Male,36,Yes,Yes,29732,10.58301602,78.663501
TN-2023-04832,26-09-2023,Coimbatore,Location_72,21:18,Two Wheeler,NH,Cloudy,Poor road,5,2,0,Male,63,No,Yes,174282,9.599337348,78.29349515
TN-2023-04833,18-10-2023,Chennai,Location_57,00:41,Two Wheeler,Rural Road,Rain,Poor road,2,2,0,Male,32,Yes,Yes,256791,10.28470701,79.76047794
TN-2023-04834,06-07-2023,Tirunelveli,Location_16,21:29,Two Wheeler,Urban Street,Sunny,Weather,4,3,0,Male,39,No,Yes,398036,11.78054456,80.0027247
TN-2023-04835,31-10-2023,Erode,Location_28,11:09,Car,SH,Sunny,Poor road,5,1,0,Male,49,Yes,Yes,251609,10.91382496,79.1556208
TN-2023-04836,18-10-2023,Erode,Location_86,01:15,Two Wheeler,SH,Rain,Reckless driving,5,3,0,Female,32,Yes,Yes,312243,11.43367258,76.11266327
TN-2023-04837,27-03-2023,Salem,Location_82,07:45,Bicycle,Rural Road,Cloudy,Weather,1,2,1,Female,23,Yes,Yes,232020,11.81544756,78.68742764
TN-2023-04838,15-06-2023,Trichy,Location_22,14:47,Two Wheeler,Urban Street,Clear,Poor road,3,1,0,Female,23,Yes,No,279206,13.05099812,79.69745153
TN-2023-04839,24-04-2023,Trichy,Location_41,10:43,Two Wheeler,SH,Cloudy,Reckless driving,1,0,0,Male,23,Yes,Yes,60618,13.19186708,78.45371202
TN-2023-04840,22-12-2023,Madurai,Location_76,01:35,Two Wheeler,Rural Road,Rain,Drunk drive,1,1,0,Male,29,Yes,Yes,455781,12.62258499,80.2068639
TN-2023-04841,02-07-2023,Tiruppur,Location_19,02:08,Two Wheeler,SH,Clear,Poor road,2,3,0,Female,19,Yes,Yes,343178,8.357838231,80.03792824
TN-2023-04842,26-07-2023,Vellore,Location_89,17:18,Two Wheeler,SH,Clear,Drunk drive,3,2,1,Male,42,Yes,Yes,194017,13.38634253,78.38354313
TN-2023-04843,13-09-2023,Tirunelveli,Location_50,06:03,Car,Rural Road,Clear,Poor road,2,0,1,Male,21,Yes,Yes,397641,11.86996899,77.81723857
TN-2023-04844,23-08-2023,Thoothukudi,Location_59,05:50,Lorry,Rural Road,Cloudy,Poor road,5,0,0,Female,23,Yes,Yes,476654,11.81365682,76.24784403
TN-2023-04845,21-12-2023,Chennai,Location_69,00:31,Two Wheeler,NH,Rain,Over speed,2,2,0,Male,59,Yes,Yes,243561,8.127082902,78.84668984
TN-2023-04846,03-01-2023,Tirunelveli,Location_34,15:10,Two Wheeler,NH,Cloudy,Reckless driving,5,0,0,Male,54,Yes,Yes,217325,10.63669957,77.19684117
TN-2023-04847,27-07-2023,Tiruppur,Location_39,21:35,Two Wheeler,SH,Cloudy,Poor road,1,0,0,Male,55,Yes,Yes,228948,11.44574829,79.0080354
TN-2023-04848,16-07-2023,Trichy,Location_74,17:22,Auto Rickshaw,Rural Road,Fog,Drunk drive,2,0,0,Male,31,No,Yes,347858,9.531801721,79.59442557
TN-2023-04849,07-12-2023,Tirunelveli,Location_7,04:53,Lorry,Urban Street,Sunny,Brake failure,3,3,0,Male,64,No,Yes,216812,8.45782018,77.8391208
TN-2023-04850,05-05-2023,Chennai,Location_52,05:24,Two Wheeler,Urban Street,Cloudy,Drunk drive,2,1,0,Male,36,Yes,Yes,80014,10.92844674,76.07013132
TN-2023-04851,18-05-2023,Salem,Location_60,01:11,Two Wheeler,SH,Fog,Reckless driving,5,3,1,Male,24,Yes,Yes,484210,10.45462007,79.89364045
TN-2023-04852,05-12-2023,Madurai,Location_52,21:08,Truck,NH,Rain,Poor road,4,0,0,Female,35,Yes,Yes,140194,8.242441783,78.47053199
TN-2023-04853,25-01-2023,Salem,Location_79,19:28,Two Wheeler,Rural Road,Fog,Weather,3,3,1,Female,61,No,Yes,210830,10.85679953,77.41656147
TN-2023-04854,09-03-2023,Trichy,Location_24,11:28,Car,Rural Road,Cloudy,Over speed,5,0,1,Male,25,No,Yes,444559,8.592442602,78.8520822
TN-2023-04855,02-03-2023,Coimbatore,Location_26,12:26,Two Wheeler,NH,Rain,Weather,4,3,0,Male,45,Yes,Yes,122091,10.33502927,79.03477357
TN-2023-04856,29-01-2023,Trichy,Location_90,21:54,Car,Rural Road,Fog,Over speed,3,1,0,Male,38,Yes,Yes,93617,9.487271006,76.66360018
TN-2023-04857,19-01-2023,Madurai,Location_90,16:04,Truck,SH,Cloudy,Over speed,4,2,0,Female,52,Yes,Yes,346212,13.33758946,78.90880689
TN-2023-04858,20-06-2023,Chennai,Location_10,19:44,Bicycle,Rural Road,Rain,Weather,1,1,0,Female,64,Yes,No,25308,8.191032803,77.29009141
TN-2023-04859,15-03-2023,Tiruppur,Location_17,12:41,Lorry,Rural Road,Rain,Reckless driving,1,3,0,Male,27,Yes,No,157729,11.0801278,79.61631159
TN-2023-04860,02-03-2023,Vellore,Location_78,14:14,Two Wheeler,NH,Sunny,Poor road,2,3,0,Male,45,Yes,Yes,363972,8.835561772,80.23679761
TN-2023-04861,02-06-2023,Salem,Location_2,17:49,Car,NH,Cloudy,Drunk drive,2,1,1,Male,36,Yes,Yes,357531,9.756117614,76.46200315
TN-2023-04862,03-10-2023,Trichy,Location_77,01:22,Two Wheeler,Urban Street,Sunny,Weather,2,3,0,Male,61,Yes,Yes,210020,9.011455343,80.12811009
TN-2023-04863,17-02-2023,Tiruppur,Location_27,10:12,Bicycle,SH,Rain,Brake failure,2,2,0,Female,52,No,Yes,362966,13.47330784,80.06550689
TN-2023-04864,30-07-2023,Salem,Location_73,10:03,Bus,NH,Rain,Over speed,4,2,0,Male,45,Yes,Yes,274398,8.177991369,77.54308428
TN-2023-04865,09-12-2023,Trichy,Location_71,14:53,Two Wheeler,NH,Fog,Drunk drive,3,1,0,Male,63,Yes,Yes,111062,10.97746053,76.12975982
TN-2023-04866,19-05-2023,Madurai,Location_48,22:24,Two Wheeler,NH,Sunny,Brake failure,3,0,0,Male,20,Yes,Yes,291770,11.34423493,78.98451424
TN-2023-04867,20-04-2023,Salem,Location_74,10:49,Car,Rural Road,Clear,Drunk drive,2,2,0,Male,56,Yes,Yes,259793,12.24692343,77.5512003
TN-2023-04868,02-07-2023,Trichy,Location_9,15:41,Bicycle,SH,Cloudy,Poor road,1,3,0,Male,44,No,Yes,29449,11.44290934,76.86241373
TN-2023-04869,28-01-2023,Chennai,Location_86,11:12,Car,SH,Sunny,Brake failure,5,0,2,Female,34,Yes,Yes,312439,9.272407987,76.48854005
TN-2023-04870,16-07-2023,Madurai,Location_23,08:58,Two Wheeler,Rural Road,Rain,Reckless driving,2,2,0,Male,32,Yes,Yes,213243,11.28921386,76.88211863
TN-2023-04871,10-07-2023,Tiruppur,Location_71,20:44,Two Wheeler,Rural Road,Fog,Reckless driving,2,0,0,Male,59,Yes,Yes,259079,13.36231782,77.06860075
TN-2023-04872,11-11-2023,Tiruppur,Location_73,05:05,Two Wheeler,NH,Cloudy,Weather,1,3,0,Male,56,Yes,Yes,187500,12.66648473,79.58121483
TN-2023-04873,20-02-2023,Vellore,Location_27,10:50,Auto Rickshaw,Urban Street,Cloudy,Drunk drive,5,1,0,Male,39,Yes,Yes,88290,10.49423413,79.52718751
TN-2023-04874,29-05-2023,Tirunelveli,Location_88,10:09,Bicycle,Urban Street,Fog,Reckless driving,4,1,0,Male,37,Yes,Yes,287512,10.6257452,78.22486393
TN-2023-04875,25-09-2023,Coimbatore,Location_93,22:14,Truck,SH,Rain,Reckless driving,4,3,0,Male,44,No,Yes,355402,8.730996187,78.48996383
TN-2023-04876,19-02-2023,Chennai,Location_81,12:22,Bus,Urban Street,Clear,Weather,5,1,0,Female,52,No,Yes,279375,11.13458818,80.13017426
TN-2023-04877,03-09-2023,Madurai,Location_84,07:36,Car,NH,Fog,Weather,5,3,0,Female,64,Yes,Yes,111596,9.541338661,80.08618088
TN-2023-04878,23-04-2023,Salem,Location_71,01:15,Car,Rural Road,Clear,Reckless driving,4,1,0,Male,22,Yes,Yes,475019,8.594628405,79.72903211
TN-2023-04879,19-06-2023,Tiruppur,Location_43,12:50,Car,SH,Sunny,Drunk drive,2,2,0,Male,19,Yes,Yes,265892,10.60815173,77.68423208
TN-2023-04880,15-06-2023,Chennai,Location_7,08:46,Bus,SH,Cloudy,Drunk drive,2,1,0,Female,58,No,Yes,337487,8.247892062,77.64948579
TN-2023-04881,14-01-2023,Madurai,Location_92,05:39,Two Wheeler,Rural Road,Rain,Over speed,1,0,1,Male,62,Yes,Yes,189481,8.660724589,79.99547193
TN-2023-04882,22-07-2023,Madurai,Location_83,13:04,Bus,Urban Street,Clear,Over speed,5,1,0,Male,37,Yes,Yes,45175,9.204741922,80.16931105
TN-2023-04883,15-10-2023,Salem,Location_63,16:21,Two Wheeler,SH,Rain,Brake failure,2,1,0,Male,24,Yes,Yes,140560,13.44849039,79.59304591
TN-2023-04884,08-07-2023,Madurai,Location_84,06:40,Two Wheeler,Rural Road,Sunny,Brake failure,2,1,0,Male,53,No,Yes,256065,12.4466488,79.40711205
TN-2023-04885,04-06-2023,Thoothukudi,Location_44,15:17,Auto Rickshaw,Rural Road,Clear,Brake failure,1,1,0,Female,25,No,Yes,268248,10.97967085,78.51173806
TN-2023-04886,24-02-2023,Chennai,Location_39,12:49,Auto Rickshaw,Urban Street,Rain,Over speed,5,2,0,Male,44,Yes,Yes,299473,9.279109613,77.52250706
TN-2023-04887,01-07-2023,Trichy,Location_40,09:00,Car,Urban Street,Rain,Weather,1,3,0,Male,23,Yes,Yes,131871,10.85405939,77.08284655
TN-2023-04888,29-07-2023,Tiruppur,Location_7,20:49,Two Wheeler,NH,Sunny,Reckless driving,1,2,0,Male,41,No,Yes,272959,11.56948397,76.63152236
TN-2023-04889,16-03-2023,Tiruppur,Location_70,18:33,Auto Rickshaw,Urban Street,Fog,Poor road,4,2,0,Female,53,Yes,Yes,411252,8.025101544,79.27690806
TN-2023-04890,04-10-2023,Trichy,Location_25,03:42,Bus,Urban Street,Sunny,Poor road,1,0,2,Male,22,Yes,Yes,408157,13.43341482,79.49640468
TN-2023-04891,13-05-2023,Chennai,Location_59,02:40,Two Wheeler,Rural Road,Clear,Reckless driving,5,3,1,Female,37,Yes,Yes,457688,11.4472955,77.61390333
TN-2023-04892,09-12-2023,Coimbatore,Location_13,09:27,Car,SH,Clear,Drunk drive,2,3,0,Female,37,Yes,Yes,361062,13.43535561,76.02718536
TN-2023-04893,28-02-2023,Chennai,Location_86,01:38,Two Wheeler,Rural Road,Cloudy,Over speed,2,0,0,Female,58,Yes,Yes,282355,10.57986186,80.22368326
TN-2023-04894,11-12-2023,Erode,Location_81,14:58,Car,NH,Rain,Drunk drive,4,3,0,Male,57,Yes,Yes,84548,11.42929043,77.96690195
TN-2023-04895,01-07-2023,Madurai,Location_86,18:41,Auto Rickshaw,Rural Road,Clear,Poor road,5,1,0,Male,51,No,Yes,103504,10.53803408,80.38565971
TN-2023-04896,05-12-2023,Tirunelveli,Location_98,19:45,Two Wheeler,NH,Fog,Drunk drive,2,3,0,Female,56,Yes,Yes,394070,8.052160035,79.04811806
TN-2023-04897,17-11-2023,Salem,Location_62,03:56,Two Wheeler,Urban Street,Fog,Over speed,1,0,1,Female,27,Yes,Yes,489030,12.67440444,76.55806073
TN-2023-04898,05-03-2023,Thoothukudi,Location_8,10:02,Two Wheeler,SH,Sunny,Over speed,3,0,0,Female,20,Yes,Yes,394801,10.46950886,77.47128494
TN-2023-04899,23-11-2023,Tirunelveli,Location_45,22:16,Two Wheeler,SH,Clear,Over speed,3,0,2,Male,51,Yes,Yes,415482,10.59014906,78.95672595
TN-2023-04900,17-09-2023,Trichy,Location_18,06:25,Two Wheeler,Rural Road,Clear,Poor road,3,0,0,Male,52,Yes,No,248933,9.979802766,78.92163765
TN-2023-04901,12-07-2023,Salem,Location_88,10:17,Two Wheeler,SH,Cloudy,Over speed,3,2,0,Female,54,Yes,Yes,109464,10.37961057,77.04393442
TN-2023-04902,23-05-2023,Salem,Location_60,13:45,Two Wheeler,NH,Cloudy,Brake failure,1,3,0,Male,62,No,Yes,107637,11.99052894,76.79585588
TN-2023-04903,14-04-2023,Salem,Location_60,05:30,Two Wheeler,NH,Cloudy,Brake failure,2,2,1,Male,62,Yes,Yes,61044,11.85343465,77.2455586
TN-2023-04904,02-08-2023,Tiruppur,Location_2,08:53,Two Wheeler,Urban Street,Clear,Reckless driving,4,0,0,Male,55,Yes,No,322785,12.44608426,79.54101392
TN-2023-04905,30-08-2023,Thoothukudi,Location_66,02:16,Two Wheeler,Rural Road,Sunny,Over speed,1,0,0,Male,63,Yes,Yes,277833,13.36066888,77.08841411
TN-2023-04906,28-07-2023,Tiruppur,Location_91,11:35,Car,Urban Street,Sunny,Brake failure,2,2,0,Female,40,No,Yes,276663,10.15140878,79.15801326
TN-2023-04907,03-04-2023,Madurai,Location_14,19:47,Car,SH,Sunny,Over speed,5,1,0,Male,54,No,Yes,86628,9.864277348,79.91499825
TN-2023-04908,22-05-2023,Erode,Location_48,09:57,Two Wheeler,Urban Street,Sunny,Poor road,2,3,0,Male,38,No,Yes,215032,10.71438786,77.76230055
TN-2023-04909,22-04-2023,Vellore,Location_56,06:09,Car,SH,Fog,Brake failure,2,2,0,Male,44,Yes,No,340301,8.849142594,76.03147318
TN-2023-04910,28-02-2023,Thoothukudi,Location_12,06:54,Bicycle,NH,Clear,Poor road,2,3,0,Female,18,Yes,Yes,236840,12.16916287,76.63880981
TN-2023-04911,12-02-2023,Tirunelveli,Location_96,17:40,Truck,Rural Road,Rain,Brake failure,1,0,0,Male,26,Yes,Yes,230536,11.19625859,77.4035359
TN-2023-04912,26-07-2023,Madurai,Location_92,21:49,Two Wheeler,Rural Road,Clear,Weather,2,0,0,Male,20,No,Yes,449470,9.162373995,76.85479402
TN-2023-04913,25-09-2023,Chennai,Location_55,16:10,Lorry,Urban Street,Sunny,Weather,2,0,0,Male,55,Yes,Yes,347454,12.75219279,77.3028112
TN-2023-04914,23-10-2023,Trichy,Location_28,00:16,Two Wheeler,SH,Fog,Reckless driving,5,3,0,Male,53,No,Yes,227345,11.40484385,78.44818892
TN-2023-04915,28-04-2023,Erode,Location_89,03:35,Two Wheeler,NH,Fog,Reckless driving,5,3,0,Female,51,Yes,Yes,485627,8.187216262,76.09486495
TN-2023-04916,20-01-2023,Madurai,Location_4,13:08,Two Wheeler,SH,Clear,Reckless driving,3,2,0,Male,47,No,Yes,496318,9.080842888,76.28926671
TN-2023-04917,10-08-2023,Chennai,Location_90,12:27,Two Wheeler,Urban Street,Rain,Poor road,1,0,0,Male,48,Yes,Yes,408038,12.90101418,79.85082701
TN-2023-04918,15-06-2023,Erode,Location_36,15:32,Car,SH,Sunny,Brake failure,2,2,0,Male,47,No,No,450564,10.09575056,78.35043882
TN-2023-04919,11-05-2023,Chennai,Location_50,02:50,Bus,NH,Fog,Weather,3,1,0,Male,33,Yes,Yes,177055,13.41393372,80.20988999
TN-2023-04920,05-06-2023,Thoothukudi,Location_3,07:49,Bus,Urban Street,Sunny,Over speed,3,0,0,Female,46,Yes,Yes,364879,10.91363758,76.01474024
TN-2023-04921,03-07-2023,Chennai,Location_1,05:58,Two Wheeler,NH,Sunny,Drunk drive,1,0,1,Male,23,Yes,Yes,167587,9.143533308,76.00068036
TN-2023-04922,31-03-2023,Erode,Location_17,19:57,Two Wheeler,Urban Street,Sunny,Weather,3,1,0,Male,31,Yes,Yes,70627,11.26642008,79.32818472
TN-2023-04923,04-04-2023,Chennai,Location_71,05:28,Two Wheeler,Rural Road,Cloudy,Weather,3,2,0,Female,27,No,Yes,292215,8.562930162,78.14313724
TN-2023-04924,13-01-2023,Tirunelveli,Location_62,04:11,Two Wheeler,SH,Sunny,Over speed,1,3,0,Male,41,Yes,Yes,400826,12.44133095,80.11209256
TN-2023-04925,18-11-2023,Madurai,Location_48,08:40,Bicycle,NH,Sunny,Weather,4,0,0,Male,53,Yes,Yes,459573,11.45312115,79.53962782
TN-2023-04926,20-10-2023,Erode,Location_62,16:18,Lorry,NH,Rain,Weather,3,3,0,Male,41,Yes,No,196175,13.30170641,78.26783198
TN-2023-04927,18-08-2023,Tirunelveli,Location_69,16:53,Truck,SH,Rain,Weather,5,0,0,Male,24,No,Yes,266276,11.79559285,78.15335801
TN-2023-04928,18-11-2023,Chennai,Location_19,15:43,Bus,NH,Cloudy,Reckless driving,3,0,0,Male,54,Yes,No,107034,8.270326956,79.65031192
TN-2023-04929,19-10-2023,Chennai,Location_34,02:13,Two Wheeler,NH,Cloudy,Reckless driving,1,3,1,Male,63,Yes,Yes,216036,10.62035532,79.61667868
TN-2023-04930,26-01-2023,Salem,Location_99,16:53,Two Wheeler,NH,Sunny,Brake failure,1,0,0,Male,57,No,Yes,132354,10.92220633,77.24625164
TN-2023-04931,16-03-2023,Erode,Location_49,15:20,Car,Rural Road,Fog,Reckless driving,4,1,0,Male,55,No,Yes,65110,13.04226781,79.03586587
TN-2023-04932,30-12-2023,Thoothukudi,Location_80,11:23,Two Wheeler,NH,Fog,Weather,4,2,0,Male,42,No,Yes,388454,10.37856735,78.89441014
TN-2023-04933,26-10-2023,Chennai,Location_47,01:07,Lorry,Rural Road,Clear,Drunk drive,5,1,0,Male,60,No,Yes,198540,11.26432465,79.85238024
TN-2023-04934,30-05-2023,Trichy,Location_91,11:20,Car,SH,Fog,Reckless driving,5,2,0,Female,51,Yes,Yes,91448,9.022758576,79.90860807
TN-2023-04935,28-05-2023,Tiruppur,Location_50,15:07,Two Wheeler,Rural Road,Fog,Brake failure,3,1,0,Male,18,Yes,Yes,194531,9.345443774,77.20726289
TN-2023-04936,08-01-2023,Vellore,Location_89,15:09,Lorry,NH,Rain,Brake failure,4,1,0,Male,45,Yes,Yes,136382,11.0172272,79.95884104
TN-2023-04937,29-01-2023,Tiruppur,Location_26,19:14,Auto Rickshaw,NH,Clear,Poor road,5,2,0,Male,58,Yes,Yes,498613,11.8334151,80.16057005
TN-2023-04938,23-10-2023,Thoothukudi,Location_56,03:25,Two Wheeler,NH,Clear,Weather,3,0,0,Male,46,Yes,Yes,77846,10.39503386,76.49336499
TN-2023-04939,28-07-2023,Madurai,Location_78,14:35,Bus,Rural Road,Rain,Drunk drive,2,3,0,Male,49,Yes,No,166223,10.37967711,78.58185774
TN-2023-04940,08-05-2023,Coimbatore,Location_14,10:37,Two Wheeler,Urban Street,Fog,Drunk drive,3,3,1,Male,22,Yes,Yes,402283,9.407968579,77.96408656
TN-2023-04941,06-12-2023,Trichy,Location_78,03:40,Car,Urban Street,Fog,Poor road,5,3,0,Male,51,Yes,Yes,220263,11.83971921,77.80893116
TN-2023-04942,26-04-2023,Coimbatore,Location_25,08:34,Two Wheeler,SH,Clear,Drunk drive,3,0,0,Male,63,No,Yes,142382,8.030100816,79.17173227
TN-2023-04943,24-05-2023,Chennai,Location_4,22:27,Two Wheeler,SH,Fog,Brake failure,2,1,0,Female,43,Yes,Yes,354158,10.82022752,76.58305762
TN-2023-04944,14-11-2023,Madurai,Location_79,04:46,Car,SH,Clear,Over speed,5,1,1,Male,30,No,Yes,394525,8.019606153,79.68975614
TN-2023-04945,23-08-2023,Tirunelveli,Location_32,08:01,Two Wheeler,NH,Fog,Brake failure,3,1,2,Male,29,No,Yes,228549,11.2640735,76.11969742
TN-2023-04946,07-01-2023,Chennai,Location_82,02:57,Bus,Urban Street,Sunny,Reckless driving,5,0,0,Male,39,Yes,Yes,211020,8.169985704,78.60235388
TN-2023-04947,14-02-2023,Coimbatore,Location_78,20:43,Auto Rickshaw,Urban Street,Rain,Over speed,3,2,0,Female,26,Yes,Yes,342737,13.17036894,77.01412
TN-2023-04948,27-08-2023,Chennai,Location_65,15:04,Two Wheeler,SH,Cloudy,Drunk drive,1,0,0,Male,23,Yes,Yes,445990,10.62874569,79.00361014
TN-2023-04949,04-06-2023,Vellore,Location_61,09:27,Bus,Urban Street,Sunny,Weather,5,3,0,Female,53,Yes,Yes,100140,11.76212502,78.36444352
TN-2023-04950,30-06-2023,Salem,Location_20,14:13,Car,SH,Fog,Over speed,5,1,1,Male,27,Yes,Yes,292382,12.69479161,80.49888504
TN-2023-04951,03-08-2023,Vellore,Location_74,13:22,Two Wheeler,NH,Cloudy,Brake failure,5,0,0,Male,54,Yes,Yes,346727,9.294821628,79.88045144
TN-2023-04952,29-03-2023,Madurai,Location_10,12:15,Bus,Urban Street,Sunny,Brake failure,5,0,0,Male,49,Yes,Yes,289375,10.97029646,77.51484734
TN-2023-04953,13-09-2023,Tirunelveli,Location_88,07:07,Car,NH,Rain,Reckless driving,3,0,0,Male,21,Yes,Yes,293643,12.74897271,78.37817093
TN-2023-04954,14-03-2023,Vellore,Location_34,16:29,Car,NH,Cloudy,Brake failure,4,2,0,Male,21,Yes,Yes,51068,10.95775484,77.43015423
TN-2023-04955,28-06-2023,Erode,Location_61,16:34,Auto Rickshaw,Urban Street,Cloudy,Reckless driving,3,1,1,Male,30,Yes,Yes,164018,10.16024873,79.27957071
TN-2023-04956,31-07-2023,Tirunelveli,Location_92,00:48,Car,Rural Road,Rain,Brake failure,2,0,0,Male,33,No,Yes,251821,10.02878394,77.90085911
TN-2023-04957,20-10-2023,Coimbatore,Location_27,15:48,Bicycle,SH,Sunny,Poor road,1,0,0,Male,60,No,No,127510,10.11259598,76.51946993
TN-2023-04958,22-08-2023,Vellore,Location_40,01:24,Car,Urban Street,Cloudy,Drunk drive,3,3,0,Female,43,No,Yes,231314,11.38487209,78.97361744
TN-2023-04959,27-08-2023,Salem,Location_65,13:38,Two Wheeler,NH,Rain,Weather,3,1,2,Male,50,No,Yes,458912,8.2511363,76.04979272
TN-2023-04960,11-08-2023,Tirunelveli,Location_33,18:32,Car,SH,Sunny,Reckless driving,5,0,0,Male,21,Yes,Yes,424225,10.28460581,77.33780535
TN-2023-04961,29-04-2023,Chennai,Location_68,16:58,Two Wheeler,NH,Fog,Poor road,2,0,2,Male,43,Yes,Yes,272765,11.08324021,80.08214381
TN-2023-04962,09-11-2023,Salem,Location_71,09:05,Car,SH,Clear,Drunk drive,5,0,1,Male,26,Yes,Yes,17838,12.32509433,76.4237844
TN-2023-04963,21-09-2023,Chennai,Location_9,06:24,Bus,Urban Street,Fog,Reckless driving,5,0,0,Male,58,No,Yes,474047,10.9149656,78.26991583
TN-2023-04964,26-07-2023,Vellore,Location_16,05:36,Car,NH,Fog,Over speed,4,1,1,Male,28,Yes,Yes,262970,13.09395004,79.57789818
TN-2023-04965,05-04-2023,Trichy,Location_5,01:17,Two Wheeler,SH,Clear,Poor road,1,0,0,Male,22,Yes,Yes,81644,10.44075146,80.07025955
TN-2023-04966,10-08-2023,Trichy,Location_98,16:55,Car,SH,Fog,Reckless driving,4,2,1,Male,55,No,Yes,413931,11.57936783,78.51927233
TN-2023-04967,03-10-2023,Coimbatore,Location_23,22:38,Two Wheeler,Urban Street,Fog,Poor road,5,0,0,Female,49,No,No,322344,8.09669612,76.6893163
TN-2023-04968,19-08-2023,Salem,Location_43,20:18,Bus,SH,Rain,Poor road,1,2,0,Male,46,Yes,Yes,74743,9.311464371,80.23385838
TN-2023-04969,05-11-2023,Chennai,Location_89,06:22,Lorry,SH,Rain,Poor road,3,1,0,Male,55,Yes,Yes,114931,12.48501541,79.37166481
TN-2023-04970,29-04-2023,Thoothukudi,Location_57,06:47,Truck,NH,Sunny,Over speed,2,0,0,Male,57,Yes,Yes,197659,11.2241828,77.78051661
TN-2023-04971,25-09-2023,Salem,Location_51,11:46,Two Wheeler,Urban Street,Cloudy,Brake failure,4,3,0,Male,45,Yes,Yes,241017,13.20395184,77.24641334
TN-2023-04972,30-09-2023,Erode,Location_13,14:42,Car,Urban Street,Sunny,Poor road,2,2,0,Male,41,No,Yes,80059,12.14082041,76.2147242
TN-2023-04973,05-03-2023,Coimbatore,Location_24,01:34,Car,NH,Rain,Drunk drive,5,2,0,Male,36,No,Yes,449961,10.47315122,76.86144025
TN-2023-04974,25-10-2023,Tiruppur,Location_11,18:19,Auto Rickshaw,Rural Road,Rain,Brake failure,1,0,1,Male,18,Yes,Yes,331243,12.28291197,79.49954679
TN-2023-04975,16-12-2023,Tiruppur,Location_52,14:15,Car,NH,Clear,Over speed,3,3,0,Female,22,Yes,Yes,249483,10.5728273,76.48882435
TN-2023-04976,11-01-2023,Chennai,Location_17,00:46,Two Wheeler,NH,Clear,Weather,1,3,0,Male,40,No,No,173716,9.815928793,76.58235641
TN-2023-04977,08-04-2023,Trichy,Location_37,11:38,Two Wheeler,Rural Road,Rain,Over speed,2,0,1,Male,36,No,Yes,160706,8.259028396,76.88169716
TN-2023-04978,12-03-2023,Tirunelveli,Location_13,06:42,Bus,SH,Fog,Weather,2,1,1,Male,19,Yes,No,174396,12.7609285,77.77903778
TN-2023-04979,30-12-2023,Erode,Location_62,19:28,Bus,Urban Street,Sunny,Drunk drive,3,1,0,Male,19,Yes,Yes,417152,10.30417955,76.85082016
TN-2023-04980,27-02-2023,Tiruppur,Location_91,10:48,Auto Rickshaw,Urban Street,Rain,Weather,3,0,0,Male,26,Yes,Yes,198936,11.76843657,80.06936577
TN-2023-04981,17-10-2023,Chennai,Location_84,02:47,Two Wheeler,Rural Road,Rain,Reckless driving,1,1,0,Female,35,Yes,Yes,288078,8.841827169,77.15944907
TN-2023-04982,08-09-2023,Chennai,Location_97,04:01,Truck,Urban Street,Clear,Poor road,4,3,0,Male,33,No,Yes,120065,12.55929296,80.13769426
TN-2023-04983,03-10-2023,Vellore,Location_96,22:25,Two Wheeler,Rural Road,Sunny,Brake failure,1,1,1,Male,56,No,No,304564,12.53310245,80.43224359
TN-2023-04984,19-02-2023,Trichy,Location_8,06:09,Bicycle,SH,Sunny,Reckless driving,2,1,0,Female,26,Yes,Yes,470198,10.65181178,79.3966151
TN-2023-04985,24-12-2023,Salem,Location_56,04:46,Auto Rickshaw,Rural Road,Cloudy,Brake failure,1,1,0,Male,61,Yes,Yes,30805,11.69679589,76.03346677
TN-2023-04986,04-08-2023,Tirunelveli,Location_93,11:31,Bus,Urban Street,Rain,Poor road,5,0,0,Male,40,No,Yes,469735,10.86799613,77.08009053
TN-2023-04987,21-02-2023,Vellore,Location_83,09:30,Bus,Urban Street,Cloudy,Brake failure,1,0,0,Male,50,Yes,Yes,347639,11.03746285,77.20300036
TN-2023-04988,28-09-2023,Tiruppur,Location_70,21:16,Two Wheeler,Rural Road,Clear,Over speed,1,2,0,Female,55,No,No,169592,12.88840862,78.44239565
TN-2023-04989,25-03-2023,Tirunelveli,Location_44,19:19,Two Wheeler,Urban Street,Cloudy,Poor road,5,1,0,Male,51,Yes,Yes,497953,13.31803652,76.71277166
TN-2023-04990,20-10-2023,Coimbatore,Location_60,10:07,Two Wheeler,Rural Road,Fog,Poor road,2,0,0,Female,43,Yes,Yes,421670,10.02124419,76.34746819
TN-2023-04991,06-05-2023,Trichy,Location_41,14:33,Two Wheeler,Urban Street,Rain,Brake failure,3,3,0,Male,34,Yes,Yes,231159,9.824532194,76.79360984
TN-2023-04992,23-10-2023,Tiruppur,Location_21,16:22,Car,NH,Rain,Reckless driving,1,2,0,Male,31,No,No,335875,9.670940898,77.47308385
TN-2023-04993,13-03-2023,Chennai,Location_86,05:52,Two Wheeler,SH,Sunny,Weather,4,3,0,Male,30,Yes,Yes,143910,12.23917337,76.22144487
TN-2023-04994,23-10-2023,Tiruppur,Location_42,12:28,Auto Rickshaw,Urban Street,Cloudy,Drunk drive,3,1,1,Female,39,Yes,No,248151,11.97593603,76.87913905
TN-2023-04995,24-08-2023,Thoothukudi,Location_74,07:10,Two Wheeler,Urban Street,Sunny,Weather,4,3,0,Male,60,No,Yes,124099,8.240900418,76.75383985
TN-2023-04996,25-02-2023,Madurai,Location_74,14:44,Bus,Urban Street,Cloudy,Over speed,1,2,0,Male,35,No,Yes,334216,8.486424899,79.47561697
TN-2023-04997,26-12-2023,Madurai,Location_29,17:49,Bus,Rural Road,Cloudy,Poor road,4,1,0,Female,37,Yes,Yes,274485,11.55412695,76.76308301
TN-2023-04998,20-04-2023,Tiruppur,Location_80,16:21,Two Wheeler,Urban Street,Clear,Poor road,3,0,0,Male,47,Yes,Yes,217769,9.512272433,79.56192786
TN-2023-04999,11-07-2023,Thoothukudi,Location_65,12:34,Two Wheeler,Rural Road,Cloudy,Over speed,4,3,0,Male,52,Yes,Yes,485473,8.503691738,78.28681968
TN-2023-05000,03-04-2023,Tiruppur,Location_17,20:55,Two Wheeler,Urban Street,Sunny,Drunk drive,4,3,0,Male,50,Yes,Yes,175677,10.27515041,79.41034381
